"reelId","batch","pillarCode","pillar","lensCode","lens","questionCode","question","lifecycle","evidenceStatus","driveVerification"
"0001","Batch_001","MND","Attention, mind, and consciousness","L01","Core definition","Q01","यह वास्तव में क्या है?","planned","not_researched","not_uploaded"
"0002","Batch_001","MND","Attention, mind, and consciousness","L01","Core definition","Q02","इसका सबसे आम भ्रम क्या है?","planned","not_researched","not_uploaded"
"0003","Batch_001","MND","Attention, mind, and consciousness","L01","Core definition","Q03","हम इसे रोज़मर्रा में कैसे पहचानते हैं?","planned","not_researched","not_uploaded"
"0004","Batch_001","MND","Attention, mind, and consciousness","L01","Core definition","Q04","इसके पीछे प्रस्तावित तंत्र क्या है?","planned","not_researched","not_uploaded"
"0005","Batch_001","MND","Attention, mind, and consciousness","L01","Core definition","Q05","कौन-सा प्रमाण सबसे मजबूत है?","planned","not_researched","not_uploaded"
"0006","Batch_001","MND","Attention, mind, and consciousness","L01","Core definition","Q06","किस बात पर शोध सहमत नहीं है?","planned","not_researched","not_uploaded"
"0007","Batch_001","MND","Attention, mind, and consciousness","L01","Core definition","Q07","कौन-सा छोटा, सुरक्षित अवलोकन किया जा सकता है?","planned","not_researched","not_uploaded"
"0008","Batch_001","MND","Attention, mind, and consciousness","L01","Core definition","Q08","यह आदत क्यों कठिन लगती है?","planned","not_researched","not_uploaded"
"0009","Batch_001","MND","Attention, mind, and consciousness","L01","Core definition","Q09","संदर्भ इसे कैसे बदलता है?","planned","not_researched","not_uploaded"
"0010","Batch_001","MND","Attention, mind, and consciousness","L01","Core definition","Q10","क्या यह कारण है या केवल संबंध?","planned","not_researched","not_uploaded"
"0011","Batch_001","MND","Attention, mind, and consciousness","L01","Core definition","Q11","भाषा इसे कैसे प्रभावित करती है?","planned","not_researched","not_uploaded"
"0012","Batch_001","MND","Attention, mind, and consciousness","L01","Core definition","Q12","समय के साथ यह कैसे बदलता है?","planned","not_researched","not_uploaded"
"0013","Batch_001","MND","Attention, mind, and consciousness","L01","Core definition","Q13","किस समूह पर निष्कर्ष लागू हुआ?","planned","not_researched","not_uploaded"
"0014","Batch_001","MND","Attention, mind, and consciousness","L01","Core definition","Q14","नापने में कठिनाई क्या है?","planned","not_researched","not_uploaded"
"0015","Batch_001","MND","Attention, mind, and consciousness","L01","Core definition","Q15","कौन-सी वैकल्पिक व्याख्या संभव है?","planned","not_researched","not_uploaded"
"0016","Batch_001","MND","Attention, mind, and consciousness","L01","Core definition","Q16","छोटी सफलता क्यों मायने रखती है?","planned","not_researched","not_uploaded"
"0017","Batch_001","MND","Attention, mind, and consciousness","L01","Core definition","Q17","कौन-सी सीमा उपयोगी है?","planned","not_researched","not_uploaded"
"0018","Batch_001","MND","Attention, mind, and consciousness","L01","Core definition","Q18","क्या विशेषज्ञों में मतभेद है?","planned","not_researched","not_uploaded"
"0019","Batch_001","MND","Attention, mind, and consciousness","L01","Core definition","Q19","प्रौद्योगिकी इसे कैसे बदलती है?","planned","not_researched","not_uploaded"
"0020","Batch_001","MND","Attention, mind, and consciousness","L01","Core definition","Q20","नींद, तनाव, या पर्यावरण की भूमिका क्या है?","planned","not_researched","not_uploaded"
"0021","Batch_001","MND","Attention, mind, and consciousness","L01","Core definition","Q21","हम अपने अनुमान कैसे जाँच सकते हैं?","planned","not_researched","not_uploaded"
"0022","Batch_001","MND","Attention, mind, and consciousness","L01","Core definition","Q22","इसे नैतिक रूप से कैसे समझें?","planned","not_researched","not_uploaded"
"0023","Batch_001","MND","Attention, mind, and consciousness","L01","Core definition","Q23","यह पहचान और भूमिका से कैसे जुड़ता है?","planned","not_researched","not_uploaded"
"0024","Batch_001","MND","Attention, mind, and consciousness","L01","Core definition","Q24","कब सहायता लेना ठीक है?","planned","not_researched","not_uploaded"
"0025","Batch_001","MND","Attention, mind, and consciousness","L01","Core definition","Q25","इस परंपरा का दृष्टिकोण क्या है?","planned","not_researched","not_uploaded"
"0026","Batch_001","MND","Attention, mind, and consciousness","L01","Core definition","Q26","विज्ञान इससे क्या अलग कहता है?","planned","not_researched","not_uploaded"
"0027","Batch_001","MND","Attention, mind, and consciousness","L01","Core definition","Q27","क्या छोटा परिवर्तन व्यवहार्य है?","planned","not_researched","not_uploaded"
"0028","Batch_001","MND","Attention, mind, and consciousness","L01","Core definition","Q28","कौन-सा डेटा अभी गायब है?","planned","not_researched","not_uploaded"
"0029","Batch_001","MND","Attention, mind, and consciousness","L01","Core definition","Q29","इससे जिज्ञासा कैसे बढ़ती है?","planned","not_researched","not_uploaded"
"0030","Batch_001","MND","Attention, mind, and consciousness","L01","Core definition","Q30","मुख्य सीख क्या है?","planned","not_researched","not_uploaded"
"0031","Batch_002","MND","Attention, mind, and consciousness","L02","Common misconception","Q01","यह वास्तव में क्या है?","planned","not_researched","not_uploaded"
"0032","Batch_002","MND","Attention, mind, and consciousness","L02","Common misconception","Q02","इसका सबसे आम भ्रम क्या है?","planned","not_researched","not_uploaded"
"0033","Batch_002","MND","Attention, mind, and consciousness","L02","Common misconception","Q03","हम इसे रोज़मर्रा में कैसे पहचानते हैं?","planned","not_researched","not_uploaded"
"0034","Batch_002","MND","Attention, mind, and consciousness","L02","Common misconception","Q04","इसके पीछे प्रस्तावित तंत्र क्या है?","planned","not_researched","not_uploaded"
"0035","Batch_002","MND","Attention, mind, and consciousness","L02","Common misconception","Q05","कौन-सा प्रमाण सबसे मजबूत है?","planned","not_researched","not_uploaded"
"0036","Batch_002","MND","Attention, mind, and consciousness","L02","Common misconception","Q06","किस बात पर शोध सहमत नहीं है?","planned","not_researched","not_uploaded"
"0037","Batch_002","MND","Attention, mind, and consciousness","L02","Common misconception","Q07","कौन-सा छोटा, सुरक्षित अवलोकन किया जा सकता है?","planned","not_researched","not_uploaded"
"0038","Batch_002","MND","Attention, mind, and consciousness","L02","Common misconception","Q08","यह आदत क्यों कठिन लगती है?","planned","not_researched","not_uploaded"
"0039","Batch_002","MND","Attention, mind, and consciousness","L02","Common misconception","Q09","संदर्भ इसे कैसे बदलता है?","planned","not_researched","not_uploaded"
"0040","Batch_002","MND","Attention, mind, and consciousness","L02","Common misconception","Q10","क्या यह कारण है या केवल संबंध?","planned","not_researched","not_uploaded"
"0041","Batch_002","MND","Attention, mind, and consciousness","L02","Common misconception","Q11","भाषा इसे कैसे प्रभावित करती है?","planned","not_researched","not_uploaded"
"0042","Batch_002","MND","Attention, mind, and consciousness","L02","Common misconception","Q12","समय के साथ यह कैसे बदलता है?","planned","not_researched","not_uploaded"
"0043","Batch_002","MND","Attention, mind, and consciousness","L02","Common misconception","Q13","किस समूह पर निष्कर्ष लागू हुआ?","planned","not_researched","not_uploaded"
"0044","Batch_002","MND","Attention, mind, and consciousness","L02","Common misconception","Q14","नापने में कठिनाई क्या है?","planned","not_researched","not_uploaded"
"0045","Batch_002","MND","Attention, mind, and consciousness","L02","Common misconception","Q15","कौन-सी वैकल्पिक व्याख्या संभव है?","planned","not_researched","not_uploaded"
"0046","Batch_002","MND","Attention, mind, and consciousness","L02","Common misconception","Q16","छोटी सफलता क्यों मायने रखती है?","planned","not_researched","not_uploaded"
"0047","Batch_002","MND","Attention, mind, and consciousness","L02","Common misconception","Q17","कौन-सी सीमा उपयोगी है?","planned","not_researched","not_uploaded"
"0048","Batch_002","MND","Attention, mind, and consciousness","L02","Common misconception","Q18","क्या विशेषज्ञों में मतभेद है?","planned","not_researched","not_uploaded"
"0049","Batch_002","MND","Attention, mind, and consciousness","L02","Common misconception","Q19","प्रौद्योगिकी इसे कैसे बदलती है?","planned","not_researched","not_uploaded"
"0050","Batch_002","MND","Attention, mind, and consciousness","L02","Common misconception","Q20","नींद, तनाव, या पर्यावरण की भूमिका क्या है?","planned","not_researched","not_uploaded"
"0051","Batch_002","MND","Attention, mind, and consciousness","L02","Common misconception","Q21","हम अपने अनुमान कैसे जाँच सकते हैं?","planned","not_researched","not_uploaded"
"0052","Batch_002","MND","Attention, mind, and consciousness","L02","Common misconception","Q22","इसे नैतिक रूप से कैसे समझें?","planned","not_researched","not_uploaded"
"0053","Batch_002","MND","Attention, mind, and consciousness","L02","Common misconception","Q23","यह पहचान और भूमिका से कैसे जुड़ता है?","planned","not_researched","not_uploaded"
"0054","Batch_002","MND","Attention, mind, and consciousness","L02","Common misconception","Q24","कब सहायता लेना ठीक है?","planned","not_researched","not_uploaded"
"0055","Batch_002","MND","Attention, mind, and consciousness","L02","Common misconception","Q25","इस परंपरा का दृष्टिकोण क्या है?","planned","not_researched","not_uploaded"
"0056","Batch_002","MND","Attention, mind, and consciousness","L02","Common misconception","Q26","विज्ञान इससे क्या अलग कहता है?","planned","not_researched","not_uploaded"
"0057","Batch_002","MND","Attention, mind, and consciousness","L02","Common misconception","Q27","क्या छोटा परिवर्तन व्यवहार्य है?","planned","not_researched","not_uploaded"
"0058","Batch_002","MND","Attention, mind, and consciousness","L02","Common misconception","Q28","कौन-सा डेटा अभी गायब है?","planned","not_researched","not_uploaded"
"0059","Batch_002","MND","Attention, mind, and consciousness","L02","Common misconception","Q29","इससे जिज्ञासा कैसे बढ़ती है?","planned","not_researched","not_uploaded"
"0060","Batch_002","MND","Attention, mind, and consciousness","L02","Common misconception","Q30","मुख्य सीख क्या है?","planned","not_researched","not_uploaded"
"0061","Batch_003","MND","Attention, mind, and consciousness","L03","Everyday observation","Q01","यह वास्तव में क्या है?","planned","not_researched","not_uploaded"
"0062","Batch_003","MND","Attention, mind, and consciousness","L03","Everyday observation","Q02","इसका सबसे आम भ्रम क्या है?","planned","not_researched","not_uploaded"
"0063","Batch_003","MND","Attention, mind, and consciousness","L03","Everyday observation","Q03","हम इसे रोज़मर्रा में कैसे पहचानते हैं?","planned","not_researched","not_uploaded"
"0064","Batch_003","MND","Attention, mind, and consciousness","L03","Everyday observation","Q04","इसके पीछे प्रस्तावित तंत्र क्या है?","planned","not_researched","not_uploaded"
"0065","Batch_003","MND","Attention, mind, and consciousness","L03","Everyday observation","Q05","कौन-सा प्रमाण सबसे मजबूत है?","planned","not_researched","not_uploaded"
"0066","Batch_003","MND","Attention, mind, and consciousness","L03","Everyday observation","Q06","किस बात पर शोध सहमत नहीं है?","planned","not_researched","not_uploaded"
"0067","Batch_003","MND","Attention, mind, and consciousness","L03","Everyday observation","Q07","कौन-सा छोटा, सुरक्षित अवलोकन किया जा सकता है?","planned","not_researched","not_uploaded"
"0068","Batch_003","MND","Attention, mind, and consciousness","L03","Everyday observation","Q08","यह आदत क्यों कठिन लगती है?","planned","not_researched","not_uploaded"
"0069","Batch_003","MND","Attention, mind, and consciousness","L03","Everyday observation","Q09","संदर्भ इसे कैसे बदलता है?","planned","not_researched","not_uploaded"
"0070","Batch_003","MND","Attention, mind, and consciousness","L03","Everyday observation","Q10","क्या यह कारण है या केवल संबंध?","planned","not_researched","not_uploaded"
"0071","Batch_003","MND","Attention, mind, and consciousness","L03","Everyday observation","Q11","भाषा इसे कैसे प्रभावित करती है?","planned","not_researched","not_uploaded"
"0072","Batch_003","MND","Attention, mind, and consciousness","L03","Everyday observation","Q12","समय के साथ यह कैसे बदलता है?","planned","not_researched","not_uploaded"
"0073","Batch_003","MND","Attention, mind, and consciousness","L03","Everyday observation","Q13","किस समूह पर निष्कर्ष लागू हुआ?","planned","not_researched","not_uploaded"
"0074","Batch_003","MND","Attention, mind, and consciousness","L03","Everyday observation","Q14","नापने में कठिनाई क्या है?","planned","not_researched","not_uploaded"
"0075","Batch_003","MND","Attention, mind, and consciousness","L03","Everyday observation","Q15","कौन-सी वैकल्पिक व्याख्या संभव है?","planned","not_researched","not_uploaded"
"0076","Batch_003","MND","Attention, mind, and consciousness","L03","Everyday observation","Q16","छोटी सफलता क्यों मायने रखती है?","planned","not_researched","not_uploaded"
"0077","Batch_003","MND","Attention, mind, and consciousness","L03","Everyday observation","Q17","कौन-सी सीमा उपयोगी है?","planned","not_researched","not_uploaded"
"0078","Batch_003","MND","Attention, mind, and consciousness","L03","Everyday observation","Q18","क्या विशेषज्ञों में मतभेद है?","planned","not_researched","not_uploaded"
"0079","Batch_003","MND","Attention, mind, and consciousness","L03","Everyday observation","Q19","प्रौद्योगिकी इसे कैसे बदलती है?","planned","not_researched","not_uploaded"
"0080","Batch_003","MND","Attention, mind, and consciousness","L03","Everyday observation","Q20","नींद, तनाव, या पर्यावरण की भूमिका क्या है?","planned","not_researched","not_uploaded"
"0081","Batch_003","MND","Attention, mind, and consciousness","L03","Everyday observation","Q21","हम अपने अनुमान कैसे जाँच सकते हैं?","planned","not_researched","not_uploaded"
"0082","Batch_003","MND","Attention, mind, and consciousness","L03","Everyday observation","Q22","इसे नैतिक रूप से कैसे समझें?","planned","not_researched","not_uploaded"
"0083","Batch_003","MND","Attention, mind, and consciousness","L03","Everyday observation","Q23","यह पहचान और भूमिका से कैसे जुड़ता है?","planned","not_researched","not_uploaded"
"0084","Batch_003","MND","Attention, mind, and consciousness","L03","Everyday observation","Q24","कब सहायता लेना ठीक है?","planned","not_researched","not_uploaded"
"0085","Batch_003","MND","Attention, mind, and consciousness","L03","Everyday observation","Q25","इस परंपरा का दृष्टिकोण क्या है?","planned","not_researched","not_uploaded"
"0086","Batch_003","MND","Attention, mind, and consciousness","L03","Everyday observation","Q26","विज्ञान इससे क्या अलग कहता है?","planned","not_researched","not_uploaded"
"0087","Batch_003","MND","Attention, mind, and consciousness","L03","Everyday observation","Q27","क्या छोटा परिवर्तन व्यवहार्य है?","planned","not_researched","not_uploaded"
"0088","Batch_003","MND","Attention, mind, and consciousness","L03","Everyday observation","Q28","कौन-सा डेटा अभी गायब है?","planned","not_researched","not_uploaded"
"0089","Batch_003","MND","Attention, mind, and consciousness","L03","Everyday observation","Q29","इससे जिज्ञासा कैसे बढ़ती है?","planned","not_researched","not_uploaded"
"0090","Batch_003","MND","Attention, mind, and consciousness","L03","Everyday observation","Q30","मुख्य सीख क्या है?","planned","not_researched","not_uploaded"
"0091","Batch_004","MND","Attention, mind, and consciousness","L04","Mechanism","Q01","यह वास्तव में क्या है?","planned","not_researched","not_uploaded"
"0092","Batch_004","MND","Attention, mind, and consciousness","L04","Mechanism","Q02","इसका सबसे आम भ्रम क्या है?","planned","not_researched","not_uploaded"
"0093","Batch_004","MND","Attention, mind, and consciousness","L04","Mechanism","Q03","हम इसे रोज़मर्रा में कैसे पहचानते हैं?","planned","not_researched","not_uploaded"
"0094","Batch_004","MND","Attention, mind, and consciousness","L04","Mechanism","Q04","इसके पीछे प्रस्तावित तंत्र क्या है?","planned","not_researched","not_uploaded"
"0095","Batch_004","MND","Attention, mind, and consciousness","L04","Mechanism","Q05","कौन-सा प्रमाण सबसे मजबूत है?","planned","not_researched","not_uploaded"
"0096","Batch_004","MND","Attention, mind, and consciousness","L04","Mechanism","Q06","किस बात पर शोध सहमत नहीं है?","planned","not_researched","not_uploaded"
"0097","Batch_004","MND","Attention, mind, and consciousness","L04","Mechanism","Q07","कौन-सा छोटा, सुरक्षित अवलोकन किया जा सकता है?","planned","not_researched","not_uploaded"
"0098","Batch_004","MND","Attention, mind, and consciousness","L04","Mechanism","Q08","यह आदत क्यों कठिन लगती है?","planned","not_researched","not_uploaded"
"0099","Batch_004","MND","Attention, mind, and consciousness","L04","Mechanism","Q09","संदर्भ इसे कैसे बदलता है?","planned","not_researched","not_uploaded"
"0100","Batch_004","MND","Attention, mind, and consciousness","L04","Mechanism","Q10","क्या यह कारण है या केवल संबंध?","planned","not_researched","not_uploaded"
"0101","Batch_004","MND","Attention, mind, and consciousness","L04","Mechanism","Q11","भाषा इसे कैसे प्रभावित करती है?","planned","not_researched","not_uploaded"
"0102","Batch_004","MND","Attention, mind, and consciousness","L04","Mechanism","Q12","समय के साथ यह कैसे बदलता है?","planned","not_researched","not_uploaded"
"0103","Batch_004","MND","Attention, mind, and consciousness","L04","Mechanism","Q13","किस समूह पर निष्कर्ष लागू हुआ?","planned","not_researched","not_uploaded"
"0104","Batch_004","MND","Attention, mind, and consciousness","L04","Mechanism","Q14","नापने में कठिनाई क्या है?","planned","not_researched","not_uploaded"
"0105","Batch_004","MND","Attention, mind, and consciousness","L04","Mechanism","Q15","कौन-सी वैकल्पिक व्याख्या संभव है?","planned","not_researched","not_uploaded"
"0106","Batch_004","MND","Attention, mind, and consciousness","L04","Mechanism","Q16","छोटी सफलता क्यों मायने रखती है?","planned","not_researched","not_uploaded"
"0107","Batch_004","MND","Attention, mind, and consciousness","L04","Mechanism","Q17","कौन-सी सीमा उपयोगी है?","planned","not_researched","not_uploaded"
"0108","Batch_004","MND","Attention, mind, and consciousness","L04","Mechanism","Q18","क्या विशेषज्ञों में मतभेद है?","planned","not_researched","not_uploaded"
"0109","Batch_004","MND","Attention, mind, and consciousness","L04","Mechanism","Q19","प्रौद्योगिकी इसे कैसे बदलती है?","planned","not_researched","not_uploaded"
"0110","Batch_004","MND","Attention, mind, and consciousness","L04","Mechanism","Q20","नींद, तनाव, या पर्यावरण की भूमिका क्या है?","planned","not_researched","not_uploaded"
"0111","Batch_004","MND","Attention, mind, and consciousness","L04","Mechanism","Q21","हम अपने अनुमान कैसे जाँच सकते हैं?","planned","not_researched","not_uploaded"
"0112","Batch_004","MND","Attention, mind, and consciousness","L04","Mechanism","Q22","इसे नैतिक रूप से कैसे समझें?","planned","not_researched","not_uploaded"
"0113","Batch_004","MND","Attention, mind, and consciousness","L04","Mechanism","Q23","यह पहचान और भूमिका से कैसे जुड़ता है?","planned","not_researched","not_uploaded"
"0114","Batch_004","MND","Attention, mind, and consciousness","L04","Mechanism","Q24","कब सहायता लेना ठीक है?","planned","not_researched","not_uploaded"
"0115","Batch_004","MND","Attention, mind, and consciousness","L04","Mechanism","Q25","इस परंपरा का दृष्टिकोण क्या है?","planned","not_researched","not_uploaded"
"0116","Batch_004","MND","Attention, mind, and consciousness","L04","Mechanism","Q26","विज्ञान इससे क्या अलग कहता है?","planned","not_researched","not_uploaded"
"0117","Batch_004","MND","Attention, mind, and consciousness","L04","Mechanism","Q27","क्या छोटा परिवर्तन व्यवहार्य है?","planned","not_researched","not_uploaded"
"0118","Batch_004","MND","Attention, mind, and consciousness","L04","Mechanism","Q28","कौन-सा डेटा अभी गायब है?","planned","not_researched","not_uploaded"
"0119","Batch_004","MND","Attention, mind, and consciousness","L04","Mechanism","Q29","इससे जिज्ञासा कैसे बढ़ती है?","planned","not_researched","not_uploaded"
"0120","Batch_004","MND","Attention, mind, and consciousness","L04","Mechanism","Q30","मुख्य सीख क्या है?","planned","not_researched","not_uploaded"
"0121","Batch_005","MND","Attention, mind, and consciousness","L05","Evidence comparison","Q01","यह वास्तव में क्या है?","planned","not_researched","not_uploaded"
"0122","Batch_005","MND","Attention, mind, and consciousness","L05","Evidence comparison","Q02","इसका सबसे आम भ्रम क्या है?","planned","not_researched","not_uploaded"
"0123","Batch_005","MND","Attention, mind, and consciousness","L05","Evidence comparison","Q03","हम इसे रोज़मर्रा में कैसे पहचानते हैं?","planned","not_researched","not_uploaded"
"0124","Batch_005","MND","Attention, mind, and consciousness","L05","Evidence comparison","Q04","इसके पीछे प्रस्तावित तंत्र क्या है?","planned","not_researched","not_uploaded"
"0125","Batch_005","MND","Attention, mind, and consciousness","L05","Evidence comparison","Q05","कौन-सा प्रमाण सबसे मजबूत है?","planned","not_researched","not_uploaded"
"0126","Batch_005","MND","Attention, mind, and consciousness","L05","Evidence comparison","Q06","किस बात पर शोध सहमत नहीं है?","planned","not_researched","not_uploaded"
"0127","Batch_005","MND","Attention, mind, and consciousness","L05","Evidence comparison","Q07","कौन-सा छोटा, सुरक्षित अवलोकन किया जा सकता है?","planned","not_researched","not_uploaded"
"0128","Batch_005","MND","Attention, mind, and consciousness","L05","Evidence comparison","Q08","यह आदत क्यों कठिन लगती है?","planned","not_researched","not_uploaded"
"0129","Batch_005","MND","Attention, mind, and consciousness","L05","Evidence comparison","Q09","संदर्भ इसे कैसे बदलता है?","planned","not_researched","not_uploaded"
"0130","Batch_005","MND","Attention, mind, and consciousness","L05","Evidence comparison","Q10","क्या यह कारण है या केवल संबंध?","planned","not_researched","not_uploaded"
"0131","Batch_005","MND","Attention, mind, and consciousness","L05","Evidence comparison","Q11","भाषा इसे कैसे प्रभावित करती है?","planned","not_researched","not_uploaded"
"0132","Batch_005","MND","Attention, mind, and consciousness","L05","Evidence comparison","Q12","समय के साथ यह कैसे बदलता है?","planned","not_researched","not_uploaded"
"0133","Batch_005","MND","Attention, mind, and consciousness","L05","Evidence comparison","Q13","किस समूह पर निष्कर्ष लागू हुआ?","planned","not_researched","not_uploaded"
"0134","Batch_005","MND","Attention, mind, and consciousness","L05","Evidence comparison","Q14","नापने में कठिनाई क्या है?","planned","not_researched","not_uploaded"
"0135","Batch_005","MND","Attention, mind, and consciousness","L05","Evidence comparison","Q15","कौन-सी वैकल्पिक व्याख्या संभव है?","planned","not_researched","not_uploaded"
"0136","Batch_005","MND","Attention, mind, and consciousness","L05","Evidence comparison","Q16","छोटी सफलता क्यों मायने रखती है?","planned","not_researched","not_uploaded"
"0137","Batch_005","MND","Attention, mind, and consciousness","L05","Evidence comparison","Q17","कौन-सी सीमा उपयोगी है?","planned","not_researched","not_uploaded"
"0138","Batch_005","MND","Attention, mind, and consciousness","L05","Evidence comparison","Q18","क्या विशेषज्ञों में मतभेद है?","planned","not_researched","not_uploaded"
"0139","Batch_005","MND","Attention, mind, and consciousness","L05","Evidence comparison","Q19","प्रौद्योगिकी इसे कैसे बदलती है?","planned","not_researched","not_uploaded"
"0140","Batch_005","MND","Attention, mind, and consciousness","L05","Evidence comparison","Q20","नींद, तनाव, या पर्यावरण की भूमिका क्या है?","planned","not_researched","not_uploaded"
"0141","Batch_005","MND","Attention, mind, and consciousness","L05","Evidence comparison","Q21","हम अपने अनुमान कैसे जाँच सकते हैं?","planned","not_researched","not_uploaded"
"0142","Batch_005","MND","Attention, mind, and consciousness","L05","Evidence comparison","Q22","इसे नैतिक रूप से कैसे समझें?","planned","not_researched","not_uploaded"
"0143","Batch_005","MND","Attention, mind, and consciousness","L05","Evidence comparison","Q23","यह पहचान और भूमिका से कैसे जुड़ता है?","planned","not_researched","not_uploaded"
"0144","Batch_005","MND","Attention, mind, and consciousness","L05","Evidence comparison","Q24","कब सहायता लेना ठीक है?","planned","not_researched","not_uploaded"
"0145","Batch_005","MND","Attention, mind, and consciousness","L05","Evidence comparison","Q25","इस परंपरा का दृष्टिकोण क्या है?","planned","not_researched","not_uploaded"
"0146","Batch_005","MND","Attention, mind, and consciousness","L05","Evidence comparison","Q26","विज्ञान इससे क्या अलग कहता है?","planned","not_researched","not_uploaded"
"0147","Batch_005","MND","Attention, mind, and consciousness","L05","Evidence comparison","Q27","क्या छोटा परिवर्तन व्यवहार्य है?","planned","not_researched","not_uploaded"
"0148","Batch_005","MND","Attention, mind, and consciousness","L05","Evidence comparison","Q28","कौन-सा डेटा अभी गायब है?","planned","not_researched","not_uploaded"
"0149","Batch_005","MND","Attention, mind, and consciousness","L05","Evidence comparison","Q29","इससे जिज्ञासा कैसे बढ़ती है?","planned","not_researched","not_uploaded"
"0150","Batch_005","MND","Attention, mind, and consciousness","L05","Evidence comparison","Q30","मुख्य सीख क्या है?","planned","not_researched","not_uploaded"
"0151","Batch_006","MND","Attention, mind, and consciousness","L06","Practical experiment","Q01","यह वास्तव में क्या है?","planned","not_researched","not_uploaded"
"0152","Batch_006","MND","Attention, mind, and consciousness","L06","Practical experiment","Q02","इसका सबसे आम भ्रम क्या है?","planned","not_researched","not_uploaded"
"0153","Batch_006","MND","Attention, mind, and consciousness","L06","Practical experiment","Q03","हम इसे रोज़मर्रा में कैसे पहचानते हैं?","planned","not_researched","not_uploaded"
"0154","Batch_006","MND","Attention, mind, and consciousness","L06","Practical experiment","Q04","इसके पीछे प्रस्तावित तंत्र क्या है?","planned","not_researched","not_uploaded"
"0155","Batch_006","MND","Attention, mind, and consciousness","L06","Practical experiment","Q05","कौन-सा प्रमाण सबसे मजबूत है?","planned","not_researched","not_uploaded"
"0156","Batch_006","MND","Attention, mind, and consciousness","L06","Practical experiment","Q06","किस बात पर शोध सहमत नहीं है?","planned","not_researched","not_uploaded"
"0157","Batch_006","MND","Attention, mind, and consciousness","L06","Practical experiment","Q07","कौन-सा छोटा, सुरक्षित अवलोकन किया जा सकता है?","planned","not_researched","not_uploaded"
"0158","Batch_006","MND","Attention, mind, and consciousness","L06","Practical experiment","Q08","यह आदत क्यों कठिन लगती है?","planned","not_researched","not_uploaded"
"0159","Batch_006","MND","Attention, mind, and consciousness","L06","Practical experiment","Q09","संदर्भ इसे कैसे बदलता है?","planned","not_researched","not_uploaded"
"0160","Batch_006","MND","Attention, mind, and consciousness","L06","Practical experiment","Q10","क्या यह कारण है या केवल संबंध?","planned","not_researched","not_uploaded"
"0161","Batch_006","MND","Attention, mind, and consciousness","L06","Practical experiment","Q11","भाषा इसे कैसे प्रभावित करती है?","planned","not_researched","not_uploaded"
"0162","Batch_006","MND","Attention, mind, and consciousness","L06","Practical experiment","Q12","समय के साथ यह कैसे बदलता है?","planned","not_researched","not_uploaded"
"0163","Batch_006","MND","Attention, mind, and consciousness","L06","Practical experiment","Q13","किस समूह पर निष्कर्ष लागू हुआ?","planned","not_researched","not_uploaded"
"0164","Batch_006","MND","Attention, mind, and consciousness","L06","Practical experiment","Q14","नापने में कठिनाई क्या है?","planned","not_researched","not_uploaded"
"0165","Batch_006","MND","Attention, mind, and consciousness","L06","Practical experiment","Q15","कौन-सी वैकल्पिक व्याख्या संभव है?","planned","not_researched","not_uploaded"
"0166","Batch_006","MND","Attention, mind, and consciousness","L06","Practical experiment","Q16","छोटी सफलता क्यों मायने रखती है?","planned","not_researched","not_uploaded"
"0167","Batch_006","MND","Attention, mind, and consciousness","L06","Practical experiment","Q17","कौन-सी सीमा उपयोगी है?","planned","not_researched","not_uploaded"
"0168","Batch_006","MND","Attention, mind, and consciousness","L06","Practical experiment","Q18","क्या विशेषज्ञों में मतभेद है?","planned","not_researched","not_uploaded"
"0169","Batch_006","MND","Attention, mind, and consciousness","L06","Practical experiment","Q19","प्रौद्योगिकी इसे कैसे बदलती है?","planned","not_researched","not_uploaded"
"0170","Batch_006","MND","Attention, mind, and consciousness","L06","Practical experiment","Q20","नींद, तनाव, या पर्यावरण की भूमिका क्या है?","planned","not_researched","not_uploaded"
"0171","Batch_006","MND","Attention, mind, and consciousness","L06","Practical experiment","Q21","हम अपने अनुमान कैसे जाँच सकते हैं?","planned","not_researched","not_uploaded"
"0172","Batch_006","MND","Attention, mind, and consciousness","L06","Practical experiment","Q22","इसे नैतिक रूप से कैसे समझें?","planned","not_researched","not_uploaded"
"0173","Batch_006","MND","Attention, mind, and consciousness","L06","Practical experiment","Q23","यह पहचान और भूमिका से कैसे जुड़ता है?","planned","not_researched","not_uploaded"
"0174","Batch_006","MND","Attention, mind, and consciousness","L06","Practical experiment","Q24","कब सहायता लेना ठीक है?","planned","not_researched","not_uploaded"
"0175","Batch_006","MND","Attention, mind, and consciousness","L06","Practical experiment","Q25","इस परंपरा का दृष्टिकोण क्या है?","planned","not_researched","not_uploaded"
"0176","Batch_006","MND","Attention, mind, and consciousness","L06","Practical experiment","Q26","विज्ञान इससे क्या अलग कहता है?","planned","not_researched","not_uploaded"
"0177","Batch_006","MND","Attention, mind, and consciousness","L06","Practical experiment","Q27","क्या छोटा परिवर्तन व्यवहार्य है?","planned","not_researched","not_uploaded"
"0178","Batch_006","MND","Attention, mind, and consciousness","L06","Practical experiment","Q28","कौन-सा डेटा अभी गायब है?","planned","not_researched","not_uploaded"
"0179","Batch_006","MND","Attention, mind, and consciousness","L06","Practical experiment","Q29","इससे जिज्ञासा कैसे बढ़ती है?","planned","not_researched","not_uploaded"
"0180","Batch_006","MND","Attention, mind, and consciousness","L06","Practical experiment","Q30","मुख्य सीख क्या है?","planned","not_researched","not_uploaded"
"0181","Batch_007","MND","Attention, mind, and consciousness","L07","Boundary condition","Q01","यह वास्तव में क्या है?","planned","not_researched","not_uploaded"
"0182","Batch_007","MND","Attention, mind, and consciousness","L07","Boundary condition","Q02","इसका सबसे आम भ्रम क्या है?","planned","not_researched","not_uploaded"
"0183","Batch_007","MND","Attention, mind, and consciousness","L07","Boundary condition","Q03","हम इसे रोज़मर्रा में कैसे पहचानते हैं?","planned","not_researched","not_uploaded"
"0184","Batch_007","MND","Attention, mind, and consciousness","L07","Boundary condition","Q04","इसके पीछे प्रस्तावित तंत्र क्या है?","planned","not_researched","not_uploaded"
"0185","Batch_007","MND","Attention, mind, and consciousness","L07","Boundary condition","Q05","कौन-सा प्रमाण सबसे मजबूत है?","planned","not_researched","not_uploaded"
"0186","Batch_007","MND","Attention, mind, and consciousness","L07","Boundary condition","Q06","किस बात पर शोध सहमत नहीं है?","planned","not_researched","not_uploaded"
"0187","Batch_007","MND","Attention, mind, and consciousness","L07","Boundary condition","Q07","कौन-सा छोटा, सुरक्षित अवलोकन किया जा सकता है?","planned","not_researched","not_uploaded"
"0188","Batch_007","MND","Attention, mind, and consciousness","L07","Boundary condition","Q08","यह आदत क्यों कठिन लगती है?","planned","not_researched","not_uploaded"
"0189","Batch_007","MND","Attention, mind, and consciousness","L07","Boundary condition","Q09","संदर्भ इसे कैसे बदलता है?","planned","not_researched","not_uploaded"
"0190","Batch_007","MND","Attention, mind, and consciousness","L07","Boundary condition","Q10","क्या यह कारण है या केवल संबंध?","planned","not_researched","not_uploaded"
"0191","Batch_007","MND","Attention, mind, and consciousness","L07","Boundary condition","Q11","भाषा इसे कैसे प्रभावित करती है?","planned","not_researched","not_uploaded"
"0192","Batch_007","MND","Attention, mind, and consciousness","L07","Boundary condition","Q12","समय के साथ यह कैसे बदलता है?","planned","not_researched","not_uploaded"
"0193","Batch_007","MND","Attention, mind, and consciousness","L07","Boundary condition","Q13","किस समूह पर निष्कर्ष लागू हुआ?","planned","not_researched","not_uploaded"
"0194","Batch_007","MND","Attention, mind, and consciousness","L07","Boundary condition","Q14","नापने में कठिनाई क्या है?","planned","not_researched","not_uploaded"
"0195","Batch_007","MND","Attention, mind, and consciousness","L07","Boundary condition","Q15","कौन-सी वैकल्पिक व्याख्या संभव है?","planned","not_researched","not_uploaded"
"0196","Batch_007","MND","Attention, mind, and consciousness","L07","Boundary condition","Q16","छोटी सफलता क्यों मायने रखती है?","planned","not_researched","not_uploaded"
"0197","Batch_007","MND","Attention, mind, and consciousness","L07","Boundary condition","Q17","कौन-सी सीमा उपयोगी है?","planned","not_researched","not_uploaded"
"0198","Batch_007","MND","Attention, mind, and consciousness","L07","Boundary condition","Q18","क्या विशेषज्ञों में मतभेद है?","planned","not_researched","not_uploaded"
"0199","Batch_007","MND","Attention, mind, and consciousness","L07","Boundary condition","Q19","प्रौद्योगिकी इसे कैसे बदलती है?","planned","not_researched","not_uploaded"
"0200","Batch_007","MND","Attention, mind, and consciousness","L07","Boundary condition","Q20","नींद, तनाव, या पर्यावरण की भूमिका क्या है?","planned","not_researched","not_uploaded"
"0201","Batch_007","MND","Attention, mind, and consciousness","L07","Boundary condition","Q21","हम अपने अनुमान कैसे जाँच सकते हैं?","planned","not_researched","not_uploaded"
"0202","Batch_007","MND","Attention, mind, and consciousness","L07","Boundary condition","Q22","इसे नैतिक रूप से कैसे समझें?","planned","not_researched","not_uploaded"
"0203","Batch_007","MND","Attention, mind, and consciousness","L07","Boundary condition","Q23","यह पहचान और भूमिका से कैसे जुड़ता है?","planned","not_researched","not_uploaded"
"0204","Batch_007","MND","Attention, mind, and consciousness","L07","Boundary condition","Q24","कब सहायता लेना ठीक है?","planned","not_researched","not_uploaded"
"0205","Batch_007","MND","Attention, mind, and consciousness","L07","Boundary condition","Q25","इस परंपरा का दृष्टिकोण क्या है?","planned","not_researched","not_uploaded"
"0206","Batch_007","MND","Attention, mind, and consciousness","L07","Boundary condition","Q26","विज्ञान इससे क्या अलग कहता है?","planned","not_researched","not_uploaded"
"0207","Batch_007","MND","Attention, mind, and consciousness","L07","Boundary condition","Q27","क्या छोटा परिवर्तन व्यवहार्य है?","planned","not_researched","not_uploaded"
"0208","Batch_007","MND","Attention, mind, and consciousness","L07","Boundary condition","Q28","कौन-सा डेटा अभी गायब है?","planned","not_researched","not_uploaded"
"0209","Batch_007","MND","Attention, mind, and consciousness","L07","Boundary condition","Q29","इससे जिज्ञासा कैसे बढ़ती है?","planned","not_researched","not_uploaded"
"0210","Batch_007","MND","Attention, mind, and consciousness","L07","Boundary condition","Q30","मुख्य सीख क्या है?","planned","not_researched","not_uploaded"
"0211","Batch_008","MND","Attention, mind, and consciousness","L08","History of an idea","Q01","यह वास्तव में क्या है?","planned","not_researched","not_uploaded"
"0212","Batch_008","MND","Attention, mind, and consciousness","L08","History of an idea","Q02","इसका सबसे आम भ्रम क्या है?","planned","not_researched","not_uploaded"
"0213","Batch_008","MND","Attention, mind, and consciousness","L08","History of an idea","Q03","हम इसे रोज़मर्रा में कैसे पहचानते हैं?","planned","not_researched","not_uploaded"
"0214","Batch_008","MND","Attention, mind, and consciousness","L08","History of an idea","Q04","इसके पीछे प्रस्तावित तंत्र क्या है?","planned","not_researched","not_uploaded"
"0215","Batch_008","MND","Attention, mind, and consciousness","L08","History of an idea","Q05","कौन-सा प्रमाण सबसे मजबूत है?","planned","not_researched","not_uploaded"
"0216","Batch_008","MND","Attention, mind, and consciousness","L08","History of an idea","Q06","किस बात पर शोध सहमत नहीं है?","planned","not_researched","not_uploaded"
"0217","Batch_008","MND","Attention, mind, and consciousness","L08","History of an idea","Q07","कौन-सा छोटा, सुरक्षित अवलोकन किया जा सकता है?","planned","not_researched","not_uploaded"
"0218","Batch_008","MND","Attention, mind, and consciousness","L08","History of an idea","Q08","यह आदत क्यों कठिन लगती है?","planned","not_researched","not_uploaded"
"0219","Batch_008","MND","Attention, mind, and consciousness","L08","History of an idea","Q09","संदर्भ इसे कैसे बदलता है?","planned","not_researched","not_uploaded"
"0220","Batch_008","MND","Attention, mind, and consciousness","L08","History of an idea","Q10","क्या यह कारण है या केवल संबंध?","planned","not_researched","not_uploaded"
"0221","Batch_008","MND","Attention, mind, and consciousness","L08","History of an idea","Q11","भाषा इसे कैसे प्रभावित करती है?","planned","not_researched","not_uploaded"
"0222","Batch_008","MND","Attention, mind, and consciousness","L08","History of an idea","Q12","समय के साथ यह कैसे बदलता है?","planned","not_researched","not_uploaded"
"0223","Batch_008","MND","Attention, mind, and consciousness","L08","History of an idea","Q13","किस समूह पर निष्कर्ष लागू हुआ?","planned","not_researched","not_uploaded"
"0224","Batch_008","MND","Attention, mind, and consciousness","L08","History of an idea","Q14","नापने में कठिनाई क्या है?","planned","not_researched","not_uploaded"
"0225","Batch_008","MND","Attention, mind, and consciousness","L08","History of an idea","Q15","कौन-सी वैकल्पिक व्याख्या संभव है?","planned","not_researched","not_uploaded"
"0226","Batch_008","MND","Attention, mind, and consciousness","L08","History of an idea","Q16","छोटी सफलता क्यों मायने रखती है?","planned","not_researched","not_uploaded"
"0227","Batch_008","MND","Attention, mind, and consciousness","L08","History of an idea","Q17","कौन-सी सीमा उपयोगी है?","planned","not_researched","not_uploaded"
"0228","Batch_008","MND","Attention, mind, and consciousness","L08","History of an idea","Q18","क्या विशेषज्ञों में मतभेद है?","planned","not_researched","not_uploaded"
"0229","Batch_008","MND","Attention, mind, and consciousness","L08","History of an idea","Q19","प्रौद्योगिकी इसे कैसे बदलती है?","planned","not_researched","not_uploaded"
"0230","Batch_008","MND","Attention, mind, and consciousness","L08","History of an idea","Q20","नींद, तनाव, या पर्यावरण की भूमिका क्या है?","planned","not_researched","not_uploaded"
"0231","Batch_008","MND","Attention, mind, and consciousness","L08","History of an idea","Q21","हम अपने अनुमान कैसे जाँच सकते हैं?","planned","not_researched","not_uploaded"
"0232","Batch_008","MND","Attention, mind, and consciousness","L08","History of an idea","Q22","इसे नैतिक रूप से कैसे समझें?","planned","not_researched","not_uploaded"
"0233","Batch_008","MND","Attention, mind, and consciousness","L08","History of an idea","Q23","यह पहचान और भूमिका से कैसे जुड़ता है?","planned","not_researched","not_uploaded"
"0234","Batch_008","MND","Attention, mind, and consciousness","L08","History of an idea","Q24","कब सहायता लेना ठीक है?","planned","not_researched","not_uploaded"
"0235","Batch_008","MND","Attention, mind, and consciousness","L08","History of an idea","Q25","इस परंपरा का दृष्टिकोण क्या है?","planned","not_researched","not_uploaded"
"0236","Batch_008","MND","Attention, mind, and consciousness","L08","History of an idea","Q26","विज्ञान इससे क्या अलग कहता है?","planned","not_researched","not_uploaded"
"0237","Batch_008","MND","Attention, mind, and consciousness","L08","History of an idea","Q27","क्या छोटा परिवर्तन व्यवहार्य है?","planned","not_researched","not_uploaded"
"0238","Batch_008","MND","Attention, mind, and consciousness","L08","History of an idea","Q28","कौन-सा डेटा अभी गायब है?","planned","not_researched","not_uploaded"
"0239","Batch_008","MND","Attention, mind, and consciousness","L08","History of an idea","Q29","इससे जिज्ञासा कैसे बढ़ती है?","planned","not_researched","not_uploaded"
"0240","Batch_008","MND","Attention, mind, and consciousness","L08","History of an idea","Q30","मुख्य सीख क्या है?","planned","not_researched","not_uploaded"
"0241","Batch_009","MND","Attention, mind, and consciousness","L09","Cross-cultural perspective","Q01","यह वास्तव में क्या है?","planned","not_researched","not_uploaded"
"0242","Batch_009","MND","Attention, mind, and consciousness","L09","Cross-cultural perspective","Q02","इसका सबसे आम भ्रम क्या है?","planned","not_researched","not_uploaded"
"0243","Batch_009","MND","Attention, mind, and consciousness","L09","Cross-cultural perspective","Q03","हम इसे रोज़मर्रा में कैसे पहचानते हैं?","planned","not_researched","not_uploaded"
"0244","Batch_009","MND","Attention, mind, and consciousness","L09","Cross-cultural perspective","Q04","इसके पीछे प्रस्तावित तंत्र क्या है?","planned","not_researched","not_uploaded"
"0245","Batch_009","MND","Attention, mind, and consciousness","L09","Cross-cultural perspective","Q05","कौन-सा प्रमाण सबसे मजबूत है?","planned","not_researched","not_uploaded"
"0246","Batch_009","MND","Attention, mind, and consciousness","L09","Cross-cultural perspective","Q06","किस बात पर शोध सहमत नहीं है?","planned","not_researched","not_uploaded"
"0247","Batch_009","MND","Attention, mind, and consciousness","L09","Cross-cultural perspective","Q07","कौन-सा छोटा, सुरक्षित अवलोकन किया जा सकता है?","planned","not_researched","not_uploaded"
"0248","Batch_009","MND","Attention, mind, and consciousness","L09","Cross-cultural perspective","Q08","यह आदत क्यों कठिन लगती है?","planned","not_researched","not_uploaded"
"0249","Batch_009","MND","Attention, mind, and consciousness","L09","Cross-cultural perspective","Q09","संदर्भ इसे कैसे बदलता है?","planned","not_researched","not_uploaded"
"0250","Batch_009","MND","Attention, mind, and consciousness","L09","Cross-cultural perspective","Q10","क्या यह कारण है या केवल संबंध?","planned","not_researched","not_uploaded"
"0251","Batch_009","MND","Attention, mind, and consciousness","L09","Cross-cultural perspective","Q11","भाषा इसे कैसे प्रभावित करती है?","planned","not_researched","not_uploaded"
"0252","Batch_009","MND","Attention, mind, and consciousness","L09","Cross-cultural perspective","Q12","समय के साथ यह कैसे बदलता है?","planned","not_researched","not_uploaded"
"0253","Batch_009","MND","Attention, mind, and consciousness","L09","Cross-cultural perspective","Q13","किस समूह पर निष्कर्ष लागू हुआ?","planned","not_researched","not_uploaded"
"0254","Batch_009","MND","Attention, mind, and consciousness","L09","Cross-cultural perspective","Q14","नापने में कठिनाई क्या है?","planned","not_researched","not_uploaded"
"0255","Batch_009","MND","Attention, mind, and consciousness","L09","Cross-cultural perspective","Q15","कौन-सी वैकल्पिक व्याख्या संभव है?","planned","not_researched","not_uploaded"
"0256","Batch_009","MND","Attention, mind, and consciousness","L09","Cross-cultural perspective","Q16","छोटी सफलता क्यों मायने रखती है?","planned","not_researched","not_uploaded"
"0257","Batch_009","MND","Attention, mind, and consciousness","L09","Cross-cultural perspective","Q17","कौन-सी सीमा उपयोगी है?","planned","not_researched","not_uploaded"
"0258","Batch_009","MND","Attention, mind, and consciousness","L09","Cross-cultural perspective","Q18","क्या विशेषज्ञों में मतभेद है?","planned","not_researched","not_uploaded"
"0259","Batch_009","MND","Attention, mind, and consciousness","L09","Cross-cultural perspective","Q19","प्रौद्योगिकी इसे कैसे बदलती है?","planned","not_researched","not_uploaded"
"0260","Batch_009","MND","Attention, mind, and consciousness","L09","Cross-cultural perspective","Q20","नींद, तनाव, या पर्यावरण की भूमिका क्या है?","planned","not_researched","not_uploaded"
"0261","Batch_009","MND","Attention, mind, and consciousness","L09","Cross-cultural perspective","Q21","हम अपने अनुमान कैसे जाँच सकते हैं?","planned","not_researched","not_uploaded"
"0262","Batch_009","MND","Attention, mind, and consciousness","L09","Cross-cultural perspective","Q22","इसे नैतिक रूप से कैसे समझें?","planned","not_researched","not_uploaded"
"0263","Batch_009","MND","Attention, mind, and consciousness","L09","Cross-cultural perspective","Q23","यह पहचान और भूमिका से कैसे जुड़ता है?","planned","not_researched","not_uploaded"
"0264","Batch_009","MND","Attention, mind, and consciousness","L09","Cross-cultural perspective","Q24","कब सहायता लेना ठीक है?","planned","not_researched","not_uploaded"
"0265","Batch_009","MND","Attention, mind, and consciousness","L09","Cross-cultural perspective","Q25","इस परंपरा का दृष्टिकोण क्या है?","planned","not_researched","not_uploaded"
"0266","Batch_009","MND","Attention, mind, and consciousness","L09","Cross-cultural perspective","Q26","विज्ञान इससे क्या अलग कहता है?","planned","not_researched","not_uploaded"
"0267","Batch_009","MND","Attention, mind, and consciousness","L09","Cross-cultural perspective","Q27","क्या छोटा परिवर्तन व्यवहार्य है?","planned","not_researched","not_uploaded"
"0268","Batch_009","MND","Attention, mind, and consciousness","L09","Cross-cultural perspective","Q28","कौन-सा डेटा अभी गायब है?","planned","not_researched","not_uploaded"
"0269","Batch_009","MND","Attention, mind, and consciousness","L09","Cross-cultural perspective","Q29","इससे जिज्ञासा कैसे बढ़ती है?","planned","not_researched","not_uploaded"
"0270","Batch_009","MND","Attention, mind, and consciousness","L09","Cross-cultural perspective","Q30","मुख्य सीख क्या है?","planned","not_researched","not_uploaded"
"0271","Batch_010","MND","Attention, mind, and consciousness","L10","Ethical implication","Q01","यह वास्तव में क्या है?","planned","not_researched","not_uploaded"
"0272","Batch_010","MND","Attention, mind, and consciousness","L10","Ethical implication","Q02","इसका सबसे आम भ्रम क्या है?","planned","not_researched","not_uploaded"
"0273","Batch_010","MND","Attention, mind, and consciousness","L10","Ethical implication","Q03","हम इसे रोज़मर्रा में कैसे पहचानते हैं?","planned","not_researched","not_uploaded"
"0274","Batch_010","MND","Attention, mind, and consciousness","L10","Ethical implication","Q04","इसके पीछे प्रस्तावित तंत्र क्या है?","planned","not_researched","not_uploaded"
"0275","Batch_010","MND","Attention, mind, and consciousness","L10","Ethical implication","Q05","कौन-सा प्रमाण सबसे मजबूत है?","planned","not_researched","not_uploaded"
"0276","Batch_010","MND","Attention, mind, and consciousness","L10","Ethical implication","Q06","किस बात पर शोध सहमत नहीं है?","planned","not_researched","not_uploaded"
"0277","Batch_010","MND","Attention, mind, and consciousness","L10","Ethical implication","Q07","कौन-सा छोटा, सुरक्षित अवलोकन किया जा सकता है?","planned","not_researched","not_uploaded"
"0278","Batch_010","MND","Attention, mind, and consciousness","L10","Ethical implication","Q08","यह आदत क्यों कठिन लगती है?","planned","not_researched","not_uploaded"
"0279","Batch_010","MND","Attention, mind, and consciousness","L10","Ethical implication","Q09","संदर्भ इसे कैसे बदलता है?","planned","not_researched","not_uploaded"
"0280","Batch_010","MND","Attention, mind, and consciousness","L10","Ethical implication","Q10","क्या यह कारण है या केवल संबंध?","planned","not_researched","not_uploaded"
"0281","Batch_010","MND","Attention, mind, and consciousness","L10","Ethical implication","Q11","भाषा इसे कैसे प्रभावित करती है?","planned","not_researched","not_uploaded"
"0282","Batch_010","MND","Attention, mind, and consciousness","L10","Ethical implication","Q12","समय के साथ यह कैसे बदलता है?","planned","not_researched","not_uploaded"
"0283","Batch_010","MND","Attention, mind, and consciousness","L10","Ethical implication","Q13","किस समूह पर निष्कर्ष लागू हुआ?","planned","not_researched","not_uploaded"
"0284","Batch_010","MND","Attention, mind, and consciousness","L10","Ethical implication","Q14","नापने में कठिनाई क्या है?","planned","not_researched","not_uploaded"
"0285","Batch_010","MND","Attention, mind, and consciousness","L10","Ethical implication","Q15","कौन-सी वैकल्पिक व्याख्या संभव है?","planned","not_researched","not_uploaded"
"0286","Batch_010","MND","Attention, mind, and consciousness","L10","Ethical implication","Q16","छोटी सफलता क्यों मायने रखती है?","planned","not_researched","not_uploaded"
"0287","Batch_010","MND","Attention, mind, and consciousness","L10","Ethical implication","Q17","कौन-सी सीमा उपयोगी है?","planned","not_researched","not_uploaded"
"0288","Batch_010","MND","Attention, mind, and consciousness","L10","Ethical implication","Q18","क्या विशेषज्ञों में मतभेद है?","planned","not_researched","not_uploaded"
"0289","Batch_010","MND","Attention, mind, and consciousness","L10","Ethical implication","Q19","प्रौद्योगिकी इसे कैसे बदलती है?","planned","not_researched","not_uploaded"
"0290","Batch_010","MND","Attention, mind, and consciousness","L10","Ethical implication","Q20","नींद, तनाव, या पर्यावरण की भूमिका क्या है?","planned","not_researched","not_uploaded"
"0291","Batch_010","MND","Attention, mind, and consciousness","L10","Ethical implication","Q21","हम अपने अनुमान कैसे जाँच सकते हैं?","planned","not_researched","not_uploaded"
"0292","Batch_010","MND","Attention, mind, and consciousness","L10","Ethical implication","Q22","इसे नैतिक रूप से कैसे समझें?","planned","not_researched","not_uploaded"
"0293","Batch_010","MND","Attention, mind, and consciousness","L10","Ethical implication","Q23","यह पहचान और भूमिका से कैसे जुड़ता है?","planned","not_researched","not_uploaded"
"0294","Batch_010","MND","Attention, mind, and consciousness","L10","Ethical implication","Q24","कब सहायता लेना ठीक है?","planned","not_researched","not_uploaded"
"0295","Batch_010","MND","Attention, mind, and consciousness","L10","Ethical implication","Q25","इस परंपरा का दृष्टिकोण क्या है?","planned","not_researched","not_uploaded"
"0296","Batch_010","MND","Attention, mind, and consciousness","L10","Ethical implication","Q26","विज्ञान इससे क्या अलग कहता है?","planned","not_researched","not_uploaded"
"0297","Batch_010","MND","Attention, mind, and consciousness","L10","Ethical implication","Q27","क्या छोटा परिवर्तन व्यवहार्य है?","planned","not_researched","not_uploaded"
"0298","Batch_010","MND","Attention, mind, and consciousness","L10","Ethical implication","Q28","कौन-सा डेटा अभी गायब है?","planned","not_researched","not_uploaded"
"0299","Batch_010","MND","Attention, mind, and consciousness","L10","Ethical implication","Q29","इससे जिज्ञासा कैसे बढ़ती है?","planned","not_researched","not_uploaded"
"0300","Batch_010","MND","Attention, mind, and consciousness","L10","Ethical implication","Q30","मुख्य सीख क्या है?","planned","not_researched","not_uploaded"
"0301","Batch_011","NBR","Brain, neurons, and neuroplasticity","L01","Core definition","Q01","यह वास्तव में क्या है?","planned","not_researched","not_uploaded"
"0302","Batch_011","NBR","Brain, neurons, and neuroplasticity","L01","Core definition","Q02","इसका सबसे आम भ्रम क्या है?","planned","not_researched","not_uploaded"
"0303","Batch_011","NBR","Brain, neurons, and neuroplasticity","L01","Core definition","Q03","हम इसे रोज़मर्रा में कैसे पहचानते हैं?","planned","not_researched","not_uploaded"
"0304","Batch_011","NBR","Brain, neurons, and neuroplasticity","L01","Core definition","Q04","इसके पीछे प्रस्तावित तंत्र क्या है?","planned","not_researched","not_uploaded"
"0305","Batch_011","NBR","Brain, neurons, and neuroplasticity","L01","Core definition","Q05","कौन-सा प्रमाण सबसे मजबूत है?","planned","not_researched","not_uploaded"
"0306","Batch_011","NBR","Brain, neurons, and neuroplasticity","L01","Core definition","Q06","किस बात पर शोध सहमत नहीं है?","planned","not_researched","not_uploaded"
"0307","Batch_011","NBR","Brain, neurons, and neuroplasticity","L01","Core definition","Q07","कौन-सा छोटा, सुरक्षित अवलोकन किया जा सकता है?","planned","not_researched","not_uploaded"
"0308","Batch_011","NBR","Brain, neurons, and neuroplasticity","L01","Core definition","Q08","यह आदत क्यों कठिन लगती है?","planned","not_researched","not_uploaded"
"0309","Batch_011","NBR","Brain, neurons, and neuroplasticity","L01","Core definition","Q09","संदर्भ इसे कैसे बदलता है?","planned","not_researched","not_uploaded"
"0310","Batch_011","NBR","Brain, neurons, and neuroplasticity","L01","Core definition","Q10","क्या यह कारण है या केवल संबंध?","planned","not_researched","not_uploaded"
"0311","Batch_011","NBR","Brain, neurons, and neuroplasticity","L01","Core definition","Q11","भाषा इसे कैसे प्रभावित करती है?","planned","not_researched","not_uploaded"
"0312","Batch_011","NBR","Brain, neurons, and neuroplasticity","L01","Core definition","Q12","समय के साथ यह कैसे बदलता है?","planned","not_researched","not_uploaded"
"0313","Batch_011","NBR","Brain, neurons, and neuroplasticity","L01","Core definition","Q13","किस समूह पर निष्कर्ष लागू हुआ?","planned","not_researched","not_uploaded"
"0314","Batch_011","NBR","Brain, neurons, and neuroplasticity","L01","Core definition","Q14","नापने में कठिनाई क्या है?","planned","not_researched","not_uploaded"
"0315","Batch_011","NBR","Brain, neurons, and neuroplasticity","L01","Core definition","Q15","कौन-सी वैकल्पिक व्याख्या संभव है?","planned","not_researched","not_uploaded"
"0316","Batch_011","NBR","Brain, neurons, and neuroplasticity","L01","Core definition","Q16","छोटी सफलता क्यों मायने रखती है?","planned","not_researched","not_uploaded"
"0317","Batch_011","NBR","Brain, neurons, and neuroplasticity","L01","Core definition","Q17","कौन-सी सीमा उपयोगी है?","planned","not_researched","not_uploaded"
"0318","Batch_011","NBR","Brain, neurons, and neuroplasticity","L01","Core definition","Q18","क्या विशेषज्ञों में मतभेद है?","planned","not_researched","not_uploaded"
"0319","Batch_011","NBR","Brain, neurons, and neuroplasticity","L01","Core definition","Q19","प्रौद्योगिकी इसे कैसे बदलती है?","planned","not_researched","not_uploaded"
"0320","Batch_011","NBR","Brain, neurons, and neuroplasticity","L01","Core definition","Q20","नींद, तनाव, या पर्यावरण की भूमिका क्या है?","planned","not_researched","not_uploaded"
"0321","Batch_011","NBR","Brain, neurons, and neuroplasticity","L01","Core definition","Q21","हम अपने अनुमान कैसे जाँच सकते हैं?","planned","not_researched","not_uploaded"
"0322","Batch_011","NBR","Brain, neurons, and neuroplasticity","L01","Core definition","Q22","इसे नैतिक रूप से कैसे समझें?","planned","not_researched","not_uploaded"
"0323","Batch_011","NBR","Brain, neurons, and neuroplasticity","L01","Core definition","Q23","यह पहचान और भूमिका से कैसे जुड़ता है?","planned","not_researched","not_uploaded"
"0324","Batch_011","NBR","Brain, neurons, and neuroplasticity","L01","Core definition","Q24","कब सहायता लेना ठीक है?","planned","not_researched","not_uploaded"
"0325","Batch_011","NBR","Brain, neurons, and neuroplasticity","L01","Core definition","Q25","इस परंपरा का दृष्टिकोण क्या है?","planned","not_researched","not_uploaded"
"0326","Batch_011","NBR","Brain, neurons, and neuroplasticity","L01","Core definition","Q26","विज्ञान इससे क्या अलग कहता है?","planned","not_researched","not_uploaded"
"0327","Batch_011","NBR","Brain, neurons, and neuroplasticity","L01","Core definition","Q27","क्या छोटा परिवर्तन व्यवहार्य है?","planned","not_researched","not_uploaded"
"0328","Batch_011","NBR","Brain, neurons, and neuroplasticity","L01","Core definition","Q28","कौन-सा डेटा अभी गायब है?","planned","not_researched","not_uploaded"
"0329","Batch_011","NBR","Brain, neurons, and neuroplasticity","L01","Core definition","Q29","इससे जिज्ञासा कैसे बढ़ती है?","planned","not_researched","not_uploaded"
"0330","Batch_011","NBR","Brain, neurons, and neuroplasticity","L01","Core definition","Q30","मुख्य सीख क्या है?","planned","not_researched","not_uploaded"
"0331","Batch_012","NBR","Brain, neurons, and neuroplasticity","L02","Common misconception","Q01","यह वास्तव में क्या है?","planned","not_researched","not_uploaded"
"0332","Batch_012","NBR","Brain, neurons, and neuroplasticity","L02","Common misconception","Q02","इसका सबसे आम भ्रम क्या है?","planned","not_researched","not_uploaded"
"0333","Batch_012","NBR","Brain, neurons, and neuroplasticity","L02","Common misconception","Q03","हम इसे रोज़मर्रा में कैसे पहचानते हैं?","planned","not_researched","not_uploaded"
"0334","Batch_012","NBR","Brain, neurons, and neuroplasticity","L02","Common misconception","Q04","इसके पीछे प्रस्तावित तंत्र क्या है?","planned","not_researched","not_uploaded"
"0335","Batch_012","NBR","Brain, neurons, and neuroplasticity","L02","Common misconception","Q05","कौन-सा प्रमाण सबसे मजबूत है?","planned","not_researched","not_uploaded"
"0336","Batch_012","NBR","Brain, neurons, and neuroplasticity","L02","Common misconception","Q06","किस बात पर शोध सहमत नहीं है?","planned","not_researched","not_uploaded"
"0337","Batch_012","NBR","Brain, neurons, and neuroplasticity","L02","Common misconception","Q07","कौन-सा छोटा, सुरक्षित अवलोकन किया जा सकता है?","planned","not_researched","not_uploaded"
"0338","Batch_012","NBR","Brain, neurons, and neuroplasticity","L02","Common misconception","Q08","यह आदत क्यों कठिन लगती है?","planned","not_researched","not_uploaded"
"0339","Batch_012","NBR","Brain, neurons, and neuroplasticity","L02","Common misconception","Q09","संदर्भ इसे कैसे बदलता है?","planned","not_researched","not_uploaded"
"0340","Batch_012","NBR","Brain, neurons, and neuroplasticity","L02","Common misconception","Q10","क्या यह कारण है या केवल संबंध?","planned","not_researched","not_uploaded"
"0341","Batch_012","NBR","Brain, neurons, and neuroplasticity","L02","Common misconception","Q11","भाषा इसे कैसे प्रभावित करती है?","planned","not_researched","not_uploaded"
"0342","Batch_012","NBR","Brain, neurons, and neuroplasticity","L02","Common misconception","Q12","समय के साथ यह कैसे बदलता है?","planned","not_researched","not_uploaded"
"0343","Batch_012","NBR","Brain, neurons, and neuroplasticity","L02","Common misconception","Q13","किस समूह पर निष्कर्ष लागू हुआ?","planned","not_researched","not_uploaded"
"0344","Batch_012","NBR","Brain, neurons, and neuroplasticity","L02","Common misconception","Q14","नापने में कठिनाई क्या है?","planned","not_researched","not_uploaded"
"0345","Batch_012","NBR","Brain, neurons, and neuroplasticity","L02","Common misconception","Q15","कौन-सी वैकल्पिक व्याख्या संभव है?","planned","not_researched","not_uploaded"
"0346","Batch_012","NBR","Brain, neurons, and neuroplasticity","L02","Common misconception","Q16","छोटी सफलता क्यों मायने रखती है?","planned","not_researched","not_uploaded"
"0347","Batch_012","NBR","Brain, neurons, and neuroplasticity","L02","Common misconception","Q17","कौन-सी सीमा उपयोगी है?","planned","not_researched","not_uploaded"
"0348","Batch_012","NBR","Brain, neurons, and neuroplasticity","L02","Common misconception","Q18","क्या विशेषज्ञों में मतभेद है?","planned","not_researched","not_uploaded"
"0349","Batch_012","NBR","Brain, neurons, and neuroplasticity","L02","Common misconception","Q19","प्रौद्योगिकी इसे कैसे बदलती है?","planned","not_researched","not_uploaded"
"0350","Batch_012","NBR","Brain, neurons, and neuroplasticity","L02","Common misconception","Q20","नींद, तनाव, या पर्यावरण की भूमिका क्या है?","planned","not_researched","not_uploaded"
"0351","Batch_012","NBR","Brain, neurons, and neuroplasticity","L02","Common misconception","Q21","हम अपने अनुमान कैसे जाँच सकते हैं?","planned","not_researched","not_uploaded"
"0352","Batch_012","NBR","Brain, neurons, and neuroplasticity","L02","Common misconception","Q22","इसे नैतिक रूप से कैसे समझें?","planned","not_researched","not_uploaded"
"0353","Batch_012","NBR","Brain, neurons, and neuroplasticity","L02","Common misconception","Q23","यह पहचान और भूमिका से कैसे जुड़ता है?","planned","not_researched","not_uploaded"
"0354","Batch_012","NBR","Brain, neurons, and neuroplasticity","L02","Common misconception","Q24","कब सहायता लेना ठीक है?","planned","not_researched","not_uploaded"
"0355","Batch_012","NBR","Brain, neurons, and neuroplasticity","L02","Common misconception","Q25","इस परंपरा का दृष्टिकोण क्या है?","planned","not_researched","not_uploaded"
"0356","Batch_012","NBR","Brain, neurons, and neuroplasticity","L02","Common misconception","Q26","विज्ञान इससे क्या अलग कहता है?","planned","not_researched","not_uploaded"
"0357","Batch_012","NBR","Brain, neurons, and neuroplasticity","L02","Common misconception","Q27","क्या छोटा परिवर्तन व्यवहार्य है?","planned","not_researched","not_uploaded"
"0358","Batch_012","NBR","Brain, neurons, and neuroplasticity","L02","Common misconception","Q28","कौन-सा डेटा अभी गायब है?","planned","not_researched","not_uploaded"
"0359","Batch_012","NBR","Brain, neurons, and neuroplasticity","L02","Common misconception","Q29","इससे जिज्ञासा कैसे बढ़ती है?","planned","not_researched","not_uploaded"
"0360","Batch_012","NBR","Brain, neurons, and neuroplasticity","L02","Common misconception","Q30","मुख्य सीख क्या है?","planned","not_researched","not_uploaded"
"0361","Batch_013","NBR","Brain, neurons, and neuroplasticity","L03","Everyday observation","Q01","यह वास्तव में क्या है?","planned","not_researched","not_uploaded"
"0362","Batch_013","NBR","Brain, neurons, and neuroplasticity","L03","Everyday observation","Q02","इसका सबसे आम भ्रम क्या है?","planned","not_researched","not_uploaded"
"0363","Batch_013","NBR","Brain, neurons, and neuroplasticity","L03","Everyday observation","Q03","हम इसे रोज़मर्रा में कैसे पहचानते हैं?","planned","not_researched","not_uploaded"
"0364","Batch_013","NBR","Brain, neurons, and neuroplasticity","L03","Everyday observation","Q04","इसके पीछे प्रस्तावित तंत्र क्या है?","planned","not_researched","not_uploaded"
"0365","Batch_013","NBR","Brain, neurons, and neuroplasticity","L03","Everyday observation","Q05","कौन-सा प्रमाण सबसे मजबूत है?","planned","not_researched","not_uploaded"
"0366","Batch_013","NBR","Brain, neurons, and neuroplasticity","L03","Everyday observation","Q06","किस बात पर शोध सहमत नहीं है?","planned","not_researched","not_uploaded"
"0367","Batch_013","NBR","Brain, neurons, and neuroplasticity","L03","Everyday observation","Q07","कौन-सा छोटा, सुरक्षित अवलोकन किया जा सकता है?","planned","not_researched","not_uploaded"
"0368","Batch_013","NBR","Brain, neurons, and neuroplasticity","L03","Everyday observation","Q08","यह आदत क्यों कठिन लगती है?","planned","not_researched","not_uploaded"
"0369","Batch_013","NBR","Brain, neurons, and neuroplasticity","L03","Everyday observation","Q09","संदर्भ इसे कैसे बदलता है?","planned","not_researched","not_uploaded"
"0370","Batch_013","NBR","Brain, neurons, and neuroplasticity","L03","Everyday observation","Q10","क्या यह कारण है या केवल संबंध?","planned","not_researched","not_uploaded"
"0371","Batch_013","NBR","Brain, neurons, and neuroplasticity","L03","Everyday observation","Q11","भाषा इसे कैसे प्रभावित करती है?","planned","not_researched","not_uploaded"
"0372","Batch_013","NBR","Brain, neurons, and neuroplasticity","L03","Everyday observation","Q12","समय के साथ यह कैसे बदलता है?","planned","not_researched","not_uploaded"
"0373","Batch_013","NBR","Brain, neurons, and neuroplasticity","L03","Everyday observation","Q13","किस समूह पर निष्कर्ष लागू हुआ?","planned","not_researched","not_uploaded"
"0374","Batch_013","NBR","Brain, neurons, and neuroplasticity","L03","Everyday observation","Q14","नापने में कठिनाई क्या है?","planned","not_researched","not_uploaded"
"0375","Batch_013","NBR","Brain, neurons, and neuroplasticity","L03","Everyday observation","Q15","कौन-सी वैकल्पिक व्याख्या संभव है?","planned","not_researched","not_uploaded"
"0376","Batch_013","NBR","Brain, neurons, and neuroplasticity","L03","Everyday observation","Q16","छोटी सफलता क्यों मायने रखती है?","planned","not_researched","not_uploaded"
"0377","Batch_013","NBR","Brain, neurons, and neuroplasticity","L03","Everyday observation","Q17","कौन-सी सीमा उपयोगी है?","planned","not_researched","not_uploaded"
"0378","Batch_013","NBR","Brain, neurons, and neuroplasticity","L03","Everyday observation","Q18","क्या विशेषज्ञों में मतभेद है?","planned","not_researched","not_uploaded"
"0379","Batch_013","NBR","Brain, neurons, and neuroplasticity","L03","Everyday observation","Q19","प्रौद्योगिकी इसे कैसे बदलती है?","planned","not_researched","not_uploaded"
"0380","Batch_013","NBR","Brain, neurons, and neuroplasticity","L03","Everyday observation","Q20","नींद, तनाव, या पर्यावरण की भूमिका क्या है?","planned","not_researched","not_uploaded"
"0381","Batch_013","NBR","Brain, neurons, and neuroplasticity","L03","Everyday observation","Q21","हम अपने अनुमान कैसे जाँच सकते हैं?","planned","not_researched","not_uploaded"
"0382","Batch_013","NBR","Brain, neurons, and neuroplasticity","L03","Everyday observation","Q22","इसे नैतिक रूप से कैसे समझें?","planned","not_researched","not_uploaded"
"0383","Batch_013","NBR","Brain, neurons, and neuroplasticity","L03","Everyday observation","Q23","यह पहचान और भूमिका से कैसे जुड़ता है?","planned","not_researched","not_uploaded"
"0384","Batch_013","NBR","Brain, neurons, and neuroplasticity","L03","Everyday observation","Q24","कब सहायता लेना ठीक है?","planned","not_researched","not_uploaded"
"0385","Batch_013","NBR","Brain, neurons, and neuroplasticity","L03","Everyday observation","Q25","इस परंपरा का दृष्टिकोण क्या है?","planned","not_researched","not_uploaded"
"0386","Batch_013","NBR","Brain, neurons, and neuroplasticity","L03","Everyday observation","Q26","विज्ञान इससे क्या अलग कहता है?","planned","not_researched","not_uploaded"
"0387","Batch_013","NBR","Brain, neurons, and neuroplasticity","L03","Everyday observation","Q27","क्या छोटा परिवर्तन व्यवहार्य है?","planned","not_researched","not_uploaded"
"0388","Batch_013","NBR","Brain, neurons, and neuroplasticity","L03","Everyday observation","Q28","कौन-सा डेटा अभी गायब है?","planned","not_researched","not_uploaded"
"0389","Batch_013","NBR","Brain, neurons, and neuroplasticity","L03","Everyday observation","Q29","इससे जिज्ञासा कैसे बढ़ती है?","planned","not_researched","not_uploaded"
"0390","Batch_013","NBR","Brain, neurons, and neuroplasticity","L03","Everyday observation","Q30","मुख्य सीख क्या है?","planned","not_researched","not_uploaded"
"0391","Batch_014","NBR","Brain, neurons, and neuroplasticity","L04","Mechanism","Q01","यह वास्तव में क्या है?","planned","not_researched","not_uploaded"
"0392","Batch_014","NBR","Brain, neurons, and neuroplasticity","L04","Mechanism","Q02","इसका सबसे आम भ्रम क्या है?","planned","not_researched","not_uploaded"
"0393","Batch_014","NBR","Brain, neurons, and neuroplasticity","L04","Mechanism","Q03","हम इसे रोज़मर्रा में कैसे पहचानते हैं?","planned","not_researched","not_uploaded"
"0394","Batch_014","NBR","Brain, neurons, and neuroplasticity","L04","Mechanism","Q04","इसके पीछे प्रस्तावित तंत्र क्या है?","planned","not_researched","not_uploaded"
"0395","Batch_014","NBR","Brain, neurons, and neuroplasticity","L04","Mechanism","Q05","कौन-सा प्रमाण सबसे मजबूत है?","planned","not_researched","not_uploaded"
"0396","Batch_014","NBR","Brain, neurons, and neuroplasticity","L04","Mechanism","Q06","किस बात पर शोध सहमत नहीं है?","planned","not_researched","not_uploaded"
"0397","Batch_014","NBR","Brain, neurons, and neuroplasticity","L04","Mechanism","Q07","कौन-सा छोटा, सुरक्षित अवलोकन किया जा सकता है?","planned","not_researched","not_uploaded"
"0398","Batch_014","NBR","Brain, neurons, and neuroplasticity","L04","Mechanism","Q08","यह आदत क्यों कठिन लगती है?","planned","not_researched","not_uploaded"
"0399","Batch_014","NBR","Brain, neurons, and neuroplasticity","L04","Mechanism","Q09","संदर्भ इसे कैसे बदलता है?","planned","not_researched","not_uploaded"
"0400","Batch_014","NBR","Brain, neurons, and neuroplasticity","L04","Mechanism","Q10","क्या यह कारण है या केवल संबंध?","planned","not_researched","not_uploaded"
"0401","Batch_014","NBR","Brain, neurons, and neuroplasticity","L04","Mechanism","Q11","भाषा इसे कैसे प्रभावित करती है?","planned","not_researched","not_uploaded"
"0402","Batch_014","NBR","Brain, neurons, and neuroplasticity","L04","Mechanism","Q12","समय के साथ यह कैसे बदलता है?","planned","not_researched","not_uploaded"
"0403","Batch_014","NBR","Brain, neurons, and neuroplasticity","L04","Mechanism","Q13","किस समूह पर निष्कर्ष लागू हुआ?","planned","not_researched","not_uploaded"
"0404","Batch_014","NBR","Brain, neurons, and neuroplasticity","L04","Mechanism","Q14","नापने में कठिनाई क्या है?","planned","not_researched","not_uploaded"
"0405","Batch_014","NBR","Brain, neurons, and neuroplasticity","L04","Mechanism","Q15","कौन-सी वैकल्पिक व्याख्या संभव है?","planned","not_researched","not_uploaded"
"0406","Batch_014","NBR","Brain, neurons, and neuroplasticity","L04","Mechanism","Q16","छोटी सफलता क्यों मायने रखती है?","planned","not_researched","not_uploaded"
"0407","Batch_014","NBR","Brain, neurons, and neuroplasticity","L04","Mechanism","Q17","कौन-सी सीमा उपयोगी है?","planned","not_researched","not_uploaded"
"0408","Batch_014","NBR","Brain, neurons, and neuroplasticity","L04","Mechanism","Q18","क्या विशेषज्ञों में मतभेद है?","planned","not_researched","not_uploaded"
"0409","Batch_014","NBR","Brain, neurons, and neuroplasticity","L04","Mechanism","Q19","प्रौद्योगिकी इसे कैसे बदलती है?","planned","not_researched","not_uploaded"
"0410","Batch_014","NBR","Brain, neurons, and neuroplasticity","L04","Mechanism","Q20","नींद, तनाव, या पर्यावरण की भूमिका क्या है?","planned","not_researched","not_uploaded"
"0411","Batch_014","NBR","Brain, neurons, and neuroplasticity","L04","Mechanism","Q21","हम अपने अनुमान कैसे जाँच सकते हैं?","planned","not_researched","not_uploaded"
"0412","Batch_014","NBR","Brain, neurons, and neuroplasticity","L04","Mechanism","Q22","इसे नैतिक रूप से कैसे समझें?","planned","not_researched","not_uploaded"
"0413","Batch_014","NBR","Brain, neurons, and neuroplasticity","L04","Mechanism","Q23","यह पहचान और भूमिका से कैसे जुड़ता है?","planned","not_researched","not_uploaded"
"0414","Batch_014","NBR","Brain, neurons, and neuroplasticity","L04","Mechanism","Q24","कब सहायता लेना ठीक है?","planned","not_researched","not_uploaded"
"0415","Batch_014","NBR","Brain, neurons, and neuroplasticity","L04","Mechanism","Q25","इस परंपरा का दृष्टिकोण क्या है?","planned","not_researched","not_uploaded"
"0416","Batch_014","NBR","Brain, neurons, and neuroplasticity","L04","Mechanism","Q26","विज्ञान इससे क्या अलग कहता है?","planned","not_researched","not_uploaded"
"0417","Batch_014","NBR","Brain, neurons, and neuroplasticity","L04","Mechanism","Q27","क्या छोटा परिवर्तन व्यवहार्य है?","planned","not_researched","not_uploaded"
"0418","Batch_014","NBR","Brain, neurons, and neuroplasticity","L04","Mechanism","Q28","कौन-सा डेटा अभी गायब है?","planned","not_researched","not_uploaded"
"0419","Batch_014","NBR","Brain, neurons, and neuroplasticity","L04","Mechanism","Q29","इससे जिज्ञासा कैसे बढ़ती है?","planned","not_researched","not_uploaded"
"0420","Batch_014","NBR","Brain, neurons, and neuroplasticity","L04","Mechanism","Q30","मुख्य सीख क्या है?","planned","not_researched","not_uploaded"
"0421","Batch_015","NBR","Brain, neurons, and neuroplasticity","L05","Evidence comparison","Q01","यह वास्तव में क्या है?","planned","not_researched","not_uploaded"
"0422","Batch_015","NBR","Brain, neurons, and neuroplasticity","L05","Evidence comparison","Q02","इसका सबसे आम भ्रम क्या है?","planned","not_researched","not_uploaded"
"0423","Batch_015","NBR","Brain, neurons, and neuroplasticity","L05","Evidence comparison","Q03","हम इसे रोज़मर्रा में कैसे पहचानते हैं?","planned","not_researched","not_uploaded"
"0424","Batch_015","NBR","Brain, neurons, and neuroplasticity","L05","Evidence comparison","Q04","इसके पीछे प्रस्तावित तंत्र क्या है?","planned","not_researched","not_uploaded"
"0425","Batch_015","NBR","Brain, neurons, and neuroplasticity","L05","Evidence comparison","Q05","कौन-सा प्रमाण सबसे मजबूत है?","planned","not_researched","not_uploaded"
"0426","Batch_015","NBR","Brain, neurons, and neuroplasticity","L05","Evidence comparison","Q06","किस बात पर शोध सहमत नहीं है?","planned","not_researched","not_uploaded"
"0427","Batch_015","NBR","Brain, neurons, and neuroplasticity","L05","Evidence comparison","Q07","कौन-सा छोटा, सुरक्षित अवलोकन किया जा सकता है?","planned","not_researched","not_uploaded"
"0428","Batch_015","NBR","Brain, neurons, and neuroplasticity","L05","Evidence comparison","Q08","यह आदत क्यों कठिन लगती है?","planned","not_researched","not_uploaded"
"0429","Batch_015","NBR","Brain, neurons, and neuroplasticity","L05","Evidence comparison","Q09","संदर्भ इसे कैसे बदलता है?","planned","not_researched","not_uploaded"
"0430","Batch_015","NBR","Brain, neurons, and neuroplasticity","L05","Evidence comparison","Q10","क्या यह कारण है या केवल संबंध?","planned","not_researched","not_uploaded"
"0431","Batch_015","NBR","Brain, neurons, and neuroplasticity","L05","Evidence comparison","Q11","भाषा इसे कैसे प्रभावित करती है?","planned","not_researched","not_uploaded"
"0432","Batch_015","NBR","Brain, neurons, and neuroplasticity","L05","Evidence comparison","Q12","समय के साथ यह कैसे बदलता है?","planned","not_researched","not_uploaded"
"0433","Batch_015","NBR","Brain, neurons, and neuroplasticity","L05","Evidence comparison","Q13","किस समूह पर निष्कर्ष लागू हुआ?","planned","not_researched","not_uploaded"
"0434","Batch_015","NBR","Brain, neurons, and neuroplasticity","L05","Evidence comparison","Q14","नापने में कठिनाई क्या है?","planned","not_researched","not_uploaded"
"0435","Batch_015","NBR","Brain, neurons, and neuroplasticity","L05","Evidence comparison","Q15","कौन-सी वैकल्पिक व्याख्या संभव है?","planned","not_researched","not_uploaded"
"0436","Batch_015","NBR","Brain, neurons, and neuroplasticity","L05","Evidence comparison","Q16","छोटी सफलता क्यों मायने रखती है?","planned","not_researched","not_uploaded"
"0437","Batch_015","NBR","Brain, neurons, and neuroplasticity","L05","Evidence comparison","Q17","कौन-सी सीमा उपयोगी है?","planned","not_researched","not_uploaded"
"0438","Batch_015","NBR","Brain, neurons, and neuroplasticity","L05","Evidence comparison","Q18","क्या विशेषज्ञों में मतभेद है?","planned","not_researched","not_uploaded"
"0439","Batch_015","NBR","Brain, neurons, and neuroplasticity","L05","Evidence comparison","Q19","प्रौद्योगिकी इसे कैसे बदलती है?","planned","not_researched","not_uploaded"
"0440","Batch_015","NBR","Brain, neurons, and neuroplasticity","L05","Evidence comparison","Q20","नींद, तनाव, या पर्यावरण की भूमिका क्या है?","planned","not_researched","not_uploaded"
"0441","Batch_015","NBR","Brain, neurons, and neuroplasticity","L05","Evidence comparison","Q21","हम अपने अनुमान कैसे जाँच सकते हैं?","planned","not_researched","not_uploaded"
"0442","Batch_015","NBR","Brain, neurons, and neuroplasticity","L05","Evidence comparison","Q22","इसे नैतिक रूप से कैसे समझें?","planned","not_researched","not_uploaded"
"0443","Batch_015","NBR","Brain, neurons, and neuroplasticity","L05","Evidence comparison","Q23","यह पहचान और भूमिका से कैसे जुड़ता है?","planned","not_researched","not_uploaded"
"0444","Batch_015","NBR","Brain, neurons, and neuroplasticity","L05","Evidence comparison","Q24","कब सहायता लेना ठीक है?","planned","not_researched","not_uploaded"
"0445","Batch_015","NBR","Brain, neurons, and neuroplasticity","L05","Evidence comparison","Q25","इस परंपरा का दृष्टिकोण क्या है?","planned","not_researched","not_uploaded"
"0446","Batch_015","NBR","Brain, neurons, and neuroplasticity","L05","Evidence comparison","Q26","विज्ञान इससे क्या अलग कहता है?","planned","not_researched","not_uploaded"
"0447","Batch_015","NBR","Brain, neurons, and neuroplasticity","L05","Evidence comparison","Q27","क्या छोटा परिवर्तन व्यवहार्य है?","planned","not_researched","not_uploaded"
"0448","Batch_015","NBR","Brain, neurons, and neuroplasticity","L05","Evidence comparison","Q28","कौन-सा डेटा अभी गायब है?","planned","not_researched","not_uploaded"
"0449","Batch_015","NBR","Brain, neurons, and neuroplasticity","L05","Evidence comparison","Q29","इससे जिज्ञासा कैसे बढ़ती है?","planned","not_researched","not_uploaded"
"0450","Batch_015","NBR","Brain, neurons, and neuroplasticity","L05","Evidence comparison","Q30","मुख्य सीख क्या है?","planned","not_researched","not_uploaded"
"0451","Batch_016","NBR","Brain, neurons, and neuroplasticity","L06","Practical experiment","Q01","यह वास्तव में क्या है?","planned","not_researched","not_uploaded"
"0452","Batch_016","NBR","Brain, neurons, and neuroplasticity","L06","Practical experiment","Q02","इसका सबसे आम भ्रम क्या है?","planned","not_researched","not_uploaded"
"0453","Batch_016","NBR","Brain, neurons, and neuroplasticity","L06","Practical experiment","Q03","हम इसे रोज़मर्रा में कैसे पहचानते हैं?","planned","not_researched","not_uploaded"
"0454","Batch_016","NBR","Brain, neurons, and neuroplasticity","L06","Practical experiment","Q04","इसके पीछे प्रस्तावित तंत्र क्या है?","planned","not_researched","not_uploaded"
"0455","Batch_016","NBR","Brain, neurons, and neuroplasticity","L06","Practical experiment","Q05","कौन-सा प्रमाण सबसे मजबूत है?","planned","not_researched","not_uploaded"
"0456","Batch_016","NBR","Brain, neurons, and neuroplasticity","L06","Practical experiment","Q06","किस बात पर शोध सहमत नहीं है?","planned","not_researched","not_uploaded"
"0457","Batch_016","NBR","Brain, neurons, and neuroplasticity","L06","Practical experiment","Q07","कौन-सा छोटा, सुरक्षित अवलोकन किया जा सकता है?","planned","not_researched","not_uploaded"
"0458","Batch_016","NBR","Brain, neurons, and neuroplasticity","L06","Practical experiment","Q08","यह आदत क्यों कठिन लगती है?","planned","not_researched","not_uploaded"
"0459","Batch_016","NBR","Brain, neurons, and neuroplasticity","L06","Practical experiment","Q09","संदर्भ इसे कैसे बदलता है?","planned","not_researched","not_uploaded"
"0460","Batch_016","NBR","Brain, neurons, and neuroplasticity","L06","Practical experiment","Q10","क्या यह कारण है या केवल संबंध?","planned","not_researched","not_uploaded"
"0461","Batch_016","NBR","Brain, neurons, and neuroplasticity","L06","Practical experiment","Q11","भाषा इसे कैसे प्रभावित करती है?","planned","not_researched","not_uploaded"
"0462","Batch_016","NBR","Brain, neurons, and neuroplasticity","L06","Practical experiment","Q12","समय के साथ यह कैसे बदलता है?","planned","not_researched","not_uploaded"
"0463","Batch_016","NBR","Brain, neurons, and neuroplasticity","L06","Practical experiment","Q13","किस समूह पर निष्कर्ष लागू हुआ?","planned","not_researched","not_uploaded"
"0464","Batch_016","NBR","Brain, neurons, and neuroplasticity","L06","Practical experiment","Q14","नापने में कठिनाई क्या है?","planned","not_researched","not_uploaded"
"0465","Batch_016","NBR","Brain, neurons, and neuroplasticity","L06","Practical experiment","Q15","कौन-सी वैकल्पिक व्याख्या संभव है?","planned","not_researched","not_uploaded"
"0466","Batch_016","NBR","Brain, neurons, and neuroplasticity","L06","Practical experiment","Q16","छोटी सफलता क्यों मायने रखती है?","planned","not_researched","not_uploaded"
"0467","Batch_016","NBR","Brain, neurons, and neuroplasticity","L06","Practical experiment","Q17","कौन-सी सीमा उपयोगी है?","planned","not_researched","not_uploaded"
"0468","Batch_016","NBR","Brain, neurons, and neuroplasticity","L06","Practical experiment","Q18","क्या विशेषज्ञों में मतभेद है?","planned","not_researched","not_uploaded"
"0469","Batch_016","NBR","Brain, neurons, and neuroplasticity","L06","Practical experiment","Q19","प्रौद्योगिकी इसे कैसे बदलती है?","planned","not_researched","not_uploaded"
"0470","Batch_016","NBR","Brain, neurons, and neuroplasticity","L06","Practical experiment","Q20","नींद, तनाव, या पर्यावरण की भूमिका क्या है?","planned","not_researched","not_uploaded"
"0471","Batch_016","NBR","Brain, neurons, and neuroplasticity","L06","Practical experiment","Q21","हम अपने अनुमान कैसे जाँच सकते हैं?","planned","not_researched","not_uploaded"
"0472","Batch_016","NBR","Brain, neurons, and neuroplasticity","L06","Practical experiment","Q22","इसे नैतिक रूप से कैसे समझें?","planned","not_researched","not_uploaded"
"0473","Batch_016","NBR","Brain, neurons, and neuroplasticity","L06","Practical experiment","Q23","यह पहचान और भूमिका से कैसे जुड़ता है?","planned","not_researched","not_uploaded"
"0474","Batch_016","NBR","Brain, neurons, and neuroplasticity","L06","Practical experiment","Q24","कब सहायता लेना ठीक है?","planned","not_researched","not_uploaded"
"0475","Batch_016","NBR","Brain, neurons, and neuroplasticity","L06","Practical experiment","Q25","इस परंपरा का दृष्टिकोण क्या है?","planned","not_researched","not_uploaded"
"0476","Batch_016","NBR","Brain, neurons, and neuroplasticity","L06","Practical experiment","Q26","विज्ञान इससे क्या अलग कहता है?","planned","not_researched","not_uploaded"
"0477","Batch_016","NBR","Brain, neurons, and neuroplasticity","L06","Practical experiment","Q27","क्या छोटा परिवर्तन व्यवहार्य है?","planned","not_researched","not_uploaded"
"0478","Batch_016","NBR","Brain, neurons, and neuroplasticity","L06","Practical experiment","Q28","कौन-सा डेटा अभी गायब है?","planned","not_researched","not_uploaded"
"0479","Batch_016","NBR","Brain, neurons, and neuroplasticity","L06","Practical experiment","Q29","इससे जिज्ञासा कैसे बढ़ती है?","planned","not_researched","not_uploaded"
"0480","Batch_016","NBR","Brain, neurons, and neuroplasticity","L06","Practical experiment","Q30","मुख्य सीख क्या है?","planned","not_researched","not_uploaded"
"0481","Batch_017","NBR","Brain, neurons, and neuroplasticity","L07","Boundary condition","Q01","यह वास्तव में क्या है?","planned","not_researched","not_uploaded"
"0482","Batch_017","NBR","Brain, neurons, and neuroplasticity","L07","Boundary condition","Q02","इसका सबसे आम भ्रम क्या है?","planned","not_researched","not_uploaded"
"0483","Batch_017","NBR","Brain, neurons, and neuroplasticity","L07","Boundary condition","Q03","हम इसे रोज़मर्रा में कैसे पहचानते हैं?","planned","not_researched","not_uploaded"
"0484","Batch_017","NBR","Brain, neurons, and neuroplasticity","L07","Boundary condition","Q04","इसके पीछे प्रस्तावित तंत्र क्या है?","planned","not_researched","not_uploaded"
"0485","Batch_017","NBR","Brain, neurons, and neuroplasticity","L07","Boundary condition","Q05","कौन-सा प्रमाण सबसे मजबूत है?","planned","not_researched","not_uploaded"
"0486","Batch_017","NBR","Brain, neurons, and neuroplasticity","L07","Boundary condition","Q06","किस बात पर शोध सहमत नहीं है?","planned","not_researched","not_uploaded"
"0487","Batch_017","NBR","Brain, neurons, and neuroplasticity","L07","Boundary condition","Q07","कौन-सा छोटा, सुरक्षित अवलोकन किया जा सकता है?","planned","not_researched","not_uploaded"
"0488","Batch_017","NBR","Brain, neurons, and neuroplasticity","L07","Boundary condition","Q08","यह आदत क्यों कठिन लगती है?","planned","not_researched","not_uploaded"
"0489","Batch_017","NBR","Brain, neurons, and neuroplasticity","L07","Boundary condition","Q09","संदर्भ इसे कैसे बदलता है?","planned","not_researched","not_uploaded"
"0490","Batch_017","NBR","Brain, neurons, and neuroplasticity","L07","Boundary condition","Q10","क्या यह कारण है या केवल संबंध?","planned","not_researched","not_uploaded"
"0491","Batch_017","NBR","Brain, neurons, and neuroplasticity","L07","Boundary condition","Q11","भाषा इसे कैसे प्रभावित करती है?","planned","not_researched","not_uploaded"
"0492","Batch_017","NBR","Brain, neurons, and neuroplasticity","L07","Boundary condition","Q12","समय के साथ यह कैसे बदलता है?","planned","not_researched","not_uploaded"
"0493","Batch_017","NBR","Brain, neurons, and neuroplasticity","L07","Boundary condition","Q13","किस समूह पर निष्कर्ष लागू हुआ?","planned","not_researched","not_uploaded"
"0494","Batch_017","NBR","Brain, neurons, and neuroplasticity","L07","Boundary condition","Q14","नापने में कठिनाई क्या है?","planned","not_researched","not_uploaded"
"0495","Batch_017","NBR","Brain, neurons, and neuroplasticity","L07","Boundary condition","Q15","कौन-सी वैकल्पिक व्याख्या संभव है?","planned","not_researched","not_uploaded"
"0496","Batch_017","NBR","Brain, neurons, and neuroplasticity","L07","Boundary condition","Q16","छोटी सफलता क्यों मायने रखती है?","planned","not_researched","not_uploaded"
"0497","Batch_017","NBR","Brain, neurons, and neuroplasticity","L07","Boundary condition","Q17","कौन-सी सीमा उपयोगी है?","planned","not_researched","not_uploaded"
"0498","Batch_017","NBR","Brain, neurons, and neuroplasticity","L07","Boundary condition","Q18","क्या विशेषज्ञों में मतभेद है?","planned","not_researched","not_uploaded"
"0499","Batch_017","NBR","Brain, neurons, and neuroplasticity","L07","Boundary condition","Q19","प्रौद्योगिकी इसे कैसे बदलती है?","planned","not_researched","not_uploaded"
"0500","Batch_017","NBR","Brain, neurons, and neuroplasticity","L07","Boundary condition","Q20","नींद, तनाव, या पर्यावरण की भूमिका क्या है?","planned","not_researched","not_uploaded"
"0501","Batch_017","NBR","Brain, neurons, and neuroplasticity","L07","Boundary condition","Q21","हम अपने अनुमान कैसे जाँच सकते हैं?","planned","not_researched","not_uploaded"
"0502","Batch_017","NBR","Brain, neurons, and neuroplasticity","L07","Boundary condition","Q22","इसे नैतिक रूप से कैसे समझें?","planned","not_researched","not_uploaded"
"0503","Batch_017","NBR","Brain, neurons, and neuroplasticity","L07","Boundary condition","Q23","यह पहचान और भूमिका से कैसे जुड़ता है?","planned","not_researched","not_uploaded"
"0504","Batch_017","NBR","Brain, neurons, and neuroplasticity","L07","Boundary condition","Q24","कब सहायता लेना ठीक है?","planned","not_researched","not_uploaded"
"0505","Batch_017","NBR","Brain, neurons, and neuroplasticity","L07","Boundary condition","Q25","इस परंपरा का दृष्टिकोण क्या है?","planned","not_researched","not_uploaded"
"0506","Batch_017","NBR","Brain, neurons, and neuroplasticity","L07","Boundary condition","Q26","विज्ञान इससे क्या अलग कहता है?","planned","not_researched","not_uploaded"
"0507","Batch_017","NBR","Brain, neurons, and neuroplasticity","L07","Boundary condition","Q27","क्या छोटा परिवर्तन व्यवहार्य है?","planned","not_researched","not_uploaded"
"0508","Batch_017","NBR","Brain, neurons, and neuroplasticity","L07","Boundary condition","Q28","कौन-सा डेटा अभी गायब है?","planned","not_researched","not_uploaded"
"0509","Batch_017","NBR","Brain, neurons, and neuroplasticity","L07","Boundary condition","Q29","इससे जिज्ञासा कैसे बढ़ती है?","planned","not_researched","not_uploaded"
"0510","Batch_017","NBR","Brain, neurons, and neuroplasticity","L07","Boundary condition","Q30","मुख्य सीख क्या है?","planned","not_researched","not_uploaded"
"0511","Batch_018","NBR","Brain, neurons, and neuroplasticity","L08","History of an idea","Q01","यह वास्तव में क्या है?","planned","not_researched","not_uploaded"
"0512","Batch_018","NBR","Brain, neurons, and neuroplasticity","L08","History of an idea","Q02","इसका सबसे आम भ्रम क्या है?","planned","not_researched","not_uploaded"
"0513","Batch_018","NBR","Brain, neurons, and neuroplasticity","L08","History of an idea","Q03","हम इसे रोज़मर्रा में कैसे पहचानते हैं?","planned","not_researched","not_uploaded"
"0514","Batch_018","NBR","Brain, neurons, and neuroplasticity","L08","History of an idea","Q04","इसके पीछे प्रस्तावित तंत्र क्या है?","planned","not_researched","not_uploaded"
"0515","Batch_018","NBR","Brain, neurons, and neuroplasticity","L08","History of an idea","Q05","कौन-सा प्रमाण सबसे मजबूत है?","planned","not_researched","not_uploaded"
"0516","Batch_018","NBR","Brain, neurons, and neuroplasticity","L08","History of an idea","Q06","किस बात पर शोध सहमत नहीं है?","planned","not_researched","not_uploaded"
"0517","Batch_018","NBR","Brain, neurons, and neuroplasticity","L08","History of an idea","Q07","कौन-सा छोटा, सुरक्षित अवलोकन किया जा सकता है?","planned","not_researched","not_uploaded"
"0518","Batch_018","NBR","Brain, neurons, and neuroplasticity","L08","History of an idea","Q08","यह आदत क्यों कठिन लगती है?","planned","not_researched","not_uploaded"
"0519","Batch_018","NBR","Brain, neurons, and neuroplasticity","L08","History of an idea","Q09","संदर्भ इसे कैसे बदलता है?","planned","not_researched","not_uploaded"
"0520","Batch_018","NBR","Brain, neurons, and neuroplasticity","L08","History of an idea","Q10","क्या यह कारण है या केवल संबंध?","planned","not_researched","not_uploaded"
"0521","Batch_018","NBR","Brain, neurons, and neuroplasticity","L08","History of an idea","Q11","भाषा इसे कैसे प्रभावित करती है?","planned","not_researched","not_uploaded"
"0522","Batch_018","NBR","Brain, neurons, and neuroplasticity","L08","History of an idea","Q12","समय के साथ यह कैसे बदलता है?","planned","not_researched","not_uploaded"
"0523","Batch_018","NBR","Brain, neurons, and neuroplasticity","L08","History of an idea","Q13","किस समूह पर निष्कर्ष लागू हुआ?","planned","not_researched","not_uploaded"
"0524","Batch_018","NBR","Brain, neurons, and neuroplasticity","L08","History of an idea","Q14","नापने में कठिनाई क्या है?","planned","not_researched","not_uploaded"
"0525","Batch_018","NBR","Brain, neurons, and neuroplasticity","L08","History of an idea","Q15","कौन-सी वैकल्पिक व्याख्या संभव है?","planned","not_researched","not_uploaded"
"0526","Batch_018","NBR","Brain, neurons, and neuroplasticity","L08","History of an idea","Q16","छोटी सफलता क्यों मायने रखती है?","planned","not_researched","not_uploaded"
"0527","Batch_018","NBR","Brain, neurons, and neuroplasticity","L08","History of an idea","Q17","कौन-सी सीमा उपयोगी है?","planned","not_researched","not_uploaded"
"0528","Batch_018","NBR","Brain, neurons, and neuroplasticity","L08","History of an idea","Q18","क्या विशेषज्ञों में मतभेद है?","planned","not_researched","not_uploaded"
"0529","Batch_018","NBR","Brain, neurons, and neuroplasticity","L08","History of an idea","Q19","प्रौद्योगिकी इसे कैसे बदलती है?","planned","not_researched","not_uploaded"
"0530","Batch_018","NBR","Brain, neurons, and neuroplasticity","L08","History of an idea","Q20","नींद, तनाव, या पर्यावरण की भूमिका क्या है?","planned","not_researched","not_uploaded"
"0531","Batch_018","NBR","Brain, neurons, and neuroplasticity","L08","History of an idea","Q21","हम अपने अनुमान कैसे जाँच सकते हैं?","planned","not_researched","not_uploaded"
"0532","Batch_018","NBR","Brain, neurons, and neuroplasticity","L08","History of an idea","Q22","इसे नैतिक रूप से कैसे समझें?","planned","not_researched","not_uploaded"
"0533","Batch_018","NBR","Brain, neurons, and neuroplasticity","L08","History of an idea","Q23","यह पहचान और भूमिका से कैसे जुड़ता है?","planned","not_researched","not_uploaded"
"0534","Batch_018","NBR","Brain, neurons, and neuroplasticity","L08","History of an idea","Q24","कब सहायता लेना ठीक है?","planned","not_researched","not_uploaded"
"0535","Batch_018","NBR","Brain, neurons, and neuroplasticity","L08","History of an idea","Q25","इस परंपरा का दृष्टिकोण क्या है?","planned","not_researched","not_uploaded"
"0536","Batch_018","NBR","Brain, neurons, and neuroplasticity","L08","History of an idea","Q26","विज्ञान इससे क्या अलग कहता है?","planned","not_researched","not_uploaded"
"0537","Batch_018","NBR","Brain, neurons, and neuroplasticity","L08","History of an idea","Q27","क्या छोटा परिवर्तन व्यवहार्य है?","planned","not_researched","not_uploaded"
"0538","Batch_018","NBR","Brain, neurons, and neuroplasticity","L08","History of an idea","Q28","कौन-सा डेटा अभी गायब है?","planned","not_researched","not_uploaded"
"0539","Batch_018","NBR","Brain, neurons, and neuroplasticity","L08","History of an idea","Q29","इससे जिज्ञासा कैसे बढ़ती है?","planned","not_researched","not_uploaded"
"0540","Batch_018","NBR","Brain, neurons, and neuroplasticity","L08","History of an idea","Q30","मुख्य सीख क्या है?","planned","not_researched","not_uploaded"
"0541","Batch_019","NBR","Brain, neurons, and neuroplasticity","L09","Cross-cultural perspective","Q01","यह वास्तव में क्या है?","planned","not_researched","not_uploaded"
"0542","Batch_019","NBR","Brain, neurons, and neuroplasticity","L09","Cross-cultural perspective","Q02","इसका सबसे आम भ्रम क्या है?","planned","not_researched","not_uploaded"
"0543","Batch_019","NBR","Brain, neurons, and neuroplasticity","L09","Cross-cultural perspective","Q03","हम इसे रोज़मर्रा में कैसे पहचानते हैं?","planned","not_researched","not_uploaded"
"0544","Batch_019","NBR","Brain, neurons, and neuroplasticity","L09","Cross-cultural perspective","Q04","इसके पीछे प्रस्तावित तंत्र क्या है?","planned","not_researched","not_uploaded"
"0545","Batch_019","NBR","Brain, neurons, and neuroplasticity","L09","Cross-cultural perspective","Q05","कौन-सा प्रमाण सबसे मजबूत है?","planned","not_researched","not_uploaded"
"0546","Batch_019","NBR","Brain, neurons, and neuroplasticity","L09","Cross-cultural perspective","Q06","किस बात पर शोध सहमत नहीं है?","planned","not_researched","not_uploaded"
"0547","Batch_019","NBR","Brain, neurons, and neuroplasticity","L09","Cross-cultural perspective","Q07","कौन-सा छोटा, सुरक्षित अवलोकन किया जा सकता है?","planned","not_researched","not_uploaded"
"0548","Batch_019","NBR","Brain, neurons, and neuroplasticity","L09","Cross-cultural perspective","Q08","यह आदत क्यों कठिन लगती है?","planned","not_researched","not_uploaded"
"0549","Batch_019","NBR","Brain, neurons, and neuroplasticity","L09","Cross-cultural perspective","Q09","संदर्भ इसे कैसे बदलता है?","planned","not_researched","not_uploaded"
"0550","Batch_019","NBR","Brain, neurons, and neuroplasticity","L09","Cross-cultural perspective","Q10","क्या यह कारण है या केवल संबंध?","planned","not_researched","not_uploaded"
"0551","Batch_019","NBR","Brain, neurons, and neuroplasticity","L09","Cross-cultural perspective","Q11","भाषा इसे कैसे प्रभावित करती है?","planned","not_researched","not_uploaded"
"0552","Batch_019","NBR","Brain, neurons, and neuroplasticity","L09","Cross-cultural perspective","Q12","समय के साथ यह कैसे बदलता है?","planned","not_researched","not_uploaded"
"0553","Batch_019","NBR","Brain, neurons, and neuroplasticity","L09","Cross-cultural perspective","Q13","किस समूह पर निष्कर्ष लागू हुआ?","planned","not_researched","not_uploaded"
"0554","Batch_019","NBR","Brain, neurons, and neuroplasticity","L09","Cross-cultural perspective","Q14","नापने में कठिनाई क्या है?","planned","not_researched","not_uploaded"
"0555","Batch_019","NBR","Brain, neurons, and neuroplasticity","L09","Cross-cultural perspective","Q15","कौन-सी वैकल्पिक व्याख्या संभव है?","planned","not_researched","not_uploaded"
"0556","Batch_019","NBR","Brain, neurons, and neuroplasticity","L09","Cross-cultural perspective","Q16","छोटी सफलता क्यों मायने रखती है?","planned","not_researched","not_uploaded"
"0557","Batch_019","NBR","Brain, neurons, and neuroplasticity","L09","Cross-cultural perspective","Q17","कौन-सी सीमा उपयोगी है?","planned","not_researched","not_uploaded"
"0558","Batch_019","NBR","Brain, neurons, and neuroplasticity","L09","Cross-cultural perspective","Q18","क्या विशेषज्ञों में मतभेद है?","planned","not_researched","not_uploaded"
"0559","Batch_019","NBR","Brain, neurons, and neuroplasticity","L09","Cross-cultural perspective","Q19","प्रौद्योगिकी इसे कैसे बदलती है?","planned","not_researched","not_uploaded"
"0560","Batch_019","NBR","Brain, neurons, and neuroplasticity","L09","Cross-cultural perspective","Q20","नींद, तनाव, या पर्यावरण की भूमिका क्या है?","planned","not_researched","not_uploaded"
"0561","Batch_019","NBR","Brain, neurons, and neuroplasticity","L09","Cross-cultural perspective","Q21","हम अपने अनुमान कैसे जाँच सकते हैं?","planned","not_researched","not_uploaded"
"0562","Batch_019","NBR","Brain, neurons, and neuroplasticity","L09","Cross-cultural perspective","Q22","इसे नैतिक रूप से कैसे समझें?","planned","not_researched","not_uploaded"
"0563","Batch_019","NBR","Brain, neurons, and neuroplasticity","L09","Cross-cultural perspective","Q23","यह पहचान और भूमिका से कैसे जुड़ता है?","planned","not_researched","not_uploaded"
"0564","Batch_019","NBR","Brain, neurons, and neuroplasticity","L09","Cross-cultural perspective","Q24","कब सहायता लेना ठीक है?","planned","not_researched","not_uploaded"
"0565","Batch_019","NBR","Brain, neurons, and neuroplasticity","L09","Cross-cultural perspective","Q25","इस परंपरा का दृष्टिकोण क्या है?","planned","not_researched","not_uploaded"
"0566","Batch_019","NBR","Brain, neurons, and neuroplasticity","L09","Cross-cultural perspective","Q26","विज्ञान इससे क्या अलग कहता है?","planned","not_researched","not_uploaded"
"0567","Batch_019","NBR","Brain, neurons, and neuroplasticity","L09","Cross-cultural perspective","Q27","क्या छोटा परिवर्तन व्यवहार्य है?","planned","not_researched","not_uploaded"
"0568","Batch_019","NBR","Brain, neurons, and neuroplasticity","L09","Cross-cultural perspective","Q28","कौन-सा डेटा अभी गायब है?","planned","not_researched","not_uploaded"
"0569","Batch_019","NBR","Brain, neurons, and neuroplasticity","L09","Cross-cultural perspective","Q29","इससे जिज्ञासा कैसे बढ़ती है?","planned","not_researched","not_uploaded"
"0570","Batch_019","NBR","Brain, neurons, and neuroplasticity","L09","Cross-cultural perspective","Q30","मुख्य सीख क्या है?","planned","not_researched","not_uploaded"
"0571","Batch_020","NBR","Brain, neurons, and neuroplasticity","L10","Ethical implication","Q01","यह वास्तव में क्या है?","planned","not_researched","not_uploaded"
"0572","Batch_020","NBR","Brain, neurons, and neuroplasticity","L10","Ethical implication","Q02","इसका सबसे आम भ्रम क्या है?","planned","not_researched","not_uploaded"
"0573","Batch_020","NBR","Brain, neurons, and neuroplasticity","L10","Ethical implication","Q03","हम इसे रोज़मर्रा में कैसे पहचानते हैं?","planned","not_researched","not_uploaded"
"0574","Batch_020","NBR","Brain, neurons, and neuroplasticity","L10","Ethical implication","Q04","इसके पीछे प्रस्तावित तंत्र क्या है?","planned","not_researched","not_uploaded"
"0575","Batch_020","NBR","Brain, neurons, and neuroplasticity","L10","Ethical implication","Q05","कौन-सा प्रमाण सबसे मजबूत है?","planned","not_researched","not_uploaded"
"0576","Batch_020","NBR","Brain, neurons, and neuroplasticity","L10","Ethical implication","Q06","किस बात पर शोध सहमत नहीं है?","planned","not_researched","not_uploaded"
"0577","Batch_020","NBR","Brain, neurons, and neuroplasticity","L10","Ethical implication","Q07","कौन-सा छोटा, सुरक्षित अवलोकन किया जा सकता है?","planned","not_researched","not_uploaded"
"0578","Batch_020","NBR","Brain, neurons, and neuroplasticity","L10","Ethical implication","Q08","यह आदत क्यों कठिन लगती है?","planned","not_researched","not_uploaded"
"0579","Batch_020","NBR","Brain, neurons, and neuroplasticity","L10","Ethical implication","Q09","संदर्भ इसे कैसे बदलता है?","planned","not_researched","not_uploaded"
"0580","Batch_020","NBR","Brain, neurons, and neuroplasticity","L10","Ethical implication","Q10","क्या यह कारण है या केवल संबंध?","planned","not_researched","not_uploaded"
"0581","Batch_020","NBR","Brain, neurons, and neuroplasticity","L10","Ethical implication","Q11","भाषा इसे कैसे प्रभावित करती है?","planned","not_researched","not_uploaded"
"0582","Batch_020","NBR","Brain, neurons, and neuroplasticity","L10","Ethical implication","Q12","समय के साथ यह कैसे बदलता है?","planned","not_researched","not_uploaded"
"0583","Batch_020","NBR","Brain, neurons, and neuroplasticity","L10","Ethical implication","Q13","किस समूह पर निष्कर्ष लागू हुआ?","planned","not_researched","not_uploaded"
"0584","Batch_020","NBR","Brain, neurons, and neuroplasticity","L10","Ethical implication","Q14","नापने में कठिनाई क्या है?","planned","not_researched","not_uploaded"
"0585","Batch_020","NBR","Brain, neurons, and neuroplasticity","L10","Ethical implication","Q15","कौन-सी वैकल्पिक व्याख्या संभव है?","planned","not_researched","not_uploaded"
"0586","Batch_020","NBR","Brain, neurons, and neuroplasticity","L10","Ethical implication","Q16","छोटी सफलता क्यों मायने रखती है?","planned","not_researched","not_uploaded"
"0587","Batch_020","NBR","Brain, neurons, and neuroplasticity","L10","Ethical implication","Q17","कौन-सी सीमा उपयोगी है?","planned","not_researched","not_uploaded"
"0588","Batch_020","NBR","Brain, neurons, and neuroplasticity","L10","Ethical implication","Q18","क्या विशेषज्ञों में मतभेद है?","planned","not_researched","not_uploaded"
"0589","Batch_020","NBR","Brain, neurons, and neuroplasticity","L10","Ethical implication","Q19","प्रौद्योगिकी इसे कैसे बदलती है?","planned","not_researched","not_uploaded"
"0590","Batch_020","NBR","Brain, neurons, and neuroplasticity","L10","Ethical implication","Q20","नींद, तनाव, या पर्यावरण की भूमिका क्या है?","planned","not_researched","not_uploaded"
"0591","Batch_020","NBR","Brain, neurons, and neuroplasticity","L10","Ethical implication","Q21","हम अपने अनुमान कैसे जाँच सकते हैं?","planned","not_researched","not_uploaded"
"0592","Batch_020","NBR","Brain, neurons, and neuroplasticity","L10","Ethical implication","Q22","इसे नैतिक रूप से कैसे समझें?","planned","not_researched","not_uploaded"
"0593","Batch_020","NBR","Brain, neurons, and neuroplasticity","L10","Ethical implication","Q23","यह पहचान और भूमिका से कैसे जुड़ता है?","planned","not_researched","not_uploaded"
"0594","Batch_020","NBR","Brain, neurons, and neuroplasticity","L10","Ethical implication","Q24","कब सहायता लेना ठीक है?","planned","not_researched","not_uploaded"
"0595","Batch_020","NBR","Brain, neurons, and neuroplasticity","L10","Ethical implication","Q25","इस परंपरा का दृष्टिकोण क्या है?","planned","not_researched","not_uploaded"
"0596","Batch_020","NBR","Brain, neurons, and neuroplasticity","L10","Ethical implication","Q26","विज्ञान इससे क्या अलग कहता है?","planned","not_researched","not_uploaded"
"0597","Batch_020","NBR","Brain, neurons, and neuroplasticity","L10","Ethical implication","Q27","क्या छोटा परिवर्तन व्यवहार्य है?","planned","not_researched","not_uploaded"
"0598","Batch_020","NBR","Brain, neurons, and neuroplasticity","L10","Ethical implication","Q28","कौन-सा डेटा अभी गायब है?","planned","not_researched","not_uploaded"
"0599","Batch_020","NBR","Brain, neurons, and neuroplasticity","L10","Ethical implication","Q29","इससे जिज्ञासा कैसे बढ़ती है?","planned","not_researched","not_uploaded"
"0600","Batch_020","NBR","Brain, neurons, and neuroplasticity","L10","Ethical implication","Q30","मुख्य सीख क्या है?","planned","not_researched","not_uploaded"
"0601","Batch_021","MEM","Memory and learning","L01","Core definition","Q01","यह वास्तव में क्या है?","planned","not_researched","not_uploaded"
"0602","Batch_021","MEM","Memory and learning","L01","Core definition","Q02","इसका सबसे आम भ्रम क्या है?","planned","not_researched","not_uploaded"
"0603","Batch_021","MEM","Memory and learning","L01","Core definition","Q03","हम इसे रोज़मर्रा में कैसे पहचानते हैं?","planned","not_researched","not_uploaded"
"0604","Batch_021","MEM","Memory and learning","L01","Core definition","Q04","इसके पीछे प्रस्तावित तंत्र क्या है?","planned","not_researched","not_uploaded"
"0605","Batch_021","MEM","Memory and learning","L01","Core definition","Q05","कौन-सा प्रमाण सबसे मजबूत है?","planned","not_researched","not_uploaded"
"0606","Batch_021","MEM","Memory and learning","L01","Core definition","Q06","किस बात पर शोध सहमत नहीं है?","planned","not_researched","not_uploaded"
"0607","Batch_021","MEM","Memory and learning","L01","Core definition","Q07","कौन-सा छोटा, सुरक्षित अवलोकन किया जा सकता है?","planned","not_researched","not_uploaded"
"0608","Batch_021","MEM","Memory and learning","L01","Core definition","Q08","यह आदत क्यों कठिन लगती है?","planned","not_researched","not_uploaded"
"0609","Batch_021","MEM","Memory and learning","L01","Core definition","Q09","संदर्भ इसे कैसे बदलता है?","planned","not_researched","not_uploaded"
"0610","Batch_021","MEM","Memory and learning","L01","Core definition","Q10","क्या यह कारण है या केवल संबंध?","planned","not_researched","not_uploaded"
"0611","Batch_021","MEM","Memory and learning","L01","Core definition","Q11","भाषा इसे कैसे प्रभावित करती है?","planned","not_researched","not_uploaded"
"0612","Batch_021","MEM","Memory and learning","L01","Core definition","Q12","समय के साथ यह कैसे बदलता है?","planned","not_researched","not_uploaded"
"0613","Batch_021","MEM","Memory and learning","L01","Core definition","Q13","किस समूह पर निष्कर्ष लागू हुआ?","planned","not_researched","not_uploaded"
"0614","Batch_021","MEM","Memory and learning","L01","Core definition","Q14","नापने में कठिनाई क्या है?","planned","not_researched","not_uploaded"
"0615","Batch_021","MEM","Memory and learning","L01","Core definition","Q15","कौन-सी वैकल्पिक व्याख्या संभव है?","planned","not_researched","not_uploaded"
"0616","Batch_021","MEM","Memory and learning","L01","Core definition","Q16","छोटी सफलता क्यों मायने रखती है?","planned","not_researched","not_uploaded"
"0617","Batch_021","MEM","Memory and learning","L01","Core definition","Q17","कौन-सी सीमा उपयोगी है?","planned","not_researched","not_uploaded"
"0618","Batch_021","MEM","Memory and learning","L01","Core definition","Q18","क्या विशेषज्ञों में मतभेद है?","planned","not_researched","not_uploaded"
"0619","Batch_021","MEM","Memory and learning","L01","Core definition","Q19","प्रौद्योगिकी इसे कैसे बदलती है?","planned","not_researched","not_uploaded"
"0620","Batch_021","MEM","Memory and learning","L01","Core definition","Q20","नींद, तनाव, या पर्यावरण की भूमिका क्या है?","planned","not_researched","not_uploaded"
"0621","Batch_021","MEM","Memory and learning","L01","Core definition","Q21","हम अपने अनुमान कैसे जाँच सकते हैं?","planned","not_researched","not_uploaded"
"0622","Batch_021","MEM","Memory and learning","L01","Core definition","Q22","इसे नैतिक रूप से कैसे समझें?","planned","not_researched","not_uploaded"
"0623","Batch_021","MEM","Memory and learning","L01","Core definition","Q23","यह पहचान और भूमिका से कैसे जुड़ता है?","planned","not_researched","not_uploaded"
"0624","Batch_021","MEM","Memory and learning","L01","Core definition","Q24","कब सहायता लेना ठीक है?","planned","not_researched","not_uploaded"
"0625","Batch_021","MEM","Memory and learning","L01","Core definition","Q25","इस परंपरा का दृष्टिकोण क्या है?","planned","not_researched","not_uploaded"
"0626","Batch_021","MEM","Memory and learning","L01","Core definition","Q26","विज्ञान इससे क्या अलग कहता है?","planned","not_researched","not_uploaded"
"0627","Batch_021","MEM","Memory and learning","L01","Core definition","Q27","क्या छोटा परिवर्तन व्यवहार्य है?","planned","not_researched","not_uploaded"
"0628","Batch_021","MEM","Memory and learning","L01","Core definition","Q28","कौन-सा डेटा अभी गायब है?","planned","not_researched","not_uploaded"
"0629","Batch_021","MEM","Memory and learning","L01","Core definition","Q29","इससे जिज्ञासा कैसे बढ़ती है?","planned","not_researched","not_uploaded"
"0630","Batch_021","MEM","Memory and learning","L01","Core definition","Q30","मुख्य सीख क्या है?","planned","not_researched","not_uploaded"
"0631","Batch_022","MEM","Memory and learning","L02","Common misconception","Q01","यह वास्तव में क्या है?","planned","not_researched","not_uploaded"
"0632","Batch_022","MEM","Memory and learning","L02","Common misconception","Q02","इसका सबसे आम भ्रम क्या है?","planned","not_researched","not_uploaded"
"0633","Batch_022","MEM","Memory and learning","L02","Common misconception","Q03","हम इसे रोज़मर्रा में कैसे पहचानते हैं?","planned","not_researched","not_uploaded"
"0634","Batch_022","MEM","Memory and learning","L02","Common misconception","Q04","इसके पीछे प्रस्तावित तंत्र क्या है?","planned","not_researched","not_uploaded"
"0635","Batch_022","MEM","Memory and learning","L02","Common misconception","Q05","कौन-सा प्रमाण सबसे मजबूत है?","planned","not_researched","not_uploaded"
"0636","Batch_022","MEM","Memory and learning","L02","Common misconception","Q06","किस बात पर शोध सहमत नहीं है?","planned","not_researched","not_uploaded"
"0637","Batch_022","MEM","Memory and learning","L02","Common misconception","Q07","कौन-सा छोटा, सुरक्षित अवलोकन किया जा सकता है?","planned","not_researched","not_uploaded"
"0638","Batch_022","MEM","Memory and learning","L02","Common misconception","Q08","यह आदत क्यों कठिन लगती है?","planned","not_researched","not_uploaded"
"0639","Batch_022","MEM","Memory and learning","L02","Common misconception","Q09","संदर्भ इसे कैसे बदलता है?","planned","not_researched","not_uploaded"
"0640","Batch_022","MEM","Memory and learning","L02","Common misconception","Q10","क्या यह कारण है या केवल संबंध?","planned","not_researched","not_uploaded"
"0641","Batch_022","MEM","Memory and learning","L02","Common misconception","Q11","भाषा इसे कैसे प्रभावित करती है?","planned","not_researched","not_uploaded"
"0642","Batch_022","MEM","Memory and learning","L02","Common misconception","Q12","समय के साथ यह कैसे बदलता है?","planned","not_researched","not_uploaded"
"0643","Batch_022","MEM","Memory and learning","L02","Common misconception","Q13","किस समूह पर निष्कर्ष लागू हुआ?","planned","not_researched","not_uploaded"
"0644","Batch_022","MEM","Memory and learning","L02","Common misconception","Q14","नापने में कठिनाई क्या है?","planned","not_researched","not_uploaded"
"0645","Batch_022","MEM","Memory and learning","L02","Common misconception","Q15","कौन-सी वैकल्पिक व्याख्या संभव है?","planned","not_researched","not_uploaded"
"0646","Batch_022","MEM","Memory and learning","L02","Common misconception","Q16","छोटी सफलता क्यों मायने रखती है?","planned","not_researched","not_uploaded"
"0647","Batch_022","MEM","Memory and learning","L02","Common misconception","Q17","कौन-सी सीमा उपयोगी है?","planned","not_researched","not_uploaded"
"0648","Batch_022","MEM","Memory and learning","L02","Common misconception","Q18","क्या विशेषज्ञों में मतभेद है?","planned","not_researched","not_uploaded"
"0649","Batch_022","MEM","Memory and learning","L02","Common misconception","Q19","प्रौद्योगिकी इसे कैसे बदलती है?","planned","not_researched","not_uploaded"
"0650","Batch_022","MEM","Memory and learning","L02","Common misconception","Q20","नींद, तनाव, या पर्यावरण की भूमिका क्या है?","planned","not_researched","not_uploaded"
"0651","Batch_022","MEM","Memory and learning","L02","Common misconception","Q21","हम अपने अनुमान कैसे जाँच सकते हैं?","planned","not_researched","not_uploaded"
"0652","Batch_022","MEM","Memory and learning","L02","Common misconception","Q22","इसे नैतिक रूप से कैसे समझें?","planned","not_researched","not_uploaded"
"0653","Batch_022","MEM","Memory and learning","L02","Common misconception","Q23","यह पहचान और भूमिका से कैसे जुड़ता है?","planned","not_researched","not_uploaded"
"0654","Batch_022","MEM","Memory and learning","L02","Common misconception","Q24","कब सहायता लेना ठीक है?","planned","not_researched","not_uploaded"
"0655","Batch_022","MEM","Memory and learning","L02","Common misconception","Q25","इस परंपरा का दृष्टिकोण क्या है?","planned","not_researched","not_uploaded"
"0656","Batch_022","MEM","Memory and learning","L02","Common misconception","Q26","विज्ञान इससे क्या अलग कहता है?","planned","not_researched","not_uploaded"
"0657","Batch_022","MEM","Memory and learning","L02","Common misconception","Q27","क्या छोटा परिवर्तन व्यवहार्य है?","planned","not_researched","not_uploaded"
"0658","Batch_022","MEM","Memory and learning","L02","Common misconception","Q28","कौन-सा डेटा अभी गायब है?","planned","not_researched","not_uploaded"
"0659","Batch_022","MEM","Memory and learning","L02","Common misconception","Q29","इससे जिज्ञासा कैसे बढ़ती है?","planned","not_researched","not_uploaded"
"0660","Batch_022","MEM","Memory and learning","L02","Common misconception","Q30","मुख्य सीख क्या है?","planned","not_researched","not_uploaded"
"0661","Batch_023","MEM","Memory and learning","L03","Everyday observation","Q01","यह वास्तव में क्या है?","planned","not_researched","not_uploaded"
"0662","Batch_023","MEM","Memory and learning","L03","Everyday observation","Q02","इसका सबसे आम भ्रम क्या है?","planned","not_researched","not_uploaded"
"0663","Batch_023","MEM","Memory and learning","L03","Everyday observation","Q03","हम इसे रोज़मर्रा में कैसे पहचानते हैं?","planned","not_researched","not_uploaded"
"0664","Batch_023","MEM","Memory and learning","L03","Everyday observation","Q04","इसके पीछे प्रस्तावित तंत्र क्या है?","planned","not_researched","not_uploaded"
"0665","Batch_023","MEM","Memory and learning","L03","Everyday observation","Q05","कौन-सा प्रमाण सबसे मजबूत है?","planned","not_researched","not_uploaded"
"0666","Batch_023","MEM","Memory and learning","L03","Everyday observation","Q06","किस बात पर शोध सहमत नहीं है?","planned","not_researched","not_uploaded"
"0667","Batch_023","MEM","Memory and learning","L03","Everyday observation","Q07","कौन-सा छोटा, सुरक्षित अवलोकन किया जा सकता है?","planned","not_researched","not_uploaded"
"0668","Batch_023","MEM","Memory and learning","L03","Everyday observation","Q08","यह आदत क्यों कठिन लगती है?","planned","not_researched","not_uploaded"
"0669","Batch_023","MEM","Memory and learning","L03","Everyday observation","Q09","संदर्भ इसे कैसे बदलता है?","planned","not_researched","not_uploaded"
"0670","Batch_023","MEM","Memory and learning","L03","Everyday observation","Q10","क्या यह कारण है या केवल संबंध?","planned","not_researched","not_uploaded"
"0671","Batch_023","MEM","Memory and learning","L03","Everyday observation","Q11","भाषा इसे कैसे प्रभावित करती है?","planned","not_researched","not_uploaded"
"0672","Batch_023","MEM","Memory and learning","L03","Everyday observation","Q12","समय के साथ यह कैसे बदलता है?","planned","not_researched","not_uploaded"
"0673","Batch_023","MEM","Memory and learning","L03","Everyday observation","Q13","किस समूह पर निष्कर्ष लागू हुआ?","planned","not_researched","not_uploaded"
"0674","Batch_023","MEM","Memory and learning","L03","Everyday observation","Q14","नापने में कठिनाई क्या है?","planned","not_researched","not_uploaded"
"0675","Batch_023","MEM","Memory and learning","L03","Everyday observation","Q15","कौन-सी वैकल्पिक व्याख्या संभव है?","planned","not_researched","not_uploaded"
"0676","Batch_023","MEM","Memory and learning","L03","Everyday observation","Q16","छोटी सफलता क्यों मायने रखती है?","planned","not_researched","not_uploaded"
"0677","Batch_023","MEM","Memory and learning","L03","Everyday observation","Q17","कौन-सी सीमा उपयोगी है?","planned","not_researched","not_uploaded"
"0678","Batch_023","MEM","Memory and learning","L03","Everyday observation","Q18","क्या विशेषज्ञों में मतभेद है?","planned","not_researched","not_uploaded"
"0679","Batch_023","MEM","Memory and learning","L03","Everyday observation","Q19","प्रौद्योगिकी इसे कैसे बदलती है?","planned","not_researched","not_uploaded"
"0680","Batch_023","MEM","Memory and learning","L03","Everyday observation","Q20","नींद, तनाव, या पर्यावरण की भूमिका क्या है?","planned","not_researched","not_uploaded"
"0681","Batch_023","MEM","Memory and learning","L03","Everyday observation","Q21","हम अपने अनुमान कैसे जाँच सकते हैं?","planned","not_researched","not_uploaded"
"0682","Batch_023","MEM","Memory and learning","L03","Everyday observation","Q22","इसे नैतिक रूप से कैसे समझें?","planned","not_researched","not_uploaded"
"0683","Batch_023","MEM","Memory and learning","L03","Everyday observation","Q23","यह पहचान और भूमिका से कैसे जुड़ता है?","planned","not_researched","not_uploaded"
"0684","Batch_023","MEM","Memory and learning","L03","Everyday observation","Q24","कब सहायता लेना ठीक है?","planned","not_researched","not_uploaded"
"0685","Batch_023","MEM","Memory and learning","L03","Everyday observation","Q25","इस परंपरा का दृष्टिकोण क्या है?","planned","not_researched","not_uploaded"
"0686","Batch_023","MEM","Memory and learning","L03","Everyday observation","Q26","विज्ञान इससे क्या अलग कहता है?","planned","not_researched","not_uploaded"
"0687","Batch_023","MEM","Memory and learning","L03","Everyday observation","Q27","क्या छोटा परिवर्तन व्यवहार्य है?","planned","not_researched","not_uploaded"
"0688","Batch_023","MEM","Memory and learning","L03","Everyday observation","Q28","कौन-सा डेटा अभी गायब है?","planned","not_researched","not_uploaded"
"0689","Batch_023","MEM","Memory and learning","L03","Everyday observation","Q29","इससे जिज्ञासा कैसे बढ़ती है?","planned","not_researched","not_uploaded"
"0690","Batch_023","MEM","Memory and learning","L03","Everyday observation","Q30","मुख्य सीख क्या है?","planned","not_researched","not_uploaded"
"0691","Batch_024","MEM","Memory and learning","L04","Mechanism","Q01","यह वास्तव में क्या है?","planned","not_researched","not_uploaded"
"0692","Batch_024","MEM","Memory and learning","L04","Mechanism","Q02","इसका सबसे आम भ्रम क्या है?","planned","not_researched","not_uploaded"
"0693","Batch_024","MEM","Memory and learning","L04","Mechanism","Q03","हम इसे रोज़मर्रा में कैसे पहचानते हैं?","planned","not_researched","not_uploaded"
"0694","Batch_024","MEM","Memory and learning","L04","Mechanism","Q04","इसके पीछे प्रस्तावित तंत्र क्या है?","planned","not_researched","not_uploaded"
"0695","Batch_024","MEM","Memory and learning","L04","Mechanism","Q05","कौन-सा प्रमाण सबसे मजबूत है?","planned","not_researched","not_uploaded"
"0696","Batch_024","MEM","Memory and learning","L04","Mechanism","Q06","किस बात पर शोध सहमत नहीं है?","planned","not_researched","not_uploaded"
"0697","Batch_024","MEM","Memory and learning","L04","Mechanism","Q07","कौन-सा छोटा, सुरक्षित अवलोकन किया जा सकता है?","planned","not_researched","not_uploaded"
"0698","Batch_024","MEM","Memory and learning","L04","Mechanism","Q08","यह आदत क्यों कठिन लगती है?","planned","not_researched","not_uploaded"
"0699","Batch_024","MEM","Memory and learning","L04","Mechanism","Q09","संदर्भ इसे कैसे बदलता है?","planned","not_researched","not_uploaded"
"0700","Batch_024","MEM","Memory and learning","L04","Mechanism","Q10","क्या यह कारण है या केवल संबंध?","planned","not_researched","not_uploaded"
"0701","Batch_024","MEM","Memory and learning","L04","Mechanism","Q11","भाषा इसे कैसे प्रभावित करती है?","planned","not_researched","not_uploaded"
"0702","Batch_024","MEM","Memory and learning","L04","Mechanism","Q12","समय के साथ यह कैसे बदलता है?","planned","not_researched","not_uploaded"
"0703","Batch_024","MEM","Memory and learning","L04","Mechanism","Q13","किस समूह पर निष्कर्ष लागू हुआ?","planned","not_researched","not_uploaded"
"0704","Batch_024","MEM","Memory and learning","L04","Mechanism","Q14","नापने में कठिनाई क्या है?","planned","not_researched","not_uploaded"
"0705","Batch_024","MEM","Memory and learning","L04","Mechanism","Q15","कौन-सी वैकल्पिक व्याख्या संभव है?","planned","not_researched","not_uploaded"
"0706","Batch_024","MEM","Memory and learning","L04","Mechanism","Q16","छोटी सफलता क्यों मायने रखती है?","planned","not_researched","not_uploaded"
"0707","Batch_024","MEM","Memory and learning","L04","Mechanism","Q17","कौन-सी सीमा उपयोगी है?","planned","not_researched","not_uploaded"
"0708","Batch_024","MEM","Memory and learning","L04","Mechanism","Q18","क्या विशेषज्ञों में मतभेद है?","planned","not_researched","not_uploaded"
"0709","Batch_024","MEM","Memory and learning","L04","Mechanism","Q19","प्रौद्योगिकी इसे कैसे बदलती है?","planned","not_researched","not_uploaded"
"0710","Batch_024","MEM","Memory and learning","L04","Mechanism","Q20","नींद, तनाव, या पर्यावरण की भूमिका क्या है?","planned","not_researched","not_uploaded"
"0711","Batch_024","MEM","Memory and learning","L04","Mechanism","Q21","हम अपने अनुमान कैसे जाँच सकते हैं?","planned","not_researched","not_uploaded"
"0712","Batch_024","MEM","Memory and learning","L04","Mechanism","Q22","इसे नैतिक रूप से कैसे समझें?","planned","not_researched","not_uploaded"
"0713","Batch_024","MEM","Memory and learning","L04","Mechanism","Q23","यह पहचान और भूमिका से कैसे जुड़ता है?","planned","not_researched","not_uploaded"
"0714","Batch_024","MEM","Memory and learning","L04","Mechanism","Q24","कब सहायता लेना ठीक है?","planned","not_researched","not_uploaded"
"0715","Batch_024","MEM","Memory and learning","L04","Mechanism","Q25","इस परंपरा का दृष्टिकोण क्या है?","planned","not_researched","not_uploaded"
"0716","Batch_024","MEM","Memory and learning","L04","Mechanism","Q26","विज्ञान इससे क्या अलग कहता है?","planned","not_researched","not_uploaded"
"0717","Batch_024","MEM","Memory and learning","L04","Mechanism","Q27","क्या छोटा परिवर्तन व्यवहार्य है?","planned","not_researched","not_uploaded"
"0718","Batch_024","MEM","Memory and learning","L04","Mechanism","Q28","कौन-सा डेटा अभी गायब है?","planned","not_researched","not_uploaded"
"0719","Batch_024","MEM","Memory and learning","L04","Mechanism","Q29","इससे जिज्ञासा कैसे बढ़ती है?","planned","not_researched","not_uploaded"
"0720","Batch_024","MEM","Memory and learning","L04","Mechanism","Q30","मुख्य सीख क्या है?","planned","not_researched","not_uploaded"
"0721","Batch_025","MEM","Memory and learning","L05","Evidence comparison","Q01","यह वास्तव में क्या है?","planned","not_researched","not_uploaded"
"0722","Batch_025","MEM","Memory and learning","L05","Evidence comparison","Q02","इसका सबसे आम भ्रम क्या है?","planned","not_researched","not_uploaded"
"0723","Batch_025","MEM","Memory and learning","L05","Evidence comparison","Q03","हम इसे रोज़मर्रा में कैसे पहचानते हैं?","planned","not_researched","not_uploaded"
"0724","Batch_025","MEM","Memory and learning","L05","Evidence comparison","Q04","इसके पीछे प्रस्तावित तंत्र क्या है?","planned","not_researched","not_uploaded"
"0725","Batch_025","MEM","Memory and learning","L05","Evidence comparison","Q05","कौन-सा प्रमाण सबसे मजबूत है?","planned","not_researched","not_uploaded"
"0726","Batch_025","MEM","Memory and learning","L05","Evidence comparison","Q06","किस बात पर शोध सहमत नहीं है?","planned","not_researched","not_uploaded"
"0727","Batch_025","MEM","Memory and learning","L05","Evidence comparison","Q07","कौन-सा छोटा, सुरक्षित अवलोकन किया जा सकता है?","planned","not_researched","not_uploaded"
"0728","Batch_025","MEM","Memory and learning","L05","Evidence comparison","Q08","यह आदत क्यों कठिन लगती है?","planned","not_researched","not_uploaded"
"0729","Batch_025","MEM","Memory and learning","L05","Evidence comparison","Q09","संदर्भ इसे कैसे बदलता है?","planned","not_researched","not_uploaded"
"0730","Batch_025","MEM","Memory and learning","L05","Evidence comparison","Q10","क्या यह कारण है या केवल संबंध?","planned","not_researched","not_uploaded"
"0731","Batch_025","MEM","Memory and learning","L05","Evidence comparison","Q11","भाषा इसे कैसे प्रभावित करती है?","planned","not_researched","not_uploaded"
"0732","Batch_025","MEM","Memory and learning","L05","Evidence comparison","Q12","समय के साथ यह कैसे बदलता है?","planned","not_researched","not_uploaded"
"0733","Batch_025","MEM","Memory and learning","L05","Evidence comparison","Q13","किस समूह पर निष्कर्ष लागू हुआ?","planned","not_researched","not_uploaded"
"0734","Batch_025","MEM","Memory and learning","L05","Evidence comparison","Q14","नापने में कठिनाई क्या है?","planned","not_researched","not_uploaded"
"0735","Batch_025","MEM","Memory and learning","L05","Evidence comparison","Q15","कौन-सी वैकल्पिक व्याख्या संभव है?","planned","not_researched","not_uploaded"
"0736","Batch_025","MEM","Memory and learning","L05","Evidence comparison","Q16","छोटी सफलता क्यों मायने रखती है?","planned","not_researched","not_uploaded"
"0737","Batch_025","MEM","Memory and learning","L05","Evidence comparison","Q17","कौन-सी सीमा उपयोगी है?","planned","not_researched","not_uploaded"
"0738","Batch_025","MEM","Memory and learning","L05","Evidence comparison","Q18","क्या विशेषज्ञों में मतभेद है?","planned","not_researched","not_uploaded"
"0739","Batch_025","MEM","Memory and learning","L05","Evidence comparison","Q19","प्रौद्योगिकी इसे कैसे बदलती है?","planned","not_researched","not_uploaded"
"0740","Batch_025","MEM","Memory and learning","L05","Evidence comparison","Q20","नींद, तनाव, या पर्यावरण की भूमिका क्या है?","planned","not_researched","not_uploaded"
"0741","Batch_025","MEM","Memory and learning","L05","Evidence comparison","Q21","हम अपने अनुमान कैसे जाँच सकते हैं?","planned","not_researched","not_uploaded"
"0742","Batch_025","MEM","Memory and learning","L05","Evidence comparison","Q22","इसे नैतिक रूप से कैसे समझें?","planned","not_researched","not_uploaded"
"0743","Batch_025","MEM","Memory and learning","L05","Evidence comparison","Q23","यह पहचान और भूमिका से कैसे जुड़ता है?","planned","not_researched","not_uploaded"
"0744","Batch_025","MEM","Memory and learning","L05","Evidence comparison","Q24","कब सहायता लेना ठीक है?","planned","not_researched","not_uploaded"
"0745","Batch_025","MEM","Memory and learning","L05","Evidence comparison","Q25","इस परंपरा का दृष्टिकोण क्या है?","planned","not_researched","not_uploaded"
"0746","Batch_025","MEM","Memory and learning","L05","Evidence comparison","Q26","विज्ञान इससे क्या अलग कहता है?","planned","not_researched","not_uploaded"
"0747","Batch_025","MEM","Memory and learning","L05","Evidence comparison","Q27","क्या छोटा परिवर्तन व्यवहार्य है?","planned","not_researched","not_uploaded"
"0748","Batch_025","MEM","Memory and learning","L05","Evidence comparison","Q28","कौन-सा डेटा अभी गायब है?","planned","not_researched","not_uploaded"
"0749","Batch_025","MEM","Memory and learning","L05","Evidence comparison","Q29","इससे जिज्ञासा कैसे बढ़ती है?","planned","not_researched","not_uploaded"
"0750","Batch_025","MEM","Memory and learning","L05","Evidence comparison","Q30","मुख्य सीख क्या है?","planned","not_researched","not_uploaded"
"0751","Batch_026","MEM","Memory and learning","L06","Practical experiment","Q01","यह वास्तव में क्या है?","planned","not_researched","not_uploaded"
"0752","Batch_026","MEM","Memory and learning","L06","Practical experiment","Q02","इसका सबसे आम भ्रम क्या है?","planned","not_researched","not_uploaded"
"0753","Batch_026","MEM","Memory and learning","L06","Practical experiment","Q03","हम इसे रोज़मर्रा में कैसे पहचानते हैं?","planned","not_researched","not_uploaded"
"0754","Batch_026","MEM","Memory and learning","L06","Practical experiment","Q04","इसके पीछे प्रस्तावित तंत्र क्या है?","planned","not_researched","not_uploaded"
"0755","Batch_026","MEM","Memory and learning","L06","Practical experiment","Q05","कौन-सा प्रमाण सबसे मजबूत है?","planned","not_researched","not_uploaded"
"0756","Batch_026","MEM","Memory and learning","L06","Practical experiment","Q06","किस बात पर शोध सहमत नहीं है?","planned","not_researched","not_uploaded"
"0757","Batch_026","MEM","Memory and learning","L06","Practical experiment","Q07","कौन-सा छोटा, सुरक्षित अवलोकन किया जा सकता है?","planned","not_researched","not_uploaded"
"0758","Batch_026","MEM","Memory and learning","L06","Practical experiment","Q08","यह आदत क्यों कठिन लगती है?","planned","not_researched","not_uploaded"
"0759","Batch_026","MEM","Memory and learning","L06","Practical experiment","Q09","संदर्भ इसे कैसे बदलता है?","planned","not_researched","not_uploaded"
"0760","Batch_026","MEM","Memory and learning","L06","Practical experiment","Q10","क्या यह कारण है या केवल संबंध?","planned","not_researched","not_uploaded"
"0761","Batch_026","MEM","Memory and learning","L06","Practical experiment","Q11","भाषा इसे कैसे प्रभावित करती है?","planned","not_researched","not_uploaded"
"0762","Batch_026","MEM","Memory and learning","L06","Practical experiment","Q12","समय के साथ यह कैसे बदलता है?","planned","not_researched","not_uploaded"
"0763","Batch_026","MEM","Memory and learning","L06","Practical experiment","Q13","किस समूह पर निष्कर्ष लागू हुआ?","planned","not_researched","not_uploaded"
"0764","Batch_026","MEM","Memory and learning","L06","Practical experiment","Q14","नापने में कठिनाई क्या है?","planned","not_researched","not_uploaded"
"0765","Batch_026","MEM","Memory and learning","L06","Practical experiment","Q15","कौन-सी वैकल्पिक व्याख्या संभव है?","planned","not_researched","not_uploaded"
"0766","Batch_026","MEM","Memory and learning","L06","Practical experiment","Q16","छोटी सफलता क्यों मायने रखती है?","planned","not_researched","not_uploaded"
"0767","Batch_026","MEM","Memory and learning","L06","Practical experiment","Q17","कौन-सी सीमा उपयोगी है?","planned","not_researched","not_uploaded"
"0768","Batch_026","MEM","Memory and learning","L06","Practical experiment","Q18","क्या विशेषज्ञों में मतभेद है?","planned","not_researched","not_uploaded"
"0769","Batch_026","MEM","Memory and learning","L06","Practical experiment","Q19","प्रौद्योगिकी इसे कैसे बदलती है?","planned","not_researched","not_uploaded"
"0770","Batch_026","MEM","Memory and learning","L06","Practical experiment","Q20","नींद, तनाव, या पर्यावरण की भूमिका क्या है?","planned","not_researched","not_uploaded"
"0771","Batch_026","MEM","Memory and learning","L06","Practical experiment","Q21","हम अपने अनुमान कैसे जाँच सकते हैं?","planned","not_researched","not_uploaded"
"0772","Batch_026","MEM","Memory and learning","L06","Practical experiment","Q22","इसे नैतिक रूप से कैसे समझें?","planned","not_researched","not_uploaded"
"0773","Batch_026","MEM","Memory and learning","L06","Practical experiment","Q23","यह पहचान और भूमिका से कैसे जुड़ता है?","planned","not_researched","not_uploaded"
"0774","Batch_026","MEM","Memory and learning","L06","Practical experiment","Q24","कब सहायता लेना ठीक है?","planned","not_researched","not_uploaded"
"0775","Batch_026","MEM","Memory and learning","L06","Practical experiment","Q25","इस परंपरा का दृष्टिकोण क्या है?","planned","not_researched","not_uploaded"
"0776","Batch_026","MEM","Memory and learning","L06","Practical experiment","Q26","विज्ञान इससे क्या अलग कहता है?","planned","not_researched","not_uploaded"
"0777","Batch_026","MEM","Memory and learning","L06","Practical experiment","Q27","क्या छोटा परिवर्तन व्यवहार्य है?","planned","not_researched","not_uploaded"
"0778","Batch_026","MEM","Memory and learning","L06","Practical experiment","Q28","कौन-सा डेटा अभी गायब है?","planned","not_researched","not_uploaded"
"0779","Batch_026","MEM","Memory and learning","L06","Practical experiment","Q29","इससे जिज्ञासा कैसे बढ़ती है?","planned","not_researched","not_uploaded"
"0780","Batch_026","MEM","Memory and learning","L06","Practical experiment","Q30","मुख्य सीख क्या है?","planned","not_researched","not_uploaded"
"0781","Batch_027","MEM","Memory and learning","L07","Boundary condition","Q01","यह वास्तव में क्या है?","planned","not_researched","not_uploaded"
"0782","Batch_027","MEM","Memory and learning","L07","Boundary condition","Q02","इसका सबसे आम भ्रम क्या है?","planned","not_researched","not_uploaded"
"0783","Batch_027","MEM","Memory and learning","L07","Boundary condition","Q03","हम इसे रोज़मर्रा में कैसे पहचानते हैं?","planned","not_researched","not_uploaded"
"0784","Batch_027","MEM","Memory and learning","L07","Boundary condition","Q04","इसके पीछे प्रस्तावित तंत्र क्या है?","planned","not_researched","not_uploaded"
"0785","Batch_027","MEM","Memory and learning","L07","Boundary condition","Q05","कौन-सा प्रमाण सबसे मजबूत है?","planned","not_researched","not_uploaded"
"0786","Batch_027","MEM","Memory and learning","L07","Boundary condition","Q06","किस बात पर शोध सहमत नहीं है?","planned","not_researched","not_uploaded"
"0787","Batch_027","MEM","Memory and learning","L07","Boundary condition","Q07","कौन-सा छोटा, सुरक्षित अवलोकन किया जा सकता है?","planned","not_researched","not_uploaded"
"0788","Batch_027","MEM","Memory and learning","L07","Boundary condition","Q08","यह आदत क्यों कठिन लगती है?","planned","not_researched","not_uploaded"
"0789","Batch_027","MEM","Memory and learning","L07","Boundary condition","Q09","संदर्भ इसे कैसे बदलता है?","planned","not_researched","not_uploaded"
"0790","Batch_027","MEM","Memory and learning","L07","Boundary condition","Q10","क्या यह कारण है या केवल संबंध?","planned","not_researched","not_uploaded"
"0791","Batch_027","MEM","Memory and learning","L07","Boundary condition","Q11","भाषा इसे कैसे प्रभावित करती है?","planned","not_researched","not_uploaded"
"0792","Batch_027","MEM","Memory and learning","L07","Boundary condition","Q12","समय के साथ यह कैसे बदलता है?","planned","not_researched","not_uploaded"
"0793","Batch_027","MEM","Memory and learning","L07","Boundary condition","Q13","किस समूह पर निष्कर्ष लागू हुआ?","planned","not_researched","not_uploaded"
"0794","Batch_027","MEM","Memory and learning","L07","Boundary condition","Q14","नापने में कठिनाई क्या है?","planned","not_researched","not_uploaded"
"0795","Batch_027","MEM","Memory and learning","L07","Boundary condition","Q15","कौन-सी वैकल्पिक व्याख्या संभव है?","planned","not_researched","not_uploaded"
"0796","Batch_027","MEM","Memory and learning","L07","Boundary condition","Q16","छोटी सफलता क्यों मायने रखती है?","planned","not_researched","not_uploaded"
"0797","Batch_027","MEM","Memory and learning","L07","Boundary condition","Q17","कौन-सी सीमा उपयोगी है?","planned","not_researched","not_uploaded"
"0798","Batch_027","MEM","Memory and learning","L07","Boundary condition","Q18","क्या विशेषज्ञों में मतभेद है?","planned","not_researched","not_uploaded"
"0799","Batch_027","MEM","Memory and learning","L07","Boundary condition","Q19","प्रौद्योगिकी इसे कैसे बदलती है?","planned","not_researched","not_uploaded"
"0800","Batch_027","MEM","Memory and learning","L07","Boundary condition","Q20","नींद, तनाव, या पर्यावरण की भूमिका क्या है?","planned","not_researched","not_uploaded"
"0801","Batch_027","MEM","Memory and learning","L07","Boundary condition","Q21","हम अपने अनुमान कैसे जाँच सकते हैं?","planned","not_researched","not_uploaded"
"0802","Batch_027","MEM","Memory and learning","L07","Boundary condition","Q22","इसे नैतिक रूप से कैसे समझें?","planned","not_researched","not_uploaded"
"0803","Batch_027","MEM","Memory and learning","L07","Boundary condition","Q23","यह पहचान और भूमिका से कैसे जुड़ता है?","planned","not_researched","not_uploaded"
"0804","Batch_027","MEM","Memory and learning","L07","Boundary condition","Q24","कब सहायता लेना ठीक है?","planned","not_researched","not_uploaded"
"0805","Batch_027","MEM","Memory and learning","L07","Boundary condition","Q25","इस परंपरा का दृष्टिकोण क्या है?","planned","not_researched","not_uploaded"
"0806","Batch_027","MEM","Memory and learning","L07","Boundary condition","Q26","विज्ञान इससे क्या अलग कहता है?","planned","not_researched","not_uploaded"
"0807","Batch_027","MEM","Memory and learning","L07","Boundary condition","Q27","क्या छोटा परिवर्तन व्यवहार्य है?","planned","not_researched","not_uploaded"
"0808","Batch_027","MEM","Memory and learning","L07","Boundary condition","Q28","कौन-सा डेटा अभी गायब है?","planned","not_researched","not_uploaded"
"0809","Batch_027","MEM","Memory and learning","L07","Boundary condition","Q29","इससे जिज्ञासा कैसे बढ़ती है?","planned","not_researched","not_uploaded"
"0810","Batch_027","MEM","Memory and learning","L07","Boundary condition","Q30","मुख्य सीख क्या है?","planned","not_researched","not_uploaded"
"0811","Batch_028","MEM","Memory and learning","L08","History of an idea","Q01","यह वास्तव में क्या है?","planned","not_researched","not_uploaded"
"0812","Batch_028","MEM","Memory and learning","L08","History of an idea","Q02","इसका सबसे आम भ्रम क्या है?","planned","not_researched","not_uploaded"
"0813","Batch_028","MEM","Memory and learning","L08","History of an idea","Q03","हम इसे रोज़मर्रा में कैसे पहचानते हैं?","planned","not_researched","not_uploaded"
"0814","Batch_028","MEM","Memory and learning","L08","History of an idea","Q04","इसके पीछे प्रस्तावित तंत्र क्या है?","planned","not_researched","not_uploaded"
"0815","Batch_028","MEM","Memory and learning","L08","History of an idea","Q05","कौन-सा प्रमाण सबसे मजबूत है?","planned","not_researched","not_uploaded"
"0816","Batch_028","MEM","Memory and learning","L08","History of an idea","Q06","किस बात पर शोध सहमत नहीं है?","planned","not_researched","not_uploaded"
"0817","Batch_028","MEM","Memory and learning","L08","History of an idea","Q07","कौन-सा छोटा, सुरक्षित अवलोकन किया जा सकता है?","planned","not_researched","not_uploaded"
"0818","Batch_028","MEM","Memory and learning","L08","History of an idea","Q08","यह आदत क्यों कठिन लगती है?","planned","not_researched","not_uploaded"
"0819","Batch_028","MEM","Memory and learning","L08","History of an idea","Q09","संदर्भ इसे कैसे बदलता है?","planned","not_researched","not_uploaded"
"0820","Batch_028","MEM","Memory and learning","L08","History of an idea","Q10","क्या यह कारण है या केवल संबंध?","planned","not_researched","not_uploaded"
"0821","Batch_028","MEM","Memory and learning","L08","History of an idea","Q11","भाषा इसे कैसे प्रभावित करती है?","planned","not_researched","not_uploaded"
"0822","Batch_028","MEM","Memory and learning","L08","History of an idea","Q12","समय के साथ यह कैसे बदलता है?","planned","not_researched","not_uploaded"
"0823","Batch_028","MEM","Memory and learning","L08","History of an idea","Q13","किस समूह पर निष्कर्ष लागू हुआ?","planned","not_researched","not_uploaded"
"0824","Batch_028","MEM","Memory and learning","L08","History of an idea","Q14","नापने में कठिनाई क्या है?","planned","not_researched","not_uploaded"
"0825","Batch_028","MEM","Memory and learning","L08","History of an idea","Q15","कौन-सी वैकल्पिक व्याख्या संभव है?","planned","not_researched","not_uploaded"
"0826","Batch_028","MEM","Memory and learning","L08","History of an idea","Q16","छोटी सफलता क्यों मायने रखती है?","planned","not_researched","not_uploaded"
"0827","Batch_028","MEM","Memory and learning","L08","History of an idea","Q17","कौन-सी सीमा उपयोगी है?","planned","not_researched","not_uploaded"
"0828","Batch_028","MEM","Memory and learning","L08","History of an idea","Q18","क्या विशेषज्ञों में मतभेद है?","planned","not_researched","not_uploaded"
"0829","Batch_028","MEM","Memory and learning","L08","History of an idea","Q19","प्रौद्योगिकी इसे कैसे बदलती है?","planned","not_researched","not_uploaded"
"0830","Batch_028","MEM","Memory and learning","L08","History of an idea","Q20","नींद, तनाव, या पर्यावरण की भूमिका क्या है?","planned","not_researched","not_uploaded"
"0831","Batch_028","MEM","Memory and learning","L08","History of an idea","Q21","हम अपने अनुमान कैसे जाँच सकते हैं?","planned","not_researched","not_uploaded"
"0832","Batch_028","MEM","Memory and learning","L08","History of an idea","Q22","इसे नैतिक रूप से कैसे समझें?","planned","not_researched","not_uploaded"
"0833","Batch_028","MEM","Memory and learning","L08","History of an idea","Q23","यह पहचान और भूमिका से कैसे जुड़ता है?","planned","not_researched","not_uploaded"
"0834","Batch_028","MEM","Memory and learning","L08","History of an idea","Q24","कब सहायता लेना ठीक है?","planned","not_researched","not_uploaded"
"0835","Batch_028","MEM","Memory and learning","L08","History of an idea","Q25","इस परंपरा का दृष्टिकोण क्या है?","planned","not_researched","not_uploaded"
"0836","Batch_028","MEM","Memory and learning","L08","History of an idea","Q26","विज्ञान इससे क्या अलग कहता है?","planned","not_researched","not_uploaded"
"0837","Batch_028","MEM","Memory and learning","L08","History of an idea","Q27","क्या छोटा परिवर्तन व्यवहार्य है?","planned","not_researched","not_uploaded"
"0838","Batch_028","MEM","Memory and learning","L08","History of an idea","Q28","कौन-सा डेटा अभी गायब है?","planned","not_researched","not_uploaded"
"0839","Batch_028","MEM","Memory and learning","L08","History of an idea","Q29","इससे जिज्ञासा कैसे बढ़ती है?","planned","not_researched","not_uploaded"
"0840","Batch_028","MEM","Memory and learning","L08","History of an idea","Q30","मुख्य सीख क्या है?","planned","not_researched","not_uploaded"
"0841","Batch_029","MEM","Memory and learning","L09","Cross-cultural perspective","Q01","यह वास्तव में क्या है?","planned","not_researched","not_uploaded"
"0842","Batch_029","MEM","Memory and learning","L09","Cross-cultural perspective","Q02","इसका सबसे आम भ्रम क्या है?","planned","not_researched","not_uploaded"
"0843","Batch_029","MEM","Memory and learning","L09","Cross-cultural perspective","Q03","हम इसे रोज़मर्रा में कैसे पहचानते हैं?","planned","not_researched","not_uploaded"
"0844","Batch_029","MEM","Memory and learning","L09","Cross-cultural perspective","Q04","इसके पीछे प्रस्तावित तंत्र क्या है?","planned","not_researched","not_uploaded"
"0845","Batch_029","MEM","Memory and learning","L09","Cross-cultural perspective","Q05","कौन-सा प्रमाण सबसे मजबूत है?","planned","not_researched","not_uploaded"
"0846","Batch_029","MEM","Memory and learning","L09","Cross-cultural perspective","Q06","किस बात पर शोध सहमत नहीं है?","planned","not_researched","not_uploaded"
"0847","Batch_029","MEM","Memory and learning","L09","Cross-cultural perspective","Q07","कौन-सा छोटा, सुरक्षित अवलोकन किया जा सकता है?","planned","not_researched","not_uploaded"
"0848","Batch_029","MEM","Memory and learning","L09","Cross-cultural perspective","Q08","यह आदत क्यों कठिन लगती है?","planned","not_researched","not_uploaded"
"0849","Batch_029","MEM","Memory and learning","L09","Cross-cultural perspective","Q09","संदर्भ इसे कैसे बदलता है?","planned","not_researched","not_uploaded"
"0850","Batch_029","MEM","Memory and learning","L09","Cross-cultural perspective","Q10","क्या यह कारण है या केवल संबंध?","planned","not_researched","not_uploaded"
"0851","Batch_029","MEM","Memory and learning","L09","Cross-cultural perspective","Q11","भाषा इसे कैसे प्रभावित करती है?","planned","not_researched","not_uploaded"
"0852","Batch_029","MEM","Memory and learning","L09","Cross-cultural perspective","Q12","समय के साथ यह कैसे बदलता है?","planned","not_researched","not_uploaded"
"0853","Batch_029","MEM","Memory and learning","L09","Cross-cultural perspective","Q13","किस समूह पर निष्कर्ष लागू हुआ?","planned","not_researched","not_uploaded"
"0854","Batch_029","MEM","Memory and learning","L09","Cross-cultural perspective","Q14","नापने में कठिनाई क्या है?","planned","not_researched","not_uploaded"
"0855","Batch_029","MEM","Memory and learning","L09","Cross-cultural perspective","Q15","कौन-सी वैकल्पिक व्याख्या संभव है?","planned","not_researched","not_uploaded"
"0856","Batch_029","MEM","Memory and learning","L09","Cross-cultural perspective","Q16","छोटी सफलता क्यों मायने रखती है?","planned","not_researched","not_uploaded"
"0857","Batch_029","MEM","Memory and learning","L09","Cross-cultural perspective","Q17","कौन-सी सीमा उपयोगी है?","planned","not_researched","not_uploaded"
"0858","Batch_029","MEM","Memory and learning","L09","Cross-cultural perspective","Q18","क्या विशेषज्ञों में मतभेद है?","planned","not_researched","not_uploaded"
"0859","Batch_029","MEM","Memory and learning","L09","Cross-cultural perspective","Q19","प्रौद्योगिकी इसे कैसे बदलती है?","planned","not_researched","not_uploaded"
"0860","Batch_029","MEM","Memory and learning","L09","Cross-cultural perspective","Q20","नींद, तनाव, या पर्यावरण की भूमिका क्या है?","planned","not_researched","not_uploaded"
"0861","Batch_029","MEM","Memory and learning","L09","Cross-cultural perspective","Q21","हम अपने अनुमान कैसे जाँच सकते हैं?","planned","not_researched","not_uploaded"
"0862","Batch_029","MEM","Memory and learning","L09","Cross-cultural perspective","Q22","इसे नैतिक रूप से कैसे समझें?","planned","not_researched","not_uploaded"
"0863","Batch_029","MEM","Memory and learning","L09","Cross-cultural perspective","Q23","यह पहचान और भूमिका से कैसे जुड़ता है?","planned","not_researched","not_uploaded"
"0864","Batch_029","MEM","Memory and learning","L09","Cross-cultural perspective","Q24","कब सहायता लेना ठीक है?","planned","not_researched","not_uploaded"
"0865","Batch_029","MEM","Memory and learning","L09","Cross-cultural perspective","Q25","इस परंपरा का दृष्टिकोण क्या है?","planned","not_researched","not_uploaded"
"0866","Batch_029","MEM","Memory and learning","L09","Cross-cultural perspective","Q26","विज्ञान इससे क्या अलग कहता है?","planned","not_researched","not_uploaded"
"0867","Batch_029","MEM","Memory and learning","L09","Cross-cultural perspective","Q27","क्या छोटा परिवर्तन व्यवहार्य है?","planned","not_researched","not_uploaded"
"0868","Batch_029","MEM","Memory and learning","L09","Cross-cultural perspective","Q28","कौन-सा डेटा अभी गायब है?","planned","not_researched","not_uploaded"
"0869","Batch_029","MEM","Memory and learning","L09","Cross-cultural perspective","Q29","इससे जिज्ञासा कैसे बढ़ती है?","planned","not_researched","not_uploaded"
"0870","Batch_029","MEM","Memory and learning","L09","Cross-cultural perspective","Q30","मुख्य सीख क्या है?","planned","not_researched","not_uploaded"
"0871","Batch_030","MEM","Memory and learning","L10","Ethical implication","Q01","यह वास्तव में क्या है?","planned","not_researched","not_uploaded"
"0872","Batch_030","MEM","Memory and learning","L10","Ethical implication","Q02","इसका सबसे आम भ्रम क्या है?","planned","not_researched","not_uploaded"
"0873","Batch_030","MEM","Memory and learning","L10","Ethical implication","Q03","हम इसे रोज़मर्रा में कैसे पहचानते हैं?","planned","not_researched","not_uploaded"
"0874","Batch_030","MEM","Memory and learning","L10","Ethical implication","Q04","इसके पीछे प्रस्तावित तंत्र क्या है?","planned","not_researched","not_uploaded"
"0875","Batch_030","MEM","Memory and learning","L10","Ethical implication","Q05","कौन-सा प्रमाण सबसे मजबूत है?","planned","not_researched","not_uploaded"
"0876","Batch_030","MEM","Memory and learning","L10","Ethical implication","Q06","किस बात पर शोध सहमत नहीं है?","planned","not_researched","not_uploaded"
"0877","Batch_030","MEM","Memory and learning","L10","Ethical implication","Q07","कौन-सा छोटा, सुरक्षित अवलोकन किया जा सकता है?","planned","not_researched","not_uploaded"
"0878","Batch_030","MEM","Memory and learning","L10","Ethical implication","Q08","यह आदत क्यों कठिन लगती है?","planned","not_researched","not_uploaded"
"0879","Batch_030","MEM","Memory and learning","L10","Ethical implication","Q09","संदर्भ इसे कैसे बदलता है?","planned","not_researched","not_uploaded"
"0880","Batch_030","MEM","Memory and learning","L10","Ethical implication","Q10","क्या यह कारण है या केवल संबंध?","planned","not_researched","not_uploaded"
"0881","Batch_030","MEM","Memory and learning","L10","Ethical implication","Q11","भाषा इसे कैसे प्रभावित करती है?","planned","not_researched","not_uploaded"
"0882","Batch_030","MEM","Memory and learning","L10","Ethical implication","Q12","समय के साथ यह कैसे बदलता है?","planned","not_researched","not_uploaded"
"0883","Batch_030","MEM","Memory and learning","L10","Ethical implication","Q13","किस समूह पर निष्कर्ष लागू हुआ?","planned","not_researched","not_uploaded"
"0884","Batch_030","MEM","Memory and learning","L10","Ethical implication","Q14","नापने में कठिनाई क्या है?","planned","not_researched","not_uploaded"
"0885","Batch_030","MEM","Memory and learning","L10","Ethical implication","Q15","कौन-सी वैकल्पिक व्याख्या संभव है?","planned","not_researched","not_uploaded"
"0886","Batch_030","MEM","Memory and learning","L10","Ethical implication","Q16","छोटी सफलता क्यों मायने रखती है?","planned","not_researched","not_uploaded"
"0887","Batch_030","MEM","Memory and learning","L10","Ethical implication","Q17","कौन-सी सीमा उपयोगी है?","planned","not_researched","not_uploaded"
"0888","Batch_030","MEM","Memory and learning","L10","Ethical implication","Q18","क्या विशेषज्ञों में मतभेद है?","planned","not_researched","not_uploaded"
"0889","Batch_030","MEM","Memory and learning","L10","Ethical implication","Q19","प्रौद्योगिकी इसे कैसे बदलती है?","planned","not_researched","not_uploaded"
"0890","Batch_030","MEM","Memory and learning","L10","Ethical implication","Q20","नींद, तनाव, या पर्यावरण की भूमिका क्या है?","planned","not_researched","not_uploaded"
"0891","Batch_030","MEM","Memory and learning","L10","Ethical implication","Q21","हम अपने अनुमान कैसे जाँच सकते हैं?","planned","not_researched","not_uploaded"
"0892","Batch_030","MEM","Memory and learning","L10","Ethical implication","Q22","इसे नैतिक रूप से कैसे समझें?","planned","not_researched","not_uploaded"
"0893","Batch_030","MEM","Memory and learning","L10","Ethical implication","Q23","यह पहचान और भूमिका से कैसे जुड़ता है?","planned","not_researched","not_uploaded"
"0894","Batch_030","MEM","Memory and learning","L10","Ethical implication","Q24","कब सहायता लेना ठीक है?","planned","not_researched","not_uploaded"
"0895","Batch_030","MEM","Memory and learning","L10","Ethical implication","Q25","इस परंपरा का दृष्टिकोण क्या है?","planned","not_researched","not_uploaded"
"0896","Batch_030","MEM","Memory and learning","L10","Ethical implication","Q26","विज्ञान इससे क्या अलग कहता है?","planned","not_researched","not_uploaded"
"0897","Batch_030","MEM","Memory and learning","L10","Ethical implication","Q27","क्या छोटा परिवर्तन व्यवहार्य है?","planned","not_researched","not_uploaded"
"0898","Batch_030","MEM","Memory and learning","L10","Ethical implication","Q28","कौन-सा डेटा अभी गायब है?","planned","not_researched","not_uploaded"
"0899","Batch_030","MEM","Memory and learning","L10","Ethical implication","Q29","इससे जिज्ञासा कैसे बढ़ती है?","planned","not_researched","not_uploaded"
"0900","Batch_030","MEM","Memory and learning","L10","Ethical implication","Q30","मुख्य सीख क्या है?","planned","not_researched","not_uploaded"
"0901","Batch_031","SLP","Sleep, recovery, and performance","L01","Core definition","Q01","यह वास्तव में क्या है?","planned","not_researched","not_uploaded"
"0902","Batch_031","SLP","Sleep, recovery, and performance","L01","Core definition","Q02","इसका सबसे आम भ्रम क्या है?","planned","not_researched","not_uploaded"
"0903","Batch_031","SLP","Sleep, recovery, and performance","L01","Core definition","Q03","हम इसे रोज़मर्रा में कैसे पहचानते हैं?","planned","not_researched","not_uploaded"
"0904","Batch_031","SLP","Sleep, recovery, and performance","L01","Core definition","Q04","इसके पीछे प्रस्तावित तंत्र क्या है?","planned","not_researched","not_uploaded"
"0905","Batch_031","SLP","Sleep, recovery, and performance","L01","Core definition","Q05","कौन-सा प्रमाण सबसे मजबूत है?","planned","not_researched","not_uploaded"
"0906","Batch_031","SLP","Sleep, recovery, and performance","L01","Core definition","Q06","किस बात पर शोध सहमत नहीं है?","planned","not_researched","not_uploaded"
"0907","Batch_031","SLP","Sleep, recovery, and performance","L01","Core definition","Q07","कौन-सा छोटा, सुरक्षित अवलोकन किया जा सकता है?","planned","not_researched","not_uploaded"
"0908","Batch_031","SLP","Sleep, recovery, and performance","L01","Core definition","Q08","यह आदत क्यों कठिन लगती है?","planned","not_researched","not_uploaded"
"0909","Batch_031","SLP","Sleep, recovery, and performance","L01","Core definition","Q09","संदर्भ इसे कैसे बदलता है?","planned","not_researched","not_uploaded"
"0910","Batch_031","SLP","Sleep, recovery, and performance","L01","Core definition","Q10","क्या यह कारण है या केवल संबंध?","planned","not_researched","not_uploaded"
"0911","Batch_031","SLP","Sleep, recovery, and performance","L01","Core definition","Q11","भाषा इसे कैसे प्रभावित करती है?","planned","not_researched","not_uploaded"
"0912","Batch_031","SLP","Sleep, recovery, and performance","L01","Core definition","Q12","समय के साथ यह कैसे बदलता है?","planned","not_researched","not_uploaded"
"0913","Batch_031","SLP","Sleep, recovery, and performance","L01","Core definition","Q13","किस समूह पर निष्कर्ष लागू हुआ?","planned","not_researched","not_uploaded"
"0914","Batch_031","SLP","Sleep, recovery, and performance","L01","Core definition","Q14","नापने में कठिनाई क्या है?","planned","not_researched","not_uploaded"
"0915","Batch_031","SLP","Sleep, recovery, and performance","L01","Core definition","Q15","कौन-सी वैकल्पिक व्याख्या संभव है?","planned","not_researched","not_uploaded"
"0916","Batch_031","SLP","Sleep, recovery, and performance","L01","Core definition","Q16","छोटी सफलता क्यों मायने रखती है?","planned","not_researched","not_uploaded"
"0917","Batch_031","SLP","Sleep, recovery, and performance","L01","Core definition","Q17","कौन-सी सीमा उपयोगी है?","planned","not_researched","not_uploaded"
"0918","Batch_031","SLP","Sleep, recovery, and performance","L01","Core definition","Q18","क्या विशेषज्ञों में मतभेद है?","planned","not_researched","not_uploaded"
"0919","Batch_031","SLP","Sleep, recovery, and performance","L01","Core definition","Q19","प्रौद्योगिकी इसे कैसे बदलती है?","planned","not_researched","not_uploaded"
"0920","Batch_031","SLP","Sleep, recovery, and performance","L01","Core definition","Q20","नींद, तनाव, या पर्यावरण की भूमिका क्या है?","planned","not_researched","not_uploaded"
"0921","Batch_031","SLP","Sleep, recovery, and performance","L01","Core definition","Q21","हम अपने अनुमान कैसे जाँच सकते हैं?","planned","not_researched","not_uploaded"
"0922","Batch_031","SLP","Sleep, recovery, and performance","L01","Core definition","Q22","इसे नैतिक रूप से कैसे समझें?","planned","not_researched","not_uploaded"
"0923","Batch_031","SLP","Sleep, recovery, and performance","L01","Core definition","Q23","यह पहचान और भूमिका से कैसे जुड़ता है?","planned","not_researched","not_uploaded"
"0924","Batch_031","SLP","Sleep, recovery, and performance","L01","Core definition","Q24","कब सहायता लेना ठीक है?","planned","not_researched","not_uploaded"
"0925","Batch_031","SLP","Sleep, recovery, and performance","L01","Core definition","Q25","इस परंपरा का दृष्टिकोण क्या है?","planned","not_researched","not_uploaded"
"0926","Batch_031","SLP","Sleep, recovery, and performance","L01","Core definition","Q26","विज्ञान इससे क्या अलग कहता है?","planned","not_researched","not_uploaded"
"0927","Batch_031","SLP","Sleep, recovery, and performance","L01","Core definition","Q27","क्या छोटा परिवर्तन व्यवहार्य है?","planned","not_researched","not_uploaded"
"0928","Batch_031","SLP","Sleep, recovery, and performance","L01","Core definition","Q28","कौन-सा डेटा अभी गायब है?","planned","not_researched","not_uploaded"
"0929","Batch_031","SLP","Sleep, recovery, and performance","L01","Core definition","Q29","इससे जिज्ञासा कैसे बढ़ती है?","planned","not_researched","not_uploaded"
"0930","Batch_031","SLP","Sleep, recovery, and performance","L01","Core definition","Q30","मुख्य सीख क्या है?","planned","not_researched","not_uploaded"
"0931","Batch_032","SLP","Sleep, recovery, and performance","L02","Common misconception","Q01","यह वास्तव में क्या है?","planned","not_researched","not_uploaded"
"0932","Batch_032","SLP","Sleep, recovery, and performance","L02","Common misconception","Q02","इसका सबसे आम भ्रम क्या है?","planned","not_researched","not_uploaded"
"0933","Batch_032","SLP","Sleep, recovery, and performance","L02","Common misconception","Q03","हम इसे रोज़मर्रा में कैसे पहचानते हैं?","planned","not_researched","not_uploaded"
"0934","Batch_032","SLP","Sleep, recovery, and performance","L02","Common misconception","Q04","इसके पीछे प्रस्तावित तंत्र क्या है?","planned","not_researched","not_uploaded"
"0935","Batch_032","SLP","Sleep, recovery, and performance","L02","Common misconception","Q05","कौन-सा प्रमाण सबसे मजबूत है?","planned","not_researched","not_uploaded"
"0936","Batch_032","SLP","Sleep, recovery, and performance","L02","Common misconception","Q06","किस बात पर शोध सहमत नहीं है?","planned","not_researched","not_uploaded"
"0937","Batch_032","SLP","Sleep, recovery, and performance","L02","Common misconception","Q07","कौन-सा छोटा, सुरक्षित अवलोकन किया जा सकता है?","planned","not_researched","not_uploaded"
"0938","Batch_032","SLP","Sleep, recovery, and performance","L02","Common misconception","Q08","यह आदत क्यों कठिन लगती है?","planned","not_researched","not_uploaded"
"0939","Batch_032","SLP","Sleep, recovery, and performance","L02","Common misconception","Q09","संदर्भ इसे कैसे बदलता है?","planned","not_researched","not_uploaded"
"0940","Batch_032","SLP","Sleep, recovery, and performance","L02","Common misconception","Q10","क्या यह कारण है या केवल संबंध?","planned","not_researched","not_uploaded"
"0941","Batch_032","SLP","Sleep, recovery, and performance","L02","Common misconception","Q11","भाषा इसे कैसे प्रभावित करती है?","planned","not_researched","not_uploaded"
"0942","Batch_032","SLP","Sleep, recovery, and performance","L02","Common misconception","Q12","समय के साथ यह कैसे बदलता है?","planned","not_researched","not_uploaded"
"0943","Batch_032","SLP","Sleep, recovery, and performance","L02","Common misconception","Q13","किस समूह पर निष्कर्ष लागू हुआ?","planned","not_researched","not_uploaded"
"0944","Batch_032","SLP","Sleep, recovery, and performance","L02","Common misconception","Q14","नापने में कठिनाई क्या है?","planned","not_researched","not_uploaded"
"0945","Batch_032","SLP","Sleep, recovery, and performance","L02","Common misconception","Q15","कौन-सी वैकल्पिक व्याख्या संभव है?","planned","not_researched","not_uploaded"
"0946","Batch_032","SLP","Sleep, recovery, and performance","L02","Common misconception","Q16","छोटी सफलता क्यों मायने रखती है?","planned","not_researched","not_uploaded"
"0947","Batch_032","SLP","Sleep, recovery, and performance","L02","Common misconception","Q17","कौन-सी सीमा उपयोगी है?","planned","not_researched","not_uploaded"
"0948","Batch_032","SLP","Sleep, recovery, and performance","L02","Common misconception","Q18","क्या विशेषज्ञों में मतभेद है?","planned","not_researched","not_uploaded"
"0949","Batch_032","SLP","Sleep, recovery, and performance","L02","Common misconception","Q19","प्रौद्योगिकी इसे कैसे बदलती है?","planned","not_researched","not_uploaded"
"0950","Batch_032","SLP","Sleep, recovery, and performance","L02","Common misconception","Q20","नींद, तनाव, या पर्यावरण की भूमिका क्या है?","planned","not_researched","not_uploaded"
"0951","Batch_032","SLP","Sleep, recovery, and performance","L02","Common misconception","Q21","हम अपने अनुमान कैसे जाँच सकते हैं?","planned","not_researched","not_uploaded"
"0952","Batch_032","SLP","Sleep, recovery, and performance","L02","Common misconception","Q22","इसे नैतिक रूप से कैसे समझें?","planned","not_researched","not_uploaded"
"0953","Batch_032","SLP","Sleep, recovery, and performance","L02","Common misconception","Q23","यह पहचान और भूमिका से कैसे जुड़ता है?","planned","not_researched","not_uploaded"
"0954","Batch_032","SLP","Sleep, recovery, and performance","L02","Common misconception","Q24","कब सहायता लेना ठीक है?","planned","not_researched","not_uploaded"
"0955","Batch_032","SLP","Sleep, recovery, and performance","L02","Common misconception","Q25","इस परंपरा का दृष्टिकोण क्या है?","planned","not_researched","not_uploaded"
"0956","Batch_032","SLP","Sleep, recovery, and performance","L02","Common misconception","Q26","विज्ञान इससे क्या अलग कहता है?","planned","not_researched","not_uploaded"
"0957","Batch_032","SLP","Sleep, recovery, and performance","L02","Common misconception","Q27","क्या छोटा परिवर्तन व्यवहार्य है?","planned","not_researched","not_uploaded"
"0958","Batch_032","SLP","Sleep, recovery, and performance","L02","Common misconception","Q28","कौन-सा डेटा अभी गायब है?","planned","not_researched","not_uploaded"
"0959","Batch_032","SLP","Sleep, recovery, and performance","L02","Common misconception","Q29","इससे जिज्ञासा कैसे बढ़ती है?","planned","not_researched","not_uploaded"
"0960","Batch_032","SLP","Sleep, recovery, and performance","L02","Common misconception","Q30","मुख्य सीख क्या है?","planned","not_researched","not_uploaded"
"0961","Batch_033","SLP","Sleep, recovery, and performance","L03","Everyday observation","Q01","यह वास्तव में क्या है?","planned","not_researched","not_uploaded"
"0962","Batch_033","SLP","Sleep, recovery, and performance","L03","Everyday observation","Q02","इसका सबसे आम भ्रम क्या है?","planned","not_researched","not_uploaded"
"0963","Batch_033","SLP","Sleep, recovery, and performance","L03","Everyday observation","Q03","हम इसे रोज़मर्रा में कैसे पहचानते हैं?","planned","not_researched","not_uploaded"
"0964","Batch_033","SLP","Sleep, recovery, and performance","L03","Everyday observation","Q04","इसके पीछे प्रस्तावित तंत्र क्या है?","planned","not_researched","not_uploaded"
"0965","Batch_033","SLP","Sleep, recovery, and performance","L03","Everyday observation","Q05","कौन-सा प्रमाण सबसे मजबूत है?","planned","not_researched","not_uploaded"
"0966","Batch_033","SLP","Sleep, recovery, and performance","L03","Everyday observation","Q06","किस बात पर शोध सहमत नहीं है?","planned","not_researched","not_uploaded"
"0967","Batch_033","SLP","Sleep, recovery, and performance","L03","Everyday observation","Q07","कौन-सा छोटा, सुरक्षित अवलोकन किया जा सकता है?","planned","not_researched","not_uploaded"
"0968","Batch_033","SLP","Sleep, recovery, and performance","L03","Everyday observation","Q08","यह आदत क्यों कठिन लगती है?","planned","not_researched","not_uploaded"
"0969","Batch_033","SLP","Sleep, recovery, and performance","L03","Everyday observation","Q09","संदर्भ इसे कैसे बदलता है?","planned","not_researched","not_uploaded"
"0970","Batch_033","SLP","Sleep, recovery, and performance","L03","Everyday observation","Q10","क्या यह कारण है या केवल संबंध?","planned","not_researched","not_uploaded"
"0971","Batch_033","SLP","Sleep, recovery, and performance","L03","Everyday observation","Q11","भाषा इसे कैसे प्रभावित करती है?","planned","not_researched","not_uploaded"
"0972","Batch_033","SLP","Sleep, recovery, and performance","L03","Everyday observation","Q12","समय के साथ यह कैसे बदलता है?","planned","not_researched","not_uploaded"
"0973","Batch_033","SLP","Sleep, recovery, and performance","L03","Everyday observation","Q13","किस समूह पर निष्कर्ष लागू हुआ?","planned","not_researched","not_uploaded"
"0974","Batch_033","SLP","Sleep, recovery, and performance","L03","Everyday observation","Q14","नापने में कठिनाई क्या है?","planned","not_researched","not_uploaded"
"0975","Batch_033","SLP","Sleep, recovery, and performance","L03","Everyday observation","Q15","कौन-सी वैकल्पिक व्याख्या संभव है?","planned","not_researched","not_uploaded"
"0976","Batch_033","SLP","Sleep, recovery, and performance","L03","Everyday observation","Q16","छोटी सफलता क्यों मायने रखती है?","planned","not_researched","not_uploaded"
"0977","Batch_033","SLP","Sleep, recovery, and performance","L03","Everyday observation","Q17","कौन-सी सीमा उपयोगी है?","planned","not_researched","not_uploaded"
"0978","Batch_033","SLP","Sleep, recovery, and performance","L03","Everyday observation","Q18","क्या विशेषज्ञों में मतभेद है?","planned","not_researched","not_uploaded"
"0979","Batch_033","SLP","Sleep, recovery, and performance","L03","Everyday observation","Q19","प्रौद्योगिकी इसे कैसे बदलती है?","planned","not_researched","not_uploaded"
"0980","Batch_033","SLP","Sleep, recovery, and performance","L03","Everyday observation","Q20","नींद, तनाव, या पर्यावरण की भूमिका क्या है?","planned","not_researched","not_uploaded"
"0981","Batch_033","SLP","Sleep, recovery, and performance","L03","Everyday observation","Q21","हम अपने अनुमान कैसे जाँच सकते हैं?","planned","not_researched","not_uploaded"
"0982","Batch_033","SLP","Sleep, recovery, and performance","L03","Everyday observation","Q22","इसे नैतिक रूप से कैसे समझें?","planned","not_researched","not_uploaded"
"0983","Batch_033","SLP","Sleep, recovery, and performance","L03","Everyday observation","Q23","यह पहचान और भूमिका से कैसे जुड़ता है?","planned","not_researched","not_uploaded"
"0984","Batch_033","SLP","Sleep, recovery, and performance","L03","Everyday observation","Q24","कब सहायता लेना ठीक है?","planned","not_researched","not_uploaded"
"0985","Batch_033","SLP","Sleep, recovery, and performance","L03","Everyday observation","Q25","इस परंपरा का दृष्टिकोण क्या है?","planned","not_researched","not_uploaded"
"0986","Batch_033","SLP","Sleep, recovery, and performance","L03","Everyday observation","Q26","विज्ञान इससे क्या अलग कहता है?","planned","not_researched","not_uploaded"
"0987","Batch_033","SLP","Sleep, recovery, and performance","L03","Everyday observation","Q27","क्या छोटा परिवर्तन व्यवहार्य है?","planned","not_researched","not_uploaded"
"0988","Batch_033","SLP","Sleep, recovery, and performance","L03","Everyday observation","Q28","कौन-सा डेटा अभी गायब है?","planned","not_researched","not_uploaded"
"0989","Batch_033","SLP","Sleep, recovery, and performance","L03","Everyday observation","Q29","इससे जिज्ञासा कैसे बढ़ती है?","planned","not_researched","not_uploaded"
"0990","Batch_033","SLP","Sleep, recovery, and performance","L03","Everyday observation","Q30","मुख्य सीख क्या है?","planned","not_researched","not_uploaded"
"0991","Batch_034","SLP","Sleep, recovery, and performance","L04","Mechanism","Q01","यह वास्तव में क्या है?","planned","not_researched","not_uploaded"
"0992","Batch_034","SLP","Sleep, recovery, and performance","L04","Mechanism","Q02","इसका सबसे आम भ्रम क्या है?","planned","not_researched","not_uploaded"
"0993","Batch_034","SLP","Sleep, recovery, and performance","L04","Mechanism","Q03","हम इसे रोज़मर्रा में कैसे पहचानते हैं?","planned","not_researched","not_uploaded"
"0994","Batch_034","SLP","Sleep, recovery, and performance","L04","Mechanism","Q04","इसके पीछे प्रस्तावित तंत्र क्या है?","planned","not_researched","not_uploaded"
"0995","Batch_034","SLP","Sleep, recovery, and performance","L04","Mechanism","Q05","कौन-सा प्रमाण सबसे मजबूत है?","planned","not_researched","not_uploaded"
"0996","Batch_034","SLP","Sleep, recovery, and performance","L04","Mechanism","Q06","किस बात पर शोध सहमत नहीं है?","planned","not_researched","not_uploaded"
"0997","Batch_034","SLP","Sleep, recovery, and performance","L04","Mechanism","Q07","कौन-सा छोटा, सुरक्षित अवलोकन किया जा सकता है?","planned","not_researched","not_uploaded"
"0998","Batch_034","SLP","Sleep, recovery, and performance","L04","Mechanism","Q08","यह आदत क्यों कठिन लगती है?","planned","not_researched","not_uploaded"
"0999","Batch_034","SLP","Sleep, recovery, and performance","L04","Mechanism","Q09","संदर्भ इसे कैसे बदलता है?","planned","not_researched","not_uploaded"
"1000","Batch_034","SLP","Sleep, recovery, and performance","L04","Mechanism","Q10","क्या यह कारण है या केवल संबंध?","planned","not_researched","not_uploaded"
"1001","Batch_034","SLP","Sleep, recovery, and performance","L04","Mechanism","Q11","भाषा इसे कैसे प्रभावित करती है?","planned","not_researched","not_uploaded"
"1002","Batch_034","SLP","Sleep, recovery, and performance","L04","Mechanism","Q12","समय के साथ यह कैसे बदलता है?","planned","not_researched","not_uploaded"
"1003","Batch_034","SLP","Sleep, recovery, and performance","L04","Mechanism","Q13","किस समूह पर निष्कर्ष लागू हुआ?","planned","not_researched","not_uploaded"
"1004","Batch_034","SLP","Sleep, recovery, and performance","L04","Mechanism","Q14","नापने में कठिनाई क्या है?","planned","not_researched","not_uploaded"
"1005","Batch_034","SLP","Sleep, recovery, and performance","L04","Mechanism","Q15","कौन-सी वैकल्पिक व्याख्या संभव है?","planned","not_researched","not_uploaded"
"1006","Batch_034","SLP","Sleep, recovery, and performance","L04","Mechanism","Q16","छोटी सफलता क्यों मायने रखती है?","planned","not_researched","not_uploaded"
"1007","Batch_034","SLP","Sleep, recovery, and performance","L04","Mechanism","Q17","कौन-सी सीमा उपयोगी है?","planned","not_researched","not_uploaded"
"1008","Batch_034","SLP","Sleep, recovery, and performance","L04","Mechanism","Q18","क्या विशेषज्ञों में मतभेद है?","planned","not_researched","not_uploaded"
"1009","Batch_034","SLP","Sleep, recovery, and performance","L04","Mechanism","Q19","प्रौद्योगिकी इसे कैसे बदलती है?","planned","not_researched","not_uploaded"
"1010","Batch_034","SLP","Sleep, recovery, and performance","L04","Mechanism","Q20","नींद, तनाव, या पर्यावरण की भूमिका क्या है?","planned","not_researched","not_uploaded"
"1011","Batch_034","SLP","Sleep, recovery, and performance","L04","Mechanism","Q21","हम अपने अनुमान कैसे जाँच सकते हैं?","planned","not_researched","not_uploaded"
"1012","Batch_034","SLP","Sleep, recovery, and performance","L04","Mechanism","Q22","इसे नैतिक रूप से कैसे समझें?","planned","not_researched","not_uploaded"
"1013","Batch_034","SLP","Sleep, recovery, and performance","L04","Mechanism","Q23","यह पहचान और भूमिका से कैसे जुड़ता है?","planned","not_researched","not_uploaded"
"1014","Batch_034","SLP","Sleep, recovery, and performance","L04","Mechanism","Q24","कब सहायता लेना ठीक है?","planned","not_researched","not_uploaded"
"1015","Batch_034","SLP","Sleep, recovery, and performance","L04","Mechanism","Q25","इस परंपरा का दृष्टिकोण क्या है?","planned","not_researched","not_uploaded"
"1016","Batch_034","SLP","Sleep, recovery, and performance","L04","Mechanism","Q26","विज्ञान इससे क्या अलग कहता है?","planned","not_researched","not_uploaded"
"1017","Batch_034","SLP","Sleep, recovery, and performance","L04","Mechanism","Q27","क्या छोटा परिवर्तन व्यवहार्य है?","planned","not_researched","not_uploaded"
"1018","Batch_034","SLP","Sleep, recovery, and performance","L04","Mechanism","Q28","कौन-सा डेटा अभी गायब है?","planned","not_researched","not_uploaded"
"1019","Batch_034","SLP","Sleep, recovery, and performance","L04","Mechanism","Q29","इससे जिज्ञासा कैसे बढ़ती है?","planned","not_researched","not_uploaded"
"1020","Batch_034","SLP","Sleep, recovery, and performance","L04","Mechanism","Q30","मुख्य सीख क्या है?","planned","not_researched","not_uploaded"
"1021","Batch_035","SLP","Sleep, recovery, and performance","L05","Evidence comparison","Q01","यह वास्तव में क्या है?","planned","not_researched","not_uploaded"
"1022","Batch_035","SLP","Sleep, recovery, and performance","L05","Evidence comparison","Q02","इसका सबसे आम भ्रम क्या है?","planned","not_researched","not_uploaded"
"1023","Batch_035","SLP","Sleep, recovery, and performance","L05","Evidence comparison","Q03","हम इसे रोज़मर्रा में कैसे पहचानते हैं?","planned","not_researched","not_uploaded"
"1024","Batch_035","SLP","Sleep, recovery, and performance","L05","Evidence comparison","Q04","इसके पीछे प्रस्तावित तंत्र क्या है?","planned","not_researched","not_uploaded"
"1025","Batch_035","SLP","Sleep, recovery, and performance","L05","Evidence comparison","Q05","कौन-सा प्रमाण सबसे मजबूत है?","planned","not_researched","not_uploaded"
"1026","Batch_035","SLP","Sleep, recovery, and performance","L05","Evidence comparison","Q06","किस बात पर शोध सहमत नहीं है?","planned","not_researched","not_uploaded"
"1027","Batch_035","SLP","Sleep, recovery, and performance","L05","Evidence comparison","Q07","कौन-सा छोटा, सुरक्षित अवलोकन किया जा सकता है?","planned","not_researched","not_uploaded"
"1028","Batch_035","SLP","Sleep, recovery, and performance","L05","Evidence comparison","Q08","यह आदत क्यों कठिन लगती है?","planned","not_researched","not_uploaded"
"1029","Batch_035","SLP","Sleep, recovery, and performance","L05","Evidence comparison","Q09","संदर्भ इसे कैसे बदलता है?","planned","not_researched","not_uploaded"
"1030","Batch_035","SLP","Sleep, recovery, and performance","L05","Evidence comparison","Q10","क्या यह कारण है या केवल संबंध?","planned","not_researched","not_uploaded"
"1031","Batch_035","SLP","Sleep, recovery, and performance","L05","Evidence comparison","Q11","भाषा इसे कैसे प्रभावित करती है?","planned","not_researched","not_uploaded"
"1032","Batch_035","SLP","Sleep, recovery, and performance","L05","Evidence comparison","Q12","समय के साथ यह कैसे बदलता है?","planned","not_researched","not_uploaded"
"1033","Batch_035","SLP","Sleep, recovery, and performance","L05","Evidence comparison","Q13","किस समूह पर निष्कर्ष लागू हुआ?","planned","not_researched","not_uploaded"
"1034","Batch_035","SLP","Sleep, recovery, and performance","L05","Evidence comparison","Q14","नापने में कठिनाई क्या है?","planned","not_researched","not_uploaded"
"1035","Batch_035","SLP","Sleep, recovery, and performance","L05","Evidence comparison","Q15","कौन-सी वैकल्पिक व्याख्या संभव है?","planned","not_researched","not_uploaded"
"1036","Batch_035","SLP","Sleep, recovery, and performance","L05","Evidence comparison","Q16","छोटी सफलता क्यों मायने रखती है?","planned","not_researched","not_uploaded"
"1037","Batch_035","SLP","Sleep, recovery, and performance","L05","Evidence comparison","Q17","कौन-सी सीमा उपयोगी है?","planned","not_researched","not_uploaded"
"1038","Batch_035","SLP","Sleep, recovery, and performance","L05","Evidence comparison","Q18","क्या विशेषज्ञों में मतभेद है?","planned","not_researched","not_uploaded"
"1039","Batch_035","SLP","Sleep, recovery, and performance","L05","Evidence comparison","Q19","प्रौद्योगिकी इसे कैसे बदलती है?","planned","not_researched","not_uploaded"
"1040","Batch_035","SLP","Sleep, recovery, and performance","L05","Evidence comparison","Q20","नींद, तनाव, या पर्यावरण की भूमिका क्या है?","planned","not_researched","not_uploaded"
"1041","Batch_035","SLP","Sleep, recovery, and performance","L05","Evidence comparison","Q21","हम अपने अनुमान कैसे जाँच सकते हैं?","planned","not_researched","not_uploaded"
"1042","Batch_035","SLP","Sleep, recovery, and performance","L05","Evidence comparison","Q22","इसे नैतिक रूप से कैसे समझें?","planned","not_researched","not_uploaded"
"1043","Batch_035","SLP","Sleep, recovery, and performance","L05","Evidence comparison","Q23","यह पहचान और भूमिका से कैसे जुड़ता है?","planned","not_researched","not_uploaded"
"1044","Batch_035","SLP","Sleep, recovery, and performance","L05","Evidence comparison","Q24","कब सहायता लेना ठीक है?","planned","not_researched","not_uploaded"
"1045","Batch_035","SLP","Sleep, recovery, and performance","L05","Evidence comparison","Q25","इस परंपरा का दृष्टिकोण क्या है?","planned","not_researched","not_uploaded"
"1046","Batch_035","SLP","Sleep, recovery, and performance","L05","Evidence comparison","Q26","विज्ञान इससे क्या अलग कहता है?","planned","not_researched","not_uploaded"
"1047","Batch_035","SLP","Sleep, recovery, and performance","L05","Evidence comparison","Q27","क्या छोटा परिवर्तन व्यवहार्य है?","planned","not_researched","not_uploaded"
"1048","Batch_035","SLP","Sleep, recovery, and performance","L05","Evidence comparison","Q28","कौन-सा डेटा अभी गायब है?","planned","not_researched","not_uploaded"
"1049","Batch_035","SLP","Sleep, recovery, and performance","L05","Evidence comparison","Q29","इससे जिज्ञासा कैसे बढ़ती है?","planned","not_researched","not_uploaded"
"1050","Batch_035","SLP","Sleep, recovery, and performance","L05","Evidence comparison","Q30","मुख्य सीख क्या है?","planned","not_researched","not_uploaded"
"1051","Batch_036","SLP","Sleep, recovery, and performance","L06","Practical experiment","Q01","यह वास्तव में क्या है?","planned","not_researched","not_uploaded"
"1052","Batch_036","SLP","Sleep, recovery, and performance","L06","Practical experiment","Q02","इसका सबसे आम भ्रम क्या है?","planned","not_researched","not_uploaded"
"1053","Batch_036","SLP","Sleep, recovery, and performance","L06","Practical experiment","Q03","हम इसे रोज़मर्रा में कैसे पहचानते हैं?","planned","not_researched","not_uploaded"
"1054","Batch_036","SLP","Sleep, recovery, and performance","L06","Practical experiment","Q04","इसके पीछे प्रस्तावित तंत्र क्या है?","planned","not_researched","not_uploaded"
"1055","Batch_036","SLP","Sleep, recovery, and performance","L06","Practical experiment","Q05","कौन-सा प्रमाण सबसे मजबूत है?","planned","not_researched","not_uploaded"
"1056","Batch_036","SLP","Sleep, recovery, and performance","L06","Practical experiment","Q06","किस बात पर शोध सहमत नहीं है?","planned","not_researched","not_uploaded"
"1057","Batch_036","SLP","Sleep, recovery, and performance","L06","Practical experiment","Q07","कौन-सा छोटा, सुरक्षित अवलोकन किया जा सकता है?","planned","not_researched","not_uploaded"
"1058","Batch_036","SLP","Sleep, recovery, and performance","L06","Practical experiment","Q08","यह आदत क्यों कठिन लगती है?","planned","not_researched","not_uploaded"
"1059","Batch_036","SLP","Sleep, recovery, and performance","L06","Practical experiment","Q09","संदर्भ इसे कैसे बदलता है?","planned","not_researched","not_uploaded"
"1060","Batch_036","SLP","Sleep, recovery, and performance","L06","Practical experiment","Q10","क्या यह कारण है या केवल संबंध?","planned","not_researched","not_uploaded"
"1061","Batch_036","SLP","Sleep, recovery, and performance","L06","Practical experiment","Q11","भाषा इसे कैसे प्रभावित करती है?","planned","not_researched","not_uploaded"
"1062","Batch_036","SLP","Sleep, recovery, and performance","L06","Practical experiment","Q12","समय के साथ यह कैसे बदलता है?","planned","not_researched","not_uploaded"
"1063","Batch_036","SLP","Sleep, recovery, and performance","L06","Practical experiment","Q13","किस समूह पर निष्कर्ष लागू हुआ?","planned","not_researched","not_uploaded"
"1064","Batch_036","SLP","Sleep, recovery, and performance","L06","Practical experiment","Q14","नापने में कठिनाई क्या है?","planned","not_researched","not_uploaded"
"1065","Batch_036","SLP","Sleep, recovery, and performance","L06","Practical experiment","Q15","कौन-सी वैकल्पिक व्याख्या संभव है?","planned","not_researched","not_uploaded"
"1066","Batch_036","SLP","Sleep, recovery, and performance","L06","Practical experiment","Q16","छोटी सफलता क्यों मायने रखती है?","planned","not_researched","not_uploaded"
"1067","Batch_036","SLP","Sleep, recovery, and performance","L06","Practical experiment","Q17","कौन-सी सीमा उपयोगी है?","planned","not_researched","not_uploaded"
"1068","Batch_036","SLP","Sleep, recovery, and performance","L06","Practical experiment","Q18","क्या विशेषज्ञों में मतभेद है?","planned","not_researched","not_uploaded"
"1069","Batch_036","SLP","Sleep, recovery, and performance","L06","Practical experiment","Q19","प्रौद्योगिकी इसे कैसे बदलती है?","planned","not_researched","not_uploaded"
"1070","Batch_036","SLP","Sleep, recovery, and performance","L06","Practical experiment","Q20","नींद, तनाव, या पर्यावरण की भूमिका क्या है?","planned","not_researched","not_uploaded"
"1071","Batch_036","SLP","Sleep, recovery, and performance","L06","Practical experiment","Q21","हम अपने अनुमान कैसे जाँच सकते हैं?","planned","not_researched","not_uploaded"
"1072","Batch_036","SLP","Sleep, recovery, and performance","L06","Practical experiment","Q22","इसे नैतिक रूप से कैसे समझें?","planned","not_researched","not_uploaded"
"1073","Batch_036","SLP","Sleep, recovery, and performance","L06","Practical experiment","Q23","यह पहचान और भूमिका से कैसे जुड़ता है?","planned","not_researched","not_uploaded"
"1074","Batch_036","SLP","Sleep, recovery, and performance","L06","Practical experiment","Q24","कब सहायता लेना ठीक है?","planned","not_researched","not_uploaded"
"1075","Batch_036","SLP","Sleep, recovery, and performance","L06","Practical experiment","Q25","इस परंपरा का दृष्टिकोण क्या है?","planned","not_researched","not_uploaded"
"1076","Batch_036","SLP","Sleep, recovery, and performance","L06","Practical experiment","Q26","विज्ञान इससे क्या अलग कहता है?","planned","not_researched","not_uploaded"
"1077","Batch_036","SLP","Sleep, recovery, and performance","L06","Practical experiment","Q27","क्या छोटा परिवर्तन व्यवहार्य है?","planned","not_researched","not_uploaded"
"1078","Batch_036","SLP","Sleep, recovery, and performance","L06","Practical experiment","Q28","कौन-सा डेटा अभी गायब है?","planned","not_researched","not_uploaded"
"1079","Batch_036","SLP","Sleep, recovery, and performance","L06","Practical experiment","Q29","इससे जिज्ञासा कैसे बढ़ती है?","planned","not_researched","not_uploaded"
"1080","Batch_036","SLP","Sleep, recovery, and performance","L06","Practical experiment","Q30","मुख्य सीख क्या है?","planned","not_researched","not_uploaded"
"1081","Batch_037","SLP","Sleep, recovery, and performance","L07","Boundary condition","Q01","यह वास्तव में क्या है?","planned","not_researched","not_uploaded"
"1082","Batch_037","SLP","Sleep, recovery, and performance","L07","Boundary condition","Q02","इसका सबसे आम भ्रम क्या है?","planned","not_researched","not_uploaded"
"1083","Batch_037","SLP","Sleep, recovery, and performance","L07","Boundary condition","Q03","हम इसे रोज़मर्रा में कैसे पहचानते हैं?","planned","not_researched","not_uploaded"
"1084","Batch_037","SLP","Sleep, recovery, and performance","L07","Boundary condition","Q04","इसके पीछे प्रस्तावित तंत्र क्या है?","planned","not_researched","not_uploaded"
"1085","Batch_037","SLP","Sleep, recovery, and performance","L07","Boundary condition","Q05","कौन-सा प्रमाण सबसे मजबूत है?","planned","not_researched","not_uploaded"
"1086","Batch_037","SLP","Sleep, recovery, and performance","L07","Boundary condition","Q06","किस बात पर शोध सहमत नहीं है?","planned","not_researched","not_uploaded"
"1087","Batch_037","SLP","Sleep, recovery, and performance","L07","Boundary condition","Q07","कौन-सा छोटा, सुरक्षित अवलोकन किया जा सकता है?","planned","not_researched","not_uploaded"
"1088","Batch_037","SLP","Sleep, recovery, and performance","L07","Boundary condition","Q08","यह आदत क्यों कठिन लगती है?","planned","not_researched","not_uploaded"
"1089","Batch_037","SLP","Sleep, recovery, and performance","L07","Boundary condition","Q09","संदर्भ इसे कैसे बदलता है?","planned","not_researched","not_uploaded"
"1090","Batch_037","SLP","Sleep, recovery, and performance","L07","Boundary condition","Q10","क्या यह कारण है या केवल संबंध?","planned","not_researched","not_uploaded"
"1091","Batch_037","SLP","Sleep, recovery, and performance","L07","Boundary condition","Q11","भाषा इसे कैसे प्रभावित करती है?","planned","not_researched","not_uploaded"
"1092","Batch_037","SLP","Sleep, recovery, and performance","L07","Boundary condition","Q12","समय के साथ यह कैसे बदलता है?","planned","not_researched","not_uploaded"
"1093","Batch_037","SLP","Sleep, recovery, and performance","L07","Boundary condition","Q13","किस समूह पर निष्कर्ष लागू हुआ?","planned","not_researched","not_uploaded"
"1094","Batch_037","SLP","Sleep, recovery, and performance","L07","Boundary condition","Q14","नापने में कठिनाई क्या है?","planned","not_researched","not_uploaded"
"1095","Batch_037","SLP","Sleep, recovery, and performance","L07","Boundary condition","Q15","कौन-सी वैकल्पिक व्याख्या संभव है?","planned","not_researched","not_uploaded"
"1096","Batch_037","SLP","Sleep, recovery, and performance","L07","Boundary condition","Q16","छोटी सफलता क्यों मायने रखती है?","planned","not_researched","not_uploaded"
"1097","Batch_037","SLP","Sleep, recovery, and performance","L07","Boundary condition","Q17","कौन-सी सीमा उपयोगी है?","planned","not_researched","not_uploaded"
"1098","Batch_037","SLP","Sleep, recovery, and performance","L07","Boundary condition","Q18","क्या विशेषज्ञों में मतभेद है?","planned","not_researched","not_uploaded"
"1099","Batch_037","SLP","Sleep, recovery, and performance","L07","Boundary condition","Q19","प्रौद्योगिकी इसे कैसे बदलती है?","planned","not_researched","not_uploaded"
"1100","Batch_037","SLP","Sleep, recovery, and performance","L07","Boundary condition","Q20","नींद, तनाव, या पर्यावरण की भूमिका क्या है?","planned","not_researched","not_uploaded"
"1101","Batch_037","SLP","Sleep, recovery, and performance","L07","Boundary condition","Q21","हम अपने अनुमान कैसे जाँच सकते हैं?","planned","not_researched","not_uploaded"
"1102","Batch_037","SLP","Sleep, recovery, and performance","L07","Boundary condition","Q22","इसे नैतिक रूप से कैसे समझें?","planned","not_researched","not_uploaded"
"1103","Batch_037","SLP","Sleep, recovery, and performance","L07","Boundary condition","Q23","यह पहचान और भूमिका से कैसे जुड़ता है?","planned","not_researched","not_uploaded"
"1104","Batch_037","SLP","Sleep, recovery, and performance","L07","Boundary condition","Q24","कब सहायता लेना ठीक है?","planned","not_researched","not_uploaded"
"1105","Batch_037","SLP","Sleep, recovery, and performance","L07","Boundary condition","Q25","इस परंपरा का दृष्टिकोण क्या है?","planned","not_researched","not_uploaded"
"1106","Batch_037","SLP","Sleep, recovery, and performance","L07","Boundary condition","Q26","विज्ञान इससे क्या अलग कहता है?","planned","not_researched","not_uploaded"
"1107","Batch_037","SLP","Sleep, recovery, and performance","L07","Boundary condition","Q27","क्या छोटा परिवर्तन व्यवहार्य है?","planned","not_researched","not_uploaded"
"1108","Batch_037","SLP","Sleep, recovery, and performance","L07","Boundary condition","Q28","कौन-सा डेटा अभी गायब है?","planned","not_researched","not_uploaded"
"1109","Batch_037","SLP","Sleep, recovery, and performance","L07","Boundary condition","Q29","इससे जिज्ञासा कैसे बढ़ती है?","planned","not_researched","not_uploaded"
"1110","Batch_037","SLP","Sleep, recovery, and performance","L07","Boundary condition","Q30","मुख्य सीख क्या है?","planned","not_researched","not_uploaded"
"1111","Batch_038","SLP","Sleep, recovery, and performance","L08","History of an idea","Q01","यह वास्तव में क्या है?","planned","not_researched","not_uploaded"
"1112","Batch_038","SLP","Sleep, recovery, and performance","L08","History of an idea","Q02","इसका सबसे आम भ्रम क्या है?","planned","not_researched","not_uploaded"
"1113","Batch_038","SLP","Sleep, recovery, and performance","L08","History of an idea","Q03","हम इसे रोज़मर्रा में कैसे पहचानते हैं?","planned","not_researched","not_uploaded"
"1114","Batch_038","SLP","Sleep, recovery, and performance","L08","History of an idea","Q04","इसके पीछे प्रस्तावित तंत्र क्या है?","planned","not_researched","not_uploaded"
"1115","Batch_038","SLP","Sleep, recovery, and performance","L08","History of an idea","Q05","कौन-सा प्रमाण सबसे मजबूत है?","planned","not_researched","not_uploaded"
"1116","Batch_038","SLP","Sleep, recovery, and performance","L08","History of an idea","Q06","किस बात पर शोध सहमत नहीं है?","planned","not_researched","not_uploaded"
"1117","Batch_038","SLP","Sleep, recovery, and performance","L08","History of an idea","Q07","कौन-सा छोटा, सुरक्षित अवलोकन किया जा सकता है?","planned","not_researched","not_uploaded"
"1118","Batch_038","SLP","Sleep, recovery, and performance","L08","History of an idea","Q08","यह आदत क्यों कठिन लगती है?","planned","not_researched","not_uploaded"
"1119","Batch_038","SLP","Sleep, recovery, and performance","L08","History of an idea","Q09","संदर्भ इसे कैसे बदलता है?","planned","not_researched","not_uploaded"
"1120","Batch_038","SLP","Sleep, recovery, and performance","L08","History of an idea","Q10","क्या यह कारण है या केवल संबंध?","planned","not_researched","not_uploaded"
"1121","Batch_038","SLP","Sleep, recovery, and performance","L08","History of an idea","Q11","भाषा इसे कैसे प्रभावित करती है?","planned","not_researched","not_uploaded"
"1122","Batch_038","SLP","Sleep, recovery, and performance","L08","History of an idea","Q12","समय के साथ यह कैसे बदलता है?","planned","not_researched","not_uploaded"
"1123","Batch_038","SLP","Sleep, recovery, and performance","L08","History of an idea","Q13","किस समूह पर निष्कर्ष लागू हुआ?","planned","not_researched","not_uploaded"
"1124","Batch_038","SLP","Sleep, recovery, and performance","L08","History of an idea","Q14","नापने में कठिनाई क्या है?","planned","not_researched","not_uploaded"
"1125","Batch_038","SLP","Sleep, recovery, and performance","L08","History of an idea","Q15","कौन-सी वैकल्पिक व्याख्या संभव है?","planned","not_researched","not_uploaded"
"1126","Batch_038","SLP","Sleep, recovery, and performance","L08","History of an idea","Q16","छोटी सफलता क्यों मायने रखती है?","planned","not_researched","not_uploaded"
"1127","Batch_038","SLP","Sleep, recovery, and performance","L08","History of an idea","Q17","कौन-सी सीमा उपयोगी है?","planned","not_researched","not_uploaded"
"1128","Batch_038","SLP","Sleep, recovery, and performance","L08","History of an idea","Q18","क्या विशेषज्ञों में मतभेद है?","planned","not_researched","not_uploaded"
"1129","Batch_038","SLP","Sleep, recovery, and performance","L08","History of an idea","Q19","प्रौद्योगिकी इसे कैसे बदलती है?","planned","not_researched","not_uploaded"
"1130","Batch_038","SLP","Sleep, recovery, and performance","L08","History of an idea","Q20","नींद, तनाव, या पर्यावरण की भूमिका क्या है?","planned","not_researched","not_uploaded"
"1131","Batch_038","SLP","Sleep, recovery, and performance","L08","History of an idea","Q21","हम अपने अनुमान कैसे जाँच सकते हैं?","planned","not_researched","not_uploaded"
"1132","Batch_038","SLP","Sleep, recovery, and performance","L08","History of an idea","Q22","इसे नैतिक रूप से कैसे समझें?","planned","not_researched","not_uploaded"
"1133","Batch_038","SLP","Sleep, recovery, and performance","L08","History of an idea","Q23","यह पहचान और भूमिका से कैसे जुड़ता है?","planned","not_researched","not_uploaded"
"1134","Batch_038","SLP","Sleep, recovery, and performance","L08","History of an idea","Q24","कब सहायता लेना ठीक है?","planned","not_researched","not_uploaded"
"1135","Batch_038","SLP","Sleep, recovery, and performance","L08","History of an idea","Q25","इस परंपरा का दृष्टिकोण क्या है?","planned","not_researched","not_uploaded"
"1136","Batch_038","SLP","Sleep, recovery, and performance","L08","History of an idea","Q26","विज्ञान इससे क्या अलग कहता है?","planned","not_researched","not_uploaded"
"1137","Batch_038","SLP","Sleep, recovery, and performance","L08","History of an idea","Q27","क्या छोटा परिवर्तन व्यवहार्य है?","planned","not_researched","not_uploaded"
"1138","Batch_038","SLP","Sleep, recovery, and performance","L08","History of an idea","Q28","कौन-सा डेटा अभी गायब है?","planned","not_researched","not_uploaded"
"1139","Batch_038","SLP","Sleep, recovery, and performance","L08","History of an idea","Q29","इससे जिज्ञासा कैसे बढ़ती है?","planned","not_researched","not_uploaded"
"1140","Batch_038","SLP","Sleep, recovery, and performance","L08","History of an idea","Q30","मुख्य सीख क्या है?","planned","not_researched","not_uploaded"
"1141","Batch_039","SLP","Sleep, recovery, and performance","L09","Cross-cultural perspective","Q01","यह वास्तव में क्या है?","planned","not_researched","not_uploaded"
"1142","Batch_039","SLP","Sleep, recovery, and performance","L09","Cross-cultural perspective","Q02","इसका सबसे आम भ्रम क्या है?","planned","not_researched","not_uploaded"
"1143","Batch_039","SLP","Sleep, recovery, and performance","L09","Cross-cultural perspective","Q03","हम इसे रोज़मर्रा में कैसे पहचानते हैं?","planned","not_researched","not_uploaded"
"1144","Batch_039","SLP","Sleep, recovery, and performance","L09","Cross-cultural perspective","Q04","इसके पीछे प्रस्तावित तंत्र क्या है?","planned","not_researched","not_uploaded"
"1145","Batch_039","SLP","Sleep, recovery, and performance","L09","Cross-cultural perspective","Q05","कौन-सा प्रमाण सबसे मजबूत है?","planned","not_researched","not_uploaded"
"1146","Batch_039","SLP","Sleep, recovery, and performance","L09","Cross-cultural perspective","Q06","किस बात पर शोध सहमत नहीं है?","planned","not_researched","not_uploaded"
"1147","Batch_039","SLP","Sleep, recovery, and performance","L09","Cross-cultural perspective","Q07","कौन-सा छोटा, सुरक्षित अवलोकन किया जा सकता है?","planned","not_researched","not_uploaded"
"1148","Batch_039","SLP","Sleep, recovery, and performance","L09","Cross-cultural perspective","Q08","यह आदत क्यों कठिन लगती है?","planned","not_researched","not_uploaded"
"1149","Batch_039","SLP","Sleep, recovery, and performance","L09","Cross-cultural perspective","Q09","संदर्भ इसे कैसे बदलता है?","planned","not_researched","not_uploaded"
"1150","Batch_039","SLP","Sleep, recovery, and performance","L09","Cross-cultural perspective","Q10","क्या यह कारण है या केवल संबंध?","planned","not_researched","not_uploaded"
"1151","Batch_039","SLP","Sleep, recovery, and performance","L09","Cross-cultural perspective","Q11","भाषा इसे कैसे प्रभावित करती है?","planned","not_researched","not_uploaded"
"1152","Batch_039","SLP","Sleep, recovery, and performance","L09","Cross-cultural perspective","Q12","समय के साथ यह कैसे बदलता है?","planned","not_researched","not_uploaded"
"1153","Batch_039","SLP","Sleep, recovery, and performance","L09","Cross-cultural perspective","Q13","किस समूह पर निष्कर्ष लागू हुआ?","planned","not_researched","not_uploaded"
"1154","Batch_039","SLP","Sleep, recovery, and performance","L09","Cross-cultural perspective","Q14","नापने में कठिनाई क्या है?","planned","not_researched","not_uploaded"
"1155","Batch_039","SLP","Sleep, recovery, and performance","L09","Cross-cultural perspective","Q15","कौन-सी वैकल्पिक व्याख्या संभव है?","planned","not_researched","not_uploaded"
"1156","Batch_039","SLP","Sleep, recovery, and performance","L09","Cross-cultural perspective","Q16","छोटी सफलता क्यों मायने रखती है?","planned","not_researched","not_uploaded"
"1157","Batch_039","SLP","Sleep, recovery, and performance","L09","Cross-cultural perspective","Q17","कौन-सी सीमा उपयोगी है?","planned","not_researched","not_uploaded"
"1158","Batch_039","SLP","Sleep, recovery, and performance","L09","Cross-cultural perspective","Q18","क्या विशेषज्ञों में मतभेद है?","planned","not_researched","not_uploaded"
"1159","Batch_039","SLP","Sleep, recovery, and performance","L09","Cross-cultural perspective","Q19","प्रौद्योगिकी इसे कैसे बदलती है?","planned","not_researched","not_uploaded"
"1160","Batch_039","SLP","Sleep, recovery, and performance","L09","Cross-cultural perspective","Q20","नींद, तनाव, या पर्यावरण की भूमिका क्या है?","planned","not_researched","not_uploaded"
"1161","Batch_039","SLP","Sleep, recovery, and performance","L09","Cross-cultural perspective","Q21","हम अपने अनुमान कैसे जाँच सकते हैं?","planned","not_researched","not_uploaded"
"1162","Batch_039","SLP","Sleep, recovery, and performance","L09","Cross-cultural perspective","Q22","इसे नैतिक रूप से कैसे समझें?","planned","not_researched","not_uploaded"
"1163","Batch_039","SLP","Sleep, recovery, and performance","L09","Cross-cultural perspective","Q23","यह पहचान और भूमिका से कैसे जुड़ता है?","planned","not_researched","not_uploaded"
"1164","Batch_039","SLP","Sleep, recovery, and performance","L09","Cross-cultural perspective","Q24","कब सहायता लेना ठीक है?","planned","not_researched","not_uploaded"
"1165","Batch_039","SLP","Sleep, recovery, and performance","L09","Cross-cultural perspective","Q25","इस परंपरा का दृष्टिकोण क्या है?","planned","not_researched","not_uploaded"
"1166","Batch_039","SLP","Sleep, recovery, and performance","L09","Cross-cultural perspective","Q26","विज्ञान इससे क्या अलग कहता है?","planned","not_researched","not_uploaded"
"1167","Batch_039","SLP","Sleep, recovery, and performance","L09","Cross-cultural perspective","Q27","क्या छोटा परिवर्तन व्यवहार्य है?","planned","not_researched","not_uploaded"
"1168","Batch_039","SLP","Sleep, recovery, and performance","L09","Cross-cultural perspective","Q28","कौन-सा डेटा अभी गायब है?","planned","not_researched","not_uploaded"
"1169","Batch_039","SLP","Sleep, recovery, and performance","L09","Cross-cultural perspective","Q29","इससे जिज्ञासा कैसे बढ़ती है?","planned","not_researched","not_uploaded"
"1170","Batch_039","SLP","Sleep, recovery, and performance","L09","Cross-cultural perspective","Q30","मुख्य सीख क्या है?","planned","not_researched","not_uploaded"
"1171","Batch_040","SLP","Sleep, recovery, and performance","L10","Ethical implication","Q01","यह वास्तव में क्या है?","planned","not_researched","not_uploaded"
"1172","Batch_040","SLP","Sleep, recovery, and performance","L10","Ethical implication","Q02","इसका सबसे आम भ्रम क्या है?","planned","not_researched","not_uploaded"
"1173","Batch_040","SLP","Sleep, recovery, and performance","L10","Ethical implication","Q03","हम इसे रोज़मर्रा में कैसे पहचानते हैं?","planned","not_researched","not_uploaded"
"1174","Batch_040","SLP","Sleep, recovery, and performance","L10","Ethical implication","Q04","इसके पीछे प्रस्तावित तंत्र क्या है?","planned","not_researched","not_uploaded"
"1175","Batch_040","SLP","Sleep, recovery, and performance","L10","Ethical implication","Q05","कौन-सा प्रमाण सबसे मजबूत है?","planned","not_researched","not_uploaded"
"1176","Batch_040","SLP","Sleep, recovery, and performance","L10","Ethical implication","Q06","किस बात पर शोध सहमत नहीं है?","planned","not_researched","not_uploaded"
"1177","Batch_040","SLP","Sleep, recovery, and performance","L10","Ethical implication","Q07","कौन-सा छोटा, सुरक्षित अवलोकन किया जा सकता है?","planned","not_researched","not_uploaded"
"1178","Batch_040","SLP","Sleep, recovery, and performance","L10","Ethical implication","Q08","यह आदत क्यों कठिन लगती है?","planned","not_researched","not_uploaded"
"1179","Batch_040","SLP","Sleep, recovery, and performance","L10","Ethical implication","Q09","संदर्भ इसे कैसे बदलता है?","planned","not_researched","not_uploaded"
"1180","Batch_040","SLP","Sleep, recovery, and performance","L10","Ethical implication","Q10","क्या यह कारण है या केवल संबंध?","planned","not_researched","not_uploaded"
"1181","Batch_040","SLP","Sleep, recovery, and performance","L10","Ethical implication","Q11","भाषा इसे कैसे प्रभावित करती है?","planned","not_researched","not_uploaded"
"1182","Batch_040","SLP","Sleep, recovery, and performance","L10","Ethical implication","Q12","समय के साथ यह कैसे बदलता है?","planned","not_researched","not_uploaded"
"1183","Batch_040","SLP","Sleep, recovery, and performance","L10","Ethical implication","Q13","किस समूह पर निष्कर्ष लागू हुआ?","planned","not_researched","not_uploaded"
"1184","Batch_040","SLP","Sleep, recovery, and performance","L10","Ethical implication","Q14","नापने में कठिनाई क्या है?","planned","not_researched","not_uploaded"
"1185","Batch_040","SLP","Sleep, recovery, and performance","L10","Ethical implication","Q15","कौन-सी वैकल्पिक व्याख्या संभव है?","planned","not_researched","not_uploaded"
"1186","Batch_040","SLP","Sleep, recovery, and performance","L10","Ethical implication","Q16","छोटी सफलता क्यों मायने रखती है?","planned","not_researched","not_uploaded"
"1187","Batch_040","SLP","Sleep, recovery, and performance","L10","Ethical implication","Q17","कौन-सी सीमा उपयोगी है?","planned","not_researched","not_uploaded"
"1188","Batch_040","SLP","Sleep, recovery, and performance","L10","Ethical implication","Q18","क्या विशेषज्ञों में मतभेद है?","planned","not_researched","not_uploaded"
"1189","Batch_040","SLP","Sleep, recovery, and performance","L10","Ethical implication","Q19","प्रौद्योगिकी इसे कैसे बदलती है?","planned","not_researched","not_uploaded"
"1190","Batch_040","SLP","Sleep, recovery, and performance","L10","Ethical implication","Q20","नींद, तनाव, या पर्यावरण की भूमिका क्या है?","planned","not_researched","not_uploaded"
"1191","Batch_040","SLP","Sleep, recovery, and performance","L10","Ethical implication","Q21","हम अपने अनुमान कैसे जाँच सकते हैं?","planned","not_researched","not_uploaded"
"1192","Batch_040","SLP","Sleep, recovery, and performance","L10","Ethical implication","Q22","इसे नैतिक रूप से कैसे समझें?","planned","not_researched","not_uploaded"
"1193","Batch_040","SLP","Sleep, recovery, and performance","L10","Ethical implication","Q23","यह पहचान और भूमिका से कैसे जुड़ता है?","planned","not_researched","not_uploaded"
"1194","Batch_040","SLP","Sleep, recovery, and performance","L10","Ethical implication","Q24","कब सहायता लेना ठीक है?","planned","not_researched","not_uploaded"
"1195","Batch_040","SLP","Sleep, recovery, and performance","L10","Ethical implication","Q25","इस परंपरा का दृष्टिकोण क्या है?","planned","not_researched","not_uploaded"
"1196","Batch_040","SLP","Sleep, recovery, and performance","L10","Ethical implication","Q26","विज्ञान इससे क्या अलग कहता है?","planned","not_researched","not_uploaded"
"1197","Batch_040","SLP","Sleep, recovery, and performance","L10","Ethical implication","Q27","क्या छोटा परिवर्तन व्यवहार्य है?","planned","not_researched","not_uploaded"
"1198","Batch_040","SLP","Sleep, recovery, and performance","L10","Ethical implication","Q28","कौन-सा डेटा अभी गायब है?","planned","not_researched","not_uploaded"
"1199","Batch_040","SLP","Sleep, recovery, and performance","L10","Ethical implication","Q29","इससे जिज्ञासा कैसे बढ़ती है?","planned","not_researched","not_uploaded"
"1200","Batch_040","SLP","Sleep, recovery, and performance","L10","Ethical implication","Q30","मुख्य सीख क्या है?","planned","not_researched","not_uploaded"
"1201","Batch_041","EMO","Emotions and emotion regulation","L01","Core definition","Q01","यह वास्तव में क्या है?","planned","not_researched","not_uploaded"
"1202","Batch_041","EMO","Emotions and emotion regulation","L01","Core definition","Q02","इसका सबसे आम भ्रम क्या है?","planned","not_researched","not_uploaded"
"1203","Batch_041","EMO","Emotions and emotion regulation","L01","Core definition","Q03","हम इसे रोज़मर्रा में कैसे पहचानते हैं?","planned","not_researched","not_uploaded"
"1204","Batch_041","EMO","Emotions and emotion regulation","L01","Core definition","Q04","इसके पीछे प्रस्तावित तंत्र क्या है?","planned","not_researched","not_uploaded"
"1205","Batch_041","EMO","Emotions and emotion regulation","L01","Core definition","Q05","कौन-सा प्रमाण सबसे मजबूत है?","planned","not_researched","not_uploaded"
"1206","Batch_041","EMO","Emotions and emotion regulation","L01","Core definition","Q06","किस बात पर शोध सहमत नहीं है?","planned","not_researched","not_uploaded"
"1207","Batch_041","EMO","Emotions and emotion regulation","L01","Core definition","Q07","कौन-सा छोटा, सुरक्षित अवलोकन किया जा सकता है?","planned","not_researched","not_uploaded"
"1208","Batch_041","EMO","Emotions and emotion regulation","L01","Core definition","Q08","यह आदत क्यों कठिन लगती है?","planned","not_researched","not_uploaded"
"1209","Batch_041","EMO","Emotions and emotion regulation","L01","Core definition","Q09","संदर्भ इसे कैसे बदलता है?","planned","not_researched","not_uploaded"
"1210","Batch_041","EMO","Emotions and emotion regulation","L01","Core definition","Q10","क्या यह कारण है या केवल संबंध?","planned","not_researched","not_uploaded"
"1211","Batch_041","EMO","Emotions and emotion regulation","L01","Core definition","Q11","भाषा इसे कैसे प्रभावित करती है?","planned","not_researched","not_uploaded"
"1212","Batch_041","EMO","Emotions and emotion regulation","L01","Core definition","Q12","समय के साथ यह कैसे बदलता है?","planned","not_researched","not_uploaded"
"1213","Batch_041","EMO","Emotions and emotion regulation","L01","Core definition","Q13","किस समूह पर निष्कर्ष लागू हुआ?","planned","not_researched","not_uploaded"
"1214","Batch_041","EMO","Emotions and emotion regulation","L01","Core definition","Q14","नापने में कठिनाई क्या है?","planned","not_researched","not_uploaded"
"1215","Batch_041","EMO","Emotions and emotion regulation","L01","Core definition","Q15","कौन-सी वैकल्पिक व्याख्या संभव है?","planned","not_researched","not_uploaded"
"1216","Batch_041","EMO","Emotions and emotion regulation","L01","Core definition","Q16","छोटी सफलता क्यों मायने रखती है?","planned","not_researched","not_uploaded"
"1217","Batch_041","EMO","Emotions and emotion regulation","L01","Core definition","Q17","कौन-सी सीमा उपयोगी है?","planned","not_researched","not_uploaded"
"1218","Batch_041","EMO","Emotions and emotion regulation","L01","Core definition","Q18","क्या विशेषज्ञों में मतभेद है?","planned","not_researched","not_uploaded"
"1219","Batch_041","EMO","Emotions and emotion regulation","L01","Core definition","Q19","प्रौद्योगिकी इसे कैसे बदलती है?","planned","not_researched","not_uploaded"
"1220","Batch_041","EMO","Emotions and emotion regulation","L01","Core definition","Q20","नींद, तनाव, या पर्यावरण की भूमिका क्या है?","planned","not_researched","not_uploaded"
"1221","Batch_041","EMO","Emotions and emotion regulation","L01","Core definition","Q21","हम अपने अनुमान कैसे जाँच सकते हैं?","planned","not_researched","not_uploaded"
"1222","Batch_041","EMO","Emotions and emotion regulation","L01","Core definition","Q22","इसे नैतिक रूप से कैसे समझें?","planned","not_researched","not_uploaded"
"1223","Batch_041","EMO","Emotions and emotion regulation","L01","Core definition","Q23","यह पहचान और भूमिका से कैसे जुड़ता है?","planned","not_researched","not_uploaded"
"1224","Batch_041","EMO","Emotions and emotion regulation","L01","Core definition","Q24","कब सहायता लेना ठीक है?","planned","not_researched","not_uploaded"
"1225","Batch_041","EMO","Emotions and emotion regulation","L01","Core definition","Q25","इस परंपरा का दृष्टिकोण क्या है?","planned","not_researched","not_uploaded"
"1226","Batch_041","EMO","Emotions and emotion regulation","L01","Core definition","Q26","विज्ञान इससे क्या अलग कहता है?","planned","not_researched","not_uploaded"
"1227","Batch_041","EMO","Emotions and emotion regulation","L01","Core definition","Q27","क्या छोटा परिवर्तन व्यवहार्य है?","planned","not_researched","not_uploaded"
"1228","Batch_041","EMO","Emotions and emotion regulation","L01","Core definition","Q28","कौन-सा डेटा अभी गायब है?","planned","not_researched","not_uploaded"
"1229","Batch_041","EMO","Emotions and emotion regulation","L01","Core definition","Q29","इससे जिज्ञासा कैसे बढ़ती है?","planned","not_researched","not_uploaded"
"1230","Batch_041","EMO","Emotions and emotion regulation","L01","Core definition","Q30","मुख्य सीख क्या है?","planned","not_researched","not_uploaded"
"1231","Batch_042","EMO","Emotions and emotion regulation","L02","Common misconception","Q01","यह वास्तव में क्या है?","planned","not_researched","not_uploaded"
"1232","Batch_042","EMO","Emotions and emotion regulation","L02","Common misconception","Q02","इसका सबसे आम भ्रम क्या है?","planned","not_researched","not_uploaded"
"1233","Batch_042","EMO","Emotions and emotion regulation","L02","Common misconception","Q03","हम इसे रोज़मर्रा में कैसे पहचानते हैं?","planned","not_researched","not_uploaded"
"1234","Batch_042","EMO","Emotions and emotion regulation","L02","Common misconception","Q04","इसके पीछे प्रस्तावित तंत्र क्या है?","planned","not_researched","not_uploaded"
"1235","Batch_042","EMO","Emotions and emotion regulation","L02","Common misconception","Q05","कौन-सा प्रमाण सबसे मजबूत है?","planned","not_researched","not_uploaded"
"1236","Batch_042","EMO","Emotions and emotion regulation","L02","Common misconception","Q06","किस बात पर शोध सहमत नहीं है?","planned","not_researched","not_uploaded"
"1237","Batch_042","EMO","Emotions and emotion regulation","L02","Common misconception","Q07","कौन-सा छोटा, सुरक्षित अवलोकन किया जा सकता है?","planned","not_researched","not_uploaded"
"1238","Batch_042","EMO","Emotions and emotion regulation","L02","Common misconception","Q08","यह आदत क्यों कठिन लगती है?","planned","not_researched","not_uploaded"
"1239","Batch_042","EMO","Emotions and emotion regulation","L02","Common misconception","Q09","संदर्भ इसे कैसे बदलता है?","planned","not_researched","not_uploaded"
"1240","Batch_042","EMO","Emotions and emotion regulation","L02","Common misconception","Q10","क्या यह कारण है या केवल संबंध?","planned","not_researched","not_uploaded"
"1241","Batch_042","EMO","Emotions and emotion regulation","L02","Common misconception","Q11","भाषा इसे कैसे प्रभावित करती है?","planned","not_researched","not_uploaded"
"1242","Batch_042","EMO","Emotions and emotion regulation","L02","Common misconception","Q12","समय के साथ यह कैसे बदलता है?","planned","not_researched","not_uploaded"
"1243","Batch_042","EMO","Emotions and emotion regulation","L02","Common misconception","Q13","किस समूह पर निष्कर्ष लागू हुआ?","planned","not_researched","not_uploaded"
"1244","Batch_042","EMO","Emotions and emotion regulation","L02","Common misconception","Q14","नापने में कठिनाई क्या है?","planned","not_researched","not_uploaded"
"1245","Batch_042","EMO","Emotions and emotion regulation","L02","Common misconception","Q15","कौन-सी वैकल्पिक व्याख्या संभव है?","planned","not_researched","not_uploaded"
"1246","Batch_042","EMO","Emotions and emotion regulation","L02","Common misconception","Q16","छोटी सफलता क्यों मायने रखती है?","planned","not_researched","not_uploaded"
"1247","Batch_042","EMO","Emotions and emotion regulation","L02","Common misconception","Q17","कौन-सी सीमा उपयोगी है?","planned","not_researched","not_uploaded"
"1248","Batch_042","EMO","Emotions and emotion regulation","L02","Common misconception","Q18","क्या विशेषज्ञों में मतभेद है?","planned","not_researched","not_uploaded"
"1249","Batch_042","EMO","Emotions and emotion regulation","L02","Common misconception","Q19","प्रौद्योगिकी इसे कैसे बदलती है?","planned","not_researched","not_uploaded"
"1250","Batch_042","EMO","Emotions and emotion regulation","L02","Common misconception","Q20","नींद, तनाव, या पर्यावरण की भूमिका क्या है?","planned","not_researched","not_uploaded"
"1251","Batch_042","EMO","Emotions and emotion regulation","L02","Common misconception","Q21","हम अपने अनुमान कैसे जाँच सकते हैं?","planned","not_researched","not_uploaded"
"1252","Batch_042","EMO","Emotions and emotion regulation","L02","Common misconception","Q22","इसे नैतिक रूप से कैसे समझें?","planned","not_researched","not_uploaded"
"1253","Batch_042","EMO","Emotions and emotion regulation","L02","Common misconception","Q23","यह पहचान और भूमिका से कैसे जुड़ता है?","planned","not_researched","not_uploaded"
"1254","Batch_042","EMO","Emotions and emotion regulation","L02","Common misconception","Q24","कब सहायता लेना ठीक है?","planned","not_researched","not_uploaded"
"1255","Batch_042","EMO","Emotions and emotion regulation","L02","Common misconception","Q25","इस परंपरा का दृष्टिकोण क्या है?","planned","not_researched","not_uploaded"
"1256","Batch_042","EMO","Emotions and emotion regulation","L02","Common misconception","Q26","विज्ञान इससे क्या अलग कहता है?","planned","not_researched","not_uploaded"
"1257","Batch_042","EMO","Emotions and emotion regulation","L02","Common misconception","Q27","क्या छोटा परिवर्तन व्यवहार्य है?","planned","not_researched","not_uploaded"
"1258","Batch_042","EMO","Emotions and emotion regulation","L02","Common misconception","Q28","कौन-सा डेटा अभी गायब है?","planned","not_researched","not_uploaded"
"1259","Batch_042","EMO","Emotions and emotion regulation","L02","Common misconception","Q29","इससे जिज्ञासा कैसे बढ़ती है?","planned","not_researched","not_uploaded"
"1260","Batch_042","EMO","Emotions and emotion regulation","L02","Common misconception","Q30","मुख्य सीख क्या है?","planned","not_researched","not_uploaded"
"1261","Batch_043","EMO","Emotions and emotion regulation","L03","Everyday observation","Q01","यह वास्तव में क्या है?","planned","not_researched","not_uploaded"
"1262","Batch_043","EMO","Emotions and emotion regulation","L03","Everyday observation","Q02","इसका सबसे आम भ्रम क्या है?","planned","not_researched","not_uploaded"
"1263","Batch_043","EMO","Emotions and emotion regulation","L03","Everyday observation","Q03","हम इसे रोज़मर्रा में कैसे पहचानते हैं?","planned","not_researched","not_uploaded"
"1264","Batch_043","EMO","Emotions and emotion regulation","L03","Everyday observation","Q04","इसके पीछे प्रस्तावित तंत्र क्या है?","planned","not_researched","not_uploaded"
"1265","Batch_043","EMO","Emotions and emotion regulation","L03","Everyday observation","Q05","कौन-सा प्रमाण सबसे मजबूत है?","planned","not_researched","not_uploaded"
"1266","Batch_043","EMO","Emotions and emotion regulation","L03","Everyday observation","Q06","किस बात पर शोध सहमत नहीं है?","planned","not_researched","not_uploaded"
"1267","Batch_043","EMO","Emotions and emotion regulation","L03","Everyday observation","Q07","कौन-सा छोटा, सुरक्षित अवलोकन किया जा सकता है?","planned","not_researched","not_uploaded"
"1268","Batch_043","EMO","Emotions and emotion regulation","L03","Everyday observation","Q08","यह आदत क्यों कठिन लगती है?","planned","not_researched","not_uploaded"
"1269","Batch_043","EMO","Emotions and emotion regulation","L03","Everyday observation","Q09","संदर्भ इसे कैसे बदलता है?","planned","not_researched","not_uploaded"
"1270","Batch_043","EMO","Emotions and emotion regulation","L03","Everyday observation","Q10","क्या यह कारण है या केवल संबंध?","planned","not_researched","not_uploaded"
"1271","Batch_043","EMO","Emotions and emotion regulation","L03","Everyday observation","Q11","भाषा इसे कैसे प्रभावित करती है?","planned","not_researched","not_uploaded"
"1272","Batch_043","EMO","Emotions and emotion regulation","L03","Everyday observation","Q12","समय के साथ यह कैसे बदलता है?","planned","not_researched","not_uploaded"
"1273","Batch_043","EMO","Emotions and emotion regulation","L03","Everyday observation","Q13","किस समूह पर निष्कर्ष लागू हुआ?","planned","not_researched","not_uploaded"
"1274","Batch_043","EMO","Emotions and emotion regulation","L03","Everyday observation","Q14","नापने में कठिनाई क्या है?","planned","not_researched","not_uploaded"
"1275","Batch_043","EMO","Emotions and emotion regulation","L03","Everyday observation","Q15","कौन-सी वैकल्पिक व्याख्या संभव है?","planned","not_researched","not_uploaded"
"1276","Batch_043","EMO","Emotions and emotion regulation","L03","Everyday observation","Q16","छोटी सफलता क्यों मायने रखती है?","planned","not_researched","not_uploaded"
"1277","Batch_043","EMO","Emotions and emotion regulation","L03","Everyday observation","Q17","कौन-सी सीमा उपयोगी है?","planned","not_researched","not_uploaded"
"1278","Batch_043","EMO","Emotions and emotion regulation","L03","Everyday observation","Q18","क्या विशेषज्ञों में मतभेद है?","planned","not_researched","not_uploaded"
"1279","Batch_043","EMO","Emotions and emotion regulation","L03","Everyday observation","Q19","प्रौद्योगिकी इसे कैसे बदलती है?","planned","not_researched","not_uploaded"
"1280","Batch_043","EMO","Emotions and emotion regulation","L03","Everyday observation","Q20","नींद, तनाव, या पर्यावरण की भूमिका क्या है?","planned","not_researched","not_uploaded"
"1281","Batch_043","EMO","Emotions and emotion regulation","L03","Everyday observation","Q21","हम अपने अनुमान कैसे जाँच सकते हैं?","planned","not_researched","not_uploaded"
"1282","Batch_043","EMO","Emotions and emotion regulation","L03","Everyday observation","Q22","इसे नैतिक रूप से कैसे समझें?","planned","not_researched","not_uploaded"
"1283","Batch_043","EMO","Emotions and emotion regulation","L03","Everyday observation","Q23","यह पहचान और भूमिका से कैसे जुड़ता है?","planned","not_researched","not_uploaded"
"1284","Batch_043","EMO","Emotions and emotion regulation","L03","Everyday observation","Q24","कब सहायता लेना ठीक है?","planned","not_researched","not_uploaded"
"1285","Batch_043","EMO","Emotions and emotion regulation","L03","Everyday observation","Q25","इस परंपरा का दृष्टिकोण क्या है?","planned","not_researched","not_uploaded"
"1286","Batch_043","EMO","Emotions and emotion regulation","L03","Everyday observation","Q26","विज्ञान इससे क्या अलग कहता है?","planned","not_researched","not_uploaded"
"1287","Batch_043","EMO","Emotions and emotion regulation","L03","Everyday observation","Q27","क्या छोटा परिवर्तन व्यवहार्य है?","planned","not_researched","not_uploaded"
"1288","Batch_043","EMO","Emotions and emotion regulation","L03","Everyday observation","Q28","कौन-सा डेटा अभी गायब है?","planned","not_researched","not_uploaded"
"1289","Batch_043","EMO","Emotions and emotion regulation","L03","Everyday observation","Q29","इससे जिज्ञासा कैसे बढ़ती है?","planned","not_researched","not_uploaded"
"1290","Batch_043","EMO","Emotions and emotion regulation","L03","Everyday observation","Q30","मुख्य सीख क्या है?","planned","not_researched","not_uploaded"
"1291","Batch_044","EMO","Emotions and emotion regulation","L04","Mechanism","Q01","यह वास्तव में क्या है?","planned","not_researched","not_uploaded"
"1292","Batch_044","EMO","Emotions and emotion regulation","L04","Mechanism","Q02","इसका सबसे आम भ्रम क्या है?","planned","not_researched","not_uploaded"
"1293","Batch_044","EMO","Emotions and emotion regulation","L04","Mechanism","Q03","हम इसे रोज़मर्रा में कैसे पहचानते हैं?","planned","not_researched","not_uploaded"
"1294","Batch_044","EMO","Emotions and emotion regulation","L04","Mechanism","Q04","इसके पीछे प्रस्तावित तंत्र क्या है?","planned","not_researched","not_uploaded"
"1295","Batch_044","EMO","Emotions and emotion regulation","L04","Mechanism","Q05","कौन-सा प्रमाण सबसे मजबूत है?","planned","not_researched","not_uploaded"
"1296","Batch_044","EMO","Emotions and emotion regulation","L04","Mechanism","Q06","किस बात पर शोध सहमत नहीं है?","planned","not_researched","not_uploaded"
"1297","Batch_044","EMO","Emotions and emotion regulation","L04","Mechanism","Q07","कौन-सा छोटा, सुरक्षित अवलोकन किया जा सकता है?","planned","not_researched","not_uploaded"
"1298","Batch_044","EMO","Emotions and emotion regulation","L04","Mechanism","Q08","यह आदत क्यों कठिन लगती है?","planned","not_researched","not_uploaded"
"1299","Batch_044","EMO","Emotions and emotion regulation","L04","Mechanism","Q09","संदर्भ इसे कैसे बदलता है?","planned","not_researched","not_uploaded"
"1300","Batch_044","EMO","Emotions and emotion regulation","L04","Mechanism","Q10","क्या यह कारण है या केवल संबंध?","planned","not_researched","not_uploaded"
"1301","Batch_044","EMO","Emotions and emotion regulation","L04","Mechanism","Q11","भाषा इसे कैसे प्रभावित करती है?","planned","not_researched","not_uploaded"
"1302","Batch_044","EMO","Emotions and emotion regulation","L04","Mechanism","Q12","समय के साथ यह कैसे बदलता है?","planned","not_researched","not_uploaded"
"1303","Batch_044","EMO","Emotions and emotion regulation","L04","Mechanism","Q13","किस समूह पर निष्कर्ष लागू हुआ?","planned","not_researched","not_uploaded"
"1304","Batch_044","EMO","Emotions and emotion regulation","L04","Mechanism","Q14","नापने में कठिनाई क्या है?","planned","not_researched","not_uploaded"
"1305","Batch_044","EMO","Emotions and emotion regulation","L04","Mechanism","Q15","कौन-सी वैकल्पिक व्याख्या संभव है?","planned","not_researched","not_uploaded"
"1306","Batch_044","EMO","Emotions and emotion regulation","L04","Mechanism","Q16","छोटी सफलता क्यों मायने रखती है?","planned","not_researched","not_uploaded"
"1307","Batch_044","EMO","Emotions and emotion regulation","L04","Mechanism","Q17","कौन-सी सीमा उपयोगी है?","planned","not_researched","not_uploaded"
"1308","Batch_044","EMO","Emotions and emotion regulation","L04","Mechanism","Q18","क्या विशेषज्ञों में मतभेद है?","planned","not_researched","not_uploaded"
"1309","Batch_044","EMO","Emotions and emotion regulation","L04","Mechanism","Q19","प्रौद्योगिकी इसे कैसे बदलती है?","planned","not_researched","not_uploaded"
"1310","Batch_044","EMO","Emotions and emotion regulation","L04","Mechanism","Q20","नींद, तनाव, या पर्यावरण की भूमिका क्या है?","planned","not_researched","not_uploaded"
"1311","Batch_044","EMO","Emotions and emotion regulation","L04","Mechanism","Q21","हम अपने अनुमान कैसे जाँच सकते हैं?","planned","not_researched","not_uploaded"
"1312","Batch_044","EMO","Emotions and emotion regulation","L04","Mechanism","Q22","इसे नैतिक रूप से कैसे समझें?","planned","not_researched","not_uploaded"
"1313","Batch_044","EMO","Emotions and emotion regulation","L04","Mechanism","Q23","यह पहचान और भूमिका से कैसे जुड़ता है?","planned","not_researched","not_uploaded"
"1314","Batch_044","EMO","Emotions and emotion regulation","L04","Mechanism","Q24","कब सहायता लेना ठीक है?","planned","not_researched","not_uploaded"
"1315","Batch_044","EMO","Emotions and emotion regulation","L04","Mechanism","Q25","इस परंपरा का दृष्टिकोण क्या है?","planned","not_researched","not_uploaded"
"1316","Batch_044","EMO","Emotions and emotion regulation","L04","Mechanism","Q26","विज्ञान इससे क्या अलग कहता है?","planned","not_researched","not_uploaded"
"1317","Batch_044","EMO","Emotions and emotion regulation","L04","Mechanism","Q27","क्या छोटा परिवर्तन व्यवहार्य है?","planned","not_researched","not_uploaded"
"1318","Batch_044","EMO","Emotions and emotion regulation","L04","Mechanism","Q28","कौन-सा डेटा अभी गायब है?","planned","not_researched","not_uploaded"
"1319","Batch_044","EMO","Emotions and emotion regulation","L04","Mechanism","Q29","इससे जिज्ञासा कैसे बढ़ती है?","planned","not_researched","not_uploaded"
"1320","Batch_044","EMO","Emotions and emotion regulation","L04","Mechanism","Q30","मुख्य सीख क्या है?","planned","not_researched","not_uploaded"
"1321","Batch_045","EMO","Emotions and emotion regulation","L05","Evidence comparison","Q01","यह वास्तव में क्या है?","planned","not_researched","not_uploaded"
"1322","Batch_045","EMO","Emotions and emotion regulation","L05","Evidence comparison","Q02","इसका सबसे आम भ्रम क्या है?","planned","not_researched","not_uploaded"
"1323","Batch_045","EMO","Emotions and emotion regulation","L05","Evidence comparison","Q03","हम इसे रोज़मर्रा में कैसे पहचानते हैं?","planned","not_researched","not_uploaded"
"1324","Batch_045","EMO","Emotions and emotion regulation","L05","Evidence comparison","Q04","इसके पीछे प्रस्तावित तंत्र क्या है?","planned","not_researched","not_uploaded"
"1325","Batch_045","EMO","Emotions and emotion regulation","L05","Evidence comparison","Q05","कौन-सा प्रमाण सबसे मजबूत है?","planned","not_researched","not_uploaded"
"1326","Batch_045","EMO","Emotions and emotion regulation","L05","Evidence comparison","Q06","किस बात पर शोध सहमत नहीं है?","planned","not_researched","not_uploaded"
"1327","Batch_045","EMO","Emotions and emotion regulation","L05","Evidence comparison","Q07","कौन-सा छोटा, सुरक्षित अवलोकन किया जा सकता है?","planned","not_researched","not_uploaded"
"1328","Batch_045","EMO","Emotions and emotion regulation","L05","Evidence comparison","Q08","यह आदत क्यों कठिन लगती है?","planned","not_researched","not_uploaded"
"1329","Batch_045","EMO","Emotions and emotion regulation","L05","Evidence comparison","Q09","संदर्भ इसे कैसे बदलता है?","planned","not_researched","not_uploaded"
"1330","Batch_045","EMO","Emotions and emotion regulation","L05","Evidence comparison","Q10","क्या यह कारण है या केवल संबंध?","planned","not_researched","not_uploaded"
"1331","Batch_045","EMO","Emotions and emotion regulation","L05","Evidence comparison","Q11","भाषा इसे कैसे प्रभावित करती है?","planned","not_researched","not_uploaded"
"1332","Batch_045","EMO","Emotions and emotion regulation","L05","Evidence comparison","Q12","समय के साथ यह कैसे बदलता है?","planned","not_researched","not_uploaded"
"1333","Batch_045","EMO","Emotions and emotion regulation","L05","Evidence comparison","Q13","किस समूह पर निष्कर्ष लागू हुआ?","planned","not_researched","not_uploaded"
"1334","Batch_045","EMO","Emotions and emotion regulation","L05","Evidence comparison","Q14","नापने में कठिनाई क्या है?","planned","not_researched","not_uploaded"
"1335","Batch_045","EMO","Emotions and emotion regulation","L05","Evidence comparison","Q15","कौन-सी वैकल्पिक व्याख्या संभव है?","planned","not_researched","not_uploaded"
"1336","Batch_045","EMO","Emotions and emotion regulation","L05","Evidence comparison","Q16","छोटी सफलता क्यों मायने रखती है?","planned","not_researched","not_uploaded"
"1337","Batch_045","EMO","Emotions and emotion regulation","L05","Evidence comparison","Q17","कौन-सी सीमा उपयोगी है?","planned","not_researched","not_uploaded"
"1338","Batch_045","EMO","Emotions and emotion regulation","L05","Evidence comparison","Q18","क्या विशेषज्ञों में मतभेद है?","planned","not_researched","not_uploaded"
"1339","Batch_045","EMO","Emotions and emotion regulation","L05","Evidence comparison","Q19","प्रौद्योगिकी इसे कैसे बदलती है?","planned","not_researched","not_uploaded"
"1340","Batch_045","EMO","Emotions and emotion regulation","L05","Evidence comparison","Q20","नींद, तनाव, या पर्यावरण की भूमिका क्या है?","planned","not_researched","not_uploaded"
"1341","Batch_045","EMO","Emotions and emotion regulation","L05","Evidence comparison","Q21","हम अपने अनुमान कैसे जाँच सकते हैं?","planned","not_researched","not_uploaded"
"1342","Batch_045","EMO","Emotions and emotion regulation","L05","Evidence comparison","Q22","इसे नैतिक रूप से कैसे समझें?","planned","not_researched","not_uploaded"
"1343","Batch_045","EMO","Emotions and emotion regulation","L05","Evidence comparison","Q23","यह पहचान और भूमिका से कैसे जुड़ता है?","planned","not_researched","not_uploaded"
"1344","Batch_045","EMO","Emotions and emotion regulation","L05","Evidence comparison","Q24","कब सहायता लेना ठीक है?","planned","not_researched","not_uploaded"
"1345","Batch_045","EMO","Emotions and emotion regulation","L05","Evidence comparison","Q25","इस परंपरा का दृष्टिकोण क्या है?","planned","not_researched","not_uploaded"
"1346","Batch_045","EMO","Emotions and emotion regulation","L05","Evidence comparison","Q26","विज्ञान इससे क्या अलग कहता है?","planned","not_researched","not_uploaded"
"1347","Batch_045","EMO","Emotions and emotion regulation","L05","Evidence comparison","Q27","क्या छोटा परिवर्तन व्यवहार्य है?","planned","not_researched","not_uploaded"
"1348","Batch_045","EMO","Emotions and emotion regulation","L05","Evidence comparison","Q28","कौन-सा डेटा अभी गायब है?","planned","not_researched","not_uploaded"
"1349","Batch_045","EMO","Emotions and emotion regulation","L05","Evidence comparison","Q29","इससे जिज्ञासा कैसे बढ़ती है?","planned","not_researched","not_uploaded"
"1350","Batch_045","EMO","Emotions and emotion regulation","L05","Evidence comparison","Q30","मुख्य सीख क्या है?","planned","not_researched","not_uploaded"
"1351","Batch_046","EMO","Emotions and emotion regulation","L06","Practical experiment","Q01","यह वास्तव में क्या है?","planned","not_researched","not_uploaded"
"1352","Batch_046","EMO","Emotions and emotion regulation","L06","Practical experiment","Q02","इसका सबसे आम भ्रम क्या है?","planned","not_researched","not_uploaded"
"1353","Batch_046","EMO","Emotions and emotion regulation","L06","Practical experiment","Q03","हम इसे रोज़मर्रा में कैसे पहचानते हैं?","planned","not_researched","not_uploaded"
"1354","Batch_046","EMO","Emotions and emotion regulation","L06","Practical experiment","Q04","इसके पीछे प्रस्तावित तंत्र क्या है?","planned","not_researched","not_uploaded"
"1355","Batch_046","EMO","Emotions and emotion regulation","L06","Practical experiment","Q05","कौन-सा प्रमाण सबसे मजबूत है?","planned","not_researched","not_uploaded"
"1356","Batch_046","EMO","Emotions and emotion regulation","L06","Practical experiment","Q06","किस बात पर शोध सहमत नहीं है?","planned","not_researched","not_uploaded"
"1357","Batch_046","EMO","Emotions and emotion regulation","L06","Practical experiment","Q07","कौन-सा छोटा, सुरक्षित अवलोकन किया जा सकता है?","planned","not_researched","not_uploaded"
"1358","Batch_046","EMO","Emotions and emotion regulation","L06","Practical experiment","Q08","यह आदत क्यों कठिन लगती है?","planned","not_researched","not_uploaded"
"1359","Batch_046","EMO","Emotions and emotion regulation","L06","Practical experiment","Q09","संदर्भ इसे कैसे बदलता है?","planned","not_researched","not_uploaded"
"1360","Batch_046","EMO","Emotions and emotion regulation","L06","Practical experiment","Q10","क्या यह कारण है या केवल संबंध?","planned","not_researched","not_uploaded"
"1361","Batch_046","EMO","Emotions and emotion regulation","L06","Practical experiment","Q11","भाषा इसे कैसे प्रभावित करती है?","planned","not_researched","not_uploaded"
"1362","Batch_046","EMO","Emotions and emotion regulation","L06","Practical experiment","Q12","समय के साथ यह कैसे बदलता है?","planned","not_researched","not_uploaded"
"1363","Batch_046","EMO","Emotions and emotion regulation","L06","Practical experiment","Q13","किस समूह पर निष्कर्ष लागू हुआ?","planned","not_researched","not_uploaded"
"1364","Batch_046","EMO","Emotions and emotion regulation","L06","Practical experiment","Q14","नापने में कठिनाई क्या है?","planned","not_researched","not_uploaded"
"1365","Batch_046","EMO","Emotions and emotion regulation","L06","Practical experiment","Q15","कौन-सी वैकल्पिक व्याख्या संभव है?","planned","not_researched","not_uploaded"
"1366","Batch_046","EMO","Emotions and emotion regulation","L06","Practical experiment","Q16","छोटी सफलता क्यों मायने रखती है?","planned","not_researched","not_uploaded"
"1367","Batch_046","EMO","Emotions and emotion regulation","L06","Practical experiment","Q17","कौन-सी सीमा उपयोगी है?","planned","not_researched","not_uploaded"
"1368","Batch_046","EMO","Emotions and emotion regulation","L06","Practical experiment","Q18","क्या विशेषज्ञों में मतभेद है?","planned","not_researched","not_uploaded"
"1369","Batch_046","EMO","Emotions and emotion regulation","L06","Practical experiment","Q19","प्रौद्योगिकी इसे कैसे बदलती है?","planned","not_researched","not_uploaded"
"1370","Batch_046","EMO","Emotions and emotion regulation","L06","Practical experiment","Q20","नींद, तनाव, या पर्यावरण की भूमिका क्या है?","planned","not_researched","not_uploaded"
"1371","Batch_046","EMO","Emotions and emotion regulation","L06","Practical experiment","Q21","हम अपने अनुमान कैसे जाँच सकते हैं?","planned","not_researched","not_uploaded"
"1372","Batch_046","EMO","Emotions and emotion regulation","L06","Practical experiment","Q22","इसे नैतिक रूप से कैसे समझें?","planned","not_researched","not_uploaded"
"1373","Batch_046","EMO","Emotions and emotion regulation","L06","Practical experiment","Q23","यह पहचान और भूमिका से कैसे जुड़ता है?","planned","not_researched","not_uploaded"
"1374","Batch_046","EMO","Emotions and emotion regulation","L06","Practical experiment","Q24","कब सहायता लेना ठीक है?","planned","not_researched","not_uploaded"
"1375","Batch_046","EMO","Emotions and emotion regulation","L06","Practical experiment","Q25","इस परंपरा का दृष्टिकोण क्या है?","planned","not_researched","not_uploaded"
"1376","Batch_046","EMO","Emotions and emotion regulation","L06","Practical experiment","Q26","विज्ञान इससे क्या अलग कहता है?","planned","not_researched","not_uploaded"
"1377","Batch_046","EMO","Emotions and emotion regulation","L06","Practical experiment","Q27","क्या छोटा परिवर्तन व्यवहार्य है?","planned","not_researched","not_uploaded"
"1378","Batch_046","EMO","Emotions and emotion regulation","L06","Practical experiment","Q28","कौन-सा डेटा अभी गायब है?","planned","not_researched","not_uploaded"
"1379","Batch_046","EMO","Emotions and emotion regulation","L06","Practical experiment","Q29","इससे जिज्ञासा कैसे बढ़ती है?","planned","not_researched","not_uploaded"
"1380","Batch_046","EMO","Emotions and emotion regulation","L06","Practical experiment","Q30","मुख्य सीख क्या है?","planned","not_researched","not_uploaded"
"1381","Batch_047","EMO","Emotions and emotion regulation","L07","Boundary condition","Q01","यह वास्तव में क्या है?","planned","not_researched","not_uploaded"
"1382","Batch_047","EMO","Emotions and emotion regulation","L07","Boundary condition","Q02","इसका सबसे आम भ्रम क्या है?","planned","not_researched","not_uploaded"
"1383","Batch_047","EMO","Emotions and emotion regulation","L07","Boundary condition","Q03","हम इसे रोज़मर्रा में कैसे पहचानते हैं?","planned","not_researched","not_uploaded"
"1384","Batch_047","EMO","Emotions and emotion regulation","L07","Boundary condition","Q04","इसके पीछे प्रस्तावित तंत्र क्या है?","planned","not_researched","not_uploaded"
"1385","Batch_047","EMO","Emotions and emotion regulation","L07","Boundary condition","Q05","कौन-सा प्रमाण सबसे मजबूत है?","planned","not_researched","not_uploaded"
"1386","Batch_047","EMO","Emotions and emotion regulation","L07","Boundary condition","Q06","किस बात पर शोध सहमत नहीं है?","planned","not_researched","not_uploaded"
"1387","Batch_047","EMO","Emotions and emotion regulation","L07","Boundary condition","Q07","कौन-सा छोटा, सुरक्षित अवलोकन किया जा सकता है?","planned","not_researched","not_uploaded"
"1388","Batch_047","EMO","Emotions and emotion regulation","L07","Boundary condition","Q08","यह आदत क्यों कठिन लगती है?","planned","not_researched","not_uploaded"
"1389","Batch_047","EMO","Emotions and emotion regulation","L07","Boundary condition","Q09","संदर्भ इसे कैसे बदलता है?","planned","not_researched","not_uploaded"
"1390","Batch_047","EMO","Emotions and emotion regulation","L07","Boundary condition","Q10","क्या यह कारण है या केवल संबंध?","planned","not_researched","not_uploaded"
"1391","Batch_047","EMO","Emotions and emotion regulation","L07","Boundary condition","Q11","भाषा इसे कैसे प्रभावित करती है?","planned","not_researched","not_uploaded"
"1392","Batch_047","EMO","Emotions and emotion regulation","L07","Boundary condition","Q12","समय के साथ यह कैसे बदलता है?","planned","not_researched","not_uploaded"
"1393","Batch_047","EMO","Emotions and emotion regulation","L07","Boundary condition","Q13","किस समूह पर निष्कर्ष लागू हुआ?","planned","not_researched","not_uploaded"
"1394","Batch_047","EMO","Emotions and emotion regulation","L07","Boundary condition","Q14","नापने में कठिनाई क्या है?","planned","not_researched","not_uploaded"
"1395","Batch_047","EMO","Emotions and emotion regulation","L07","Boundary condition","Q15","कौन-सी वैकल्पिक व्याख्या संभव है?","planned","not_researched","not_uploaded"
"1396","Batch_047","EMO","Emotions and emotion regulation","L07","Boundary condition","Q16","छोटी सफलता क्यों मायने रखती है?","planned","not_researched","not_uploaded"
"1397","Batch_047","EMO","Emotions and emotion regulation","L07","Boundary condition","Q17","कौन-सी सीमा उपयोगी है?","planned","not_researched","not_uploaded"
"1398","Batch_047","EMO","Emotions and emotion regulation","L07","Boundary condition","Q18","क्या विशेषज्ञों में मतभेद है?","planned","not_researched","not_uploaded"
"1399","Batch_047","EMO","Emotions and emotion regulation","L07","Boundary condition","Q19","प्रौद्योगिकी इसे कैसे बदलती है?","planned","not_researched","not_uploaded"
"1400","Batch_047","EMO","Emotions and emotion regulation","L07","Boundary condition","Q20","नींद, तनाव, या पर्यावरण की भूमिका क्या है?","planned","not_researched","not_uploaded"
"1401","Batch_047","EMO","Emotions and emotion regulation","L07","Boundary condition","Q21","हम अपने अनुमान कैसे जाँच सकते हैं?","planned","not_researched","not_uploaded"
"1402","Batch_047","EMO","Emotions and emotion regulation","L07","Boundary condition","Q22","इसे नैतिक रूप से कैसे समझें?","planned","not_researched","not_uploaded"
"1403","Batch_047","EMO","Emotions and emotion regulation","L07","Boundary condition","Q23","यह पहचान और भूमिका से कैसे जुड़ता है?","planned","not_researched","not_uploaded"
"1404","Batch_047","EMO","Emotions and emotion regulation","L07","Boundary condition","Q24","कब सहायता लेना ठीक है?","planned","not_researched","not_uploaded"
"1405","Batch_047","EMO","Emotions and emotion regulation","L07","Boundary condition","Q25","इस परंपरा का दृष्टिकोण क्या है?","planned","not_researched","not_uploaded"
"1406","Batch_047","EMO","Emotions and emotion regulation","L07","Boundary condition","Q26","विज्ञान इससे क्या अलग कहता है?","planned","not_researched","not_uploaded"
"1407","Batch_047","EMO","Emotions and emotion regulation","L07","Boundary condition","Q27","क्या छोटा परिवर्तन व्यवहार्य है?","planned","not_researched","not_uploaded"
"1408","Batch_047","EMO","Emotions and emotion regulation","L07","Boundary condition","Q28","कौन-सा डेटा अभी गायब है?","planned","not_researched","not_uploaded"
"1409","Batch_047","EMO","Emotions and emotion regulation","L07","Boundary condition","Q29","इससे जिज्ञासा कैसे बढ़ती है?","planned","not_researched","not_uploaded"
"1410","Batch_047","EMO","Emotions and emotion regulation","L07","Boundary condition","Q30","मुख्य सीख क्या है?","planned","not_researched","not_uploaded"
"1411","Batch_048","EMO","Emotions and emotion regulation","L08","History of an idea","Q01","यह वास्तव में क्या है?","planned","not_researched","not_uploaded"
"1412","Batch_048","EMO","Emotions and emotion regulation","L08","History of an idea","Q02","इसका सबसे आम भ्रम क्या है?","planned","not_researched","not_uploaded"
"1413","Batch_048","EMO","Emotions and emotion regulation","L08","History of an idea","Q03","हम इसे रोज़मर्रा में कैसे पहचानते हैं?","planned","not_researched","not_uploaded"
"1414","Batch_048","EMO","Emotions and emotion regulation","L08","History of an idea","Q04","इसके पीछे प्रस्तावित तंत्र क्या है?","planned","not_researched","not_uploaded"
"1415","Batch_048","EMO","Emotions and emotion regulation","L08","History of an idea","Q05","कौन-सा प्रमाण सबसे मजबूत है?","planned","not_researched","not_uploaded"
"1416","Batch_048","EMO","Emotions and emotion regulation","L08","History of an idea","Q06","किस बात पर शोध सहमत नहीं है?","planned","not_researched","not_uploaded"
"1417","Batch_048","EMO","Emotions and emotion regulation","L08","History of an idea","Q07","कौन-सा छोटा, सुरक्षित अवलोकन किया जा सकता है?","planned","not_researched","not_uploaded"
"1418","Batch_048","EMO","Emotions and emotion regulation","L08","History of an idea","Q08","यह आदत क्यों कठिन लगती है?","planned","not_researched","not_uploaded"
"1419","Batch_048","EMO","Emotions and emotion regulation","L08","History of an idea","Q09","संदर्भ इसे कैसे बदलता है?","planned","not_researched","not_uploaded"
"1420","Batch_048","EMO","Emotions and emotion regulation","L08","History of an idea","Q10","क्या यह कारण है या केवल संबंध?","planned","not_researched","not_uploaded"
"1421","Batch_048","EMO","Emotions and emotion regulation","L08","History of an idea","Q11","भाषा इसे कैसे प्रभावित करती है?","planned","not_researched","not_uploaded"
"1422","Batch_048","EMO","Emotions and emotion regulation","L08","History of an idea","Q12","समय के साथ यह कैसे बदलता है?","planned","not_researched","not_uploaded"
"1423","Batch_048","EMO","Emotions and emotion regulation","L08","History of an idea","Q13","किस समूह पर निष्कर्ष लागू हुआ?","planned","not_researched","not_uploaded"
"1424","Batch_048","EMO","Emotions and emotion regulation","L08","History of an idea","Q14","नापने में कठिनाई क्या है?","planned","not_researched","not_uploaded"
"1425","Batch_048","EMO","Emotions and emotion regulation","L08","History of an idea","Q15","कौन-सी वैकल्पिक व्याख्या संभव है?","planned","not_researched","not_uploaded"
"1426","Batch_048","EMO","Emotions and emotion regulation","L08","History of an idea","Q16","छोटी सफलता क्यों मायने रखती है?","planned","not_researched","not_uploaded"
"1427","Batch_048","EMO","Emotions and emotion regulation","L08","History of an idea","Q17","कौन-सी सीमा उपयोगी है?","planned","not_researched","not_uploaded"
"1428","Batch_048","EMO","Emotions and emotion regulation","L08","History of an idea","Q18","क्या विशेषज्ञों में मतभेद है?","planned","not_researched","not_uploaded"
"1429","Batch_048","EMO","Emotions and emotion regulation","L08","History of an idea","Q19","प्रौद्योगिकी इसे कैसे बदलती है?","planned","not_researched","not_uploaded"
"1430","Batch_048","EMO","Emotions and emotion regulation","L08","History of an idea","Q20","नींद, तनाव, या पर्यावरण की भूमिका क्या है?","planned","not_researched","not_uploaded"
"1431","Batch_048","EMO","Emotions and emotion regulation","L08","History of an idea","Q21","हम अपने अनुमान कैसे जाँच सकते हैं?","planned","not_researched","not_uploaded"
"1432","Batch_048","EMO","Emotions and emotion regulation","L08","History of an idea","Q22","इसे नैतिक रूप से कैसे समझें?","planned","not_researched","not_uploaded"
"1433","Batch_048","EMO","Emotions and emotion regulation","L08","History of an idea","Q23","यह पहचान और भूमिका से कैसे जुड़ता है?","planned","not_researched","not_uploaded"
"1434","Batch_048","EMO","Emotions and emotion regulation","L08","History of an idea","Q24","कब सहायता लेना ठीक है?","planned","not_researched","not_uploaded"
"1435","Batch_048","EMO","Emotions and emotion regulation","L08","History of an idea","Q25","इस परंपरा का दृष्टिकोण क्या है?","planned","not_researched","not_uploaded"
"1436","Batch_048","EMO","Emotions and emotion regulation","L08","History of an idea","Q26","विज्ञान इससे क्या अलग कहता है?","planned","not_researched","not_uploaded"
"1437","Batch_048","EMO","Emotions and emotion regulation","L08","History of an idea","Q27","क्या छोटा परिवर्तन व्यवहार्य है?","planned","not_researched","not_uploaded"
"1438","Batch_048","EMO","Emotions and emotion regulation","L08","History of an idea","Q28","कौन-सा डेटा अभी गायब है?","planned","not_researched","not_uploaded"
"1439","Batch_048","EMO","Emotions and emotion regulation","L08","History of an idea","Q29","इससे जिज्ञासा कैसे बढ़ती है?","planned","not_researched","not_uploaded"
"1440","Batch_048","EMO","Emotions and emotion regulation","L08","History of an idea","Q30","मुख्य सीख क्या है?","planned","not_researched","not_uploaded"
"1441","Batch_049","EMO","Emotions and emotion regulation","L09","Cross-cultural perspective","Q01","यह वास्तव में क्या है?","planned","not_researched","not_uploaded"
"1442","Batch_049","EMO","Emotions and emotion regulation","L09","Cross-cultural perspective","Q02","इसका सबसे आम भ्रम क्या है?","planned","not_researched","not_uploaded"
"1443","Batch_049","EMO","Emotions and emotion regulation","L09","Cross-cultural perspective","Q03","हम इसे रोज़मर्रा में कैसे पहचानते हैं?","planned","not_researched","not_uploaded"
"1444","Batch_049","EMO","Emotions and emotion regulation","L09","Cross-cultural perspective","Q04","इसके पीछे प्रस्तावित तंत्र क्या है?","planned","not_researched","not_uploaded"
"1445","Batch_049","EMO","Emotions and emotion regulation","L09","Cross-cultural perspective","Q05","कौन-सा प्रमाण सबसे मजबूत है?","planned","not_researched","not_uploaded"
"1446","Batch_049","EMO","Emotions and emotion regulation","L09","Cross-cultural perspective","Q06","किस बात पर शोध सहमत नहीं है?","planned","not_researched","not_uploaded"
"1447","Batch_049","EMO","Emotions and emotion regulation","L09","Cross-cultural perspective","Q07","कौन-सा छोटा, सुरक्षित अवलोकन किया जा सकता है?","planned","not_researched","not_uploaded"
"1448","Batch_049","EMO","Emotions and emotion regulation","L09","Cross-cultural perspective","Q08","यह आदत क्यों कठिन लगती है?","planned","not_researched","not_uploaded"
"1449","Batch_049","EMO","Emotions and emotion regulation","L09","Cross-cultural perspective","Q09","संदर्भ इसे कैसे बदलता है?","planned","not_researched","not_uploaded"
"1450","Batch_049","EMO","Emotions and emotion regulation","L09","Cross-cultural perspective","Q10","क्या यह कारण है या केवल संबंध?","planned","not_researched","not_uploaded"
"1451","Batch_049","EMO","Emotions and emotion regulation","L09","Cross-cultural perspective","Q11","भाषा इसे कैसे प्रभावित करती है?","planned","not_researched","not_uploaded"
"1452","Batch_049","EMO","Emotions and emotion regulation","L09","Cross-cultural perspective","Q12","समय के साथ यह कैसे बदलता है?","planned","not_researched","not_uploaded"
"1453","Batch_049","EMO","Emotions and emotion regulation","L09","Cross-cultural perspective","Q13","किस समूह पर निष्कर्ष लागू हुआ?","planned","not_researched","not_uploaded"
"1454","Batch_049","EMO","Emotions and emotion regulation","L09","Cross-cultural perspective","Q14","नापने में कठिनाई क्या है?","planned","not_researched","not_uploaded"
"1455","Batch_049","EMO","Emotions and emotion regulation","L09","Cross-cultural perspective","Q15","कौन-सी वैकल्पिक व्याख्या संभव है?","planned","not_researched","not_uploaded"
"1456","Batch_049","EMO","Emotions and emotion regulation","L09","Cross-cultural perspective","Q16","छोटी सफलता क्यों मायने रखती है?","planned","not_researched","not_uploaded"
"1457","Batch_049","EMO","Emotions and emotion regulation","L09","Cross-cultural perspective","Q17","कौन-सी सीमा उपयोगी है?","planned","not_researched","not_uploaded"
"1458","Batch_049","EMO","Emotions and emotion regulation","L09","Cross-cultural perspective","Q18","क्या विशेषज्ञों में मतभेद है?","planned","not_researched","not_uploaded"
"1459","Batch_049","EMO","Emotions and emotion regulation","L09","Cross-cultural perspective","Q19","प्रौद्योगिकी इसे कैसे बदलती है?","planned","not_researched","not_uploaded"
"1460","Batch_049","EMO","Emotions and emotion regulation","L09","Cross-cultural perspective","Q20","नींद, तनाव, या पर्यावरण की भूमिका क्या है?","planned","not_researched","not_uploaded"
"1461","Batch_049","EMO","Emotions and emotion regulation","L09","Cross-cultural perspective","Q21","हम अपने अनुमान कैसे जाँच सकते हैं?","planned","not_researched","not_uploaded"
"1462","Batch_049","EMO","Emotions and emotion regulation","L09","Cross-cultural perspective","Q22","इसे नैतिक रूप से कैसे समझें?","planned","not_researched","not_uploaded"
"1463","Batch_049","EMO","Emotions and emotion regulation","L09","Cross-cultural perspective","Q23","यह पहचान और भूमिका से कैसे जुड़ता है?","planned","not_researched","not_uploaded"
"1464","Batch_049","EMO","Emotions and emotion regulation","L09","Cross-cultural perspective","Q24","कब सहायता लेना ठीक है?","planned","not_researched","not_uploaded"
"1465","Batch_049","EMO","Emotions and emotion regulation","L09","Cross-cultural perspective","Q25","इस परंपरा का दृष्टिकोण क्या है?","planned","not_researched","not_uploaded"
"1466","Batch_049","EMO","Emotions and emotion regulation","L09","Cross-cultural perspective","Q26","विज्ञान इससे क्या अलग कहता है?","planned","not_researched","not_uploaded"
"1467","Batch_049","EMO","Emotions and emotion regulation","L09","Cross-cultural perspective","Q27","क्या छोटा परिवर्तन व्यवहार्य है?","planned","not_researched","not_uploaded"
"1468","Batch_049","EMO","Emotions and emotion regulation","L09","Cross-cultural perspective","Q28","कौन-सा डेटा अभी गायब है?","planned","not_researched","not_uploaded"
"1469","Batch_049","EMO","Emotions and emotion regulation","L09","Cross-cultural perspective","Q29","इससे जिज्ञासा कैसे बढ़ती है?","planned","not_researched","not_uploaded"
"1470","Batch_049","EMO","Emotions and emotion regulation","L09","Cross-cultural perspective","Q30","मुख्य सीख क्या है?","planned","not_researched","not_uploaded"
"1471","Batch_050","EMO","Emotions and emotion regulation","L10","Ethical implication","Q01","यह वास्तव में क्या है?","planned","not_researched","not_uploaded"
"1472","Batch_050","EMO","Emotions and emotion regulation","L10","Ethical implication","Q02","इसका सबसे आम भ्रम क्या है?","planned","not_researched","not_uploaded"
"1473","Batch_050","EMO","Emotions and emotion regulation","L10","Ethical implication","Q03","हम इसे रोज़मर्रा में कैसे पहचानते हैं?","planned","not_researched","not_uploaded"
"1474","Batch_050","EMO","Emotions and emotion regulation","L10","Ethical implication","Q04","इसके पीछे प्रस्तावित तंत्र क्या है?","planned","not_researched","not_uploaded"
"1475","Batch_050","EMO","Emotions and emotion regulation","L10","Ethical implication","Q05","कौन-सा प्रमाण सबसे मजबूत है?","planned","not_researched","not_uploaded"
"1476","Batch_050","EMO","Emotions and emotion regulation","L10","Ethical implication","Q06","किस बात पर शोध सहमत नहीं है?","planned","not_researched","not_uploaded"
"1477","Batch_050","EMO","Emotions and emotion regulation","L10","Ethical implication","Q07","कौन-सा छोटा, सुरक्षित अवलोकन किया जा सकता है?","planned","not_researched","not_uploaded"
"1478","Batch_050","EMO","Emotions and emotion regulation","L10","Ethical implication","Q08","यह आदत क्यों कठिन लगती है?","planned","not_researched","not_uploaded"
"1479","Batch_050","EMO","Emotions and emotion regulation","L10","Ethical implication","Q09","संदर्भ इसे कैसे बदलता है?","planned","not_researched","not_uploaded"
"1480","Batch_050","EMO","Emotions and emotion regulation","L10","Ethical implication","Q10","क्या यह कारण है या केवल संबंध?","planned","not_researched","not_uploaded"
"1481","Batch_050","EMO","Emotions and emotion regulation","L10","Ethical implication","Q11","भाषा इसे कैसे प्रभावित करती है?","planned","not_researched","not_uploaded"
"1482","Batch_050","EMO","Emotions and emotion regulation","L10","Ethical implication","Q12","समय के साथ यह कैसे बदलता है?","planned","not_researched","not_uploaded"
"1483","Batch_050","EMO","Emotions and emotion regulation","L10","Ethical implication","Q13","किस समूह पर निष्कर्ष लागू हुआ?","planned","not_researched","not_uploaded"
"1484","Batch_050","EMO","Emotions and emotion regulation","L10","Ethical implication","Q14","नापने में कठिनाई क्या है?","planned","not_researched","not_uploaded"
"1485","Batch_050","EMO","Emotions and emotion regulation","L10","Ethical implication","Q15","कौन-सी वैकल्पिक व्याख्या संभव है?","planned","not_researched","not_uploaded"
"1486","Batch_050","EMO","Emotions and emotion regulation","L10","Ethical implication","Q16","छोटी सफलता क्यों मायने रखती है?","planned","not_researched","not_uploaded"
"1487","Batch_050","EMO","Emotions and emotion regulation","L10","Ethical implication","Q17","कौन-सी सीमा उपयोगी है?","planned","not_researched","not_uploaded"
"1488","Batch_050","EMO","Emotions and emotion regulation","L10","Ethical implication","Q18","क्या विशेषज्ञों में मतभेद है?","planned","not_researched","not_uploaded"
"1489","Batch_050","EMO","Emotions and emotion regulation","L10","Ethical implication","Q19","प्रौद्योगिकी इसे कैसे बदलती है?","planned","not_researched","not_uploaded"
"1490","Batch_050","EMO","Emotions and emotion regulation","L10","Ethical implication","Q20","नींद, तनाव, या पर्यावरण की भूमिका क्या है?","planned","not_researched","not_uploaded"
"1491","Batch_050","EMO","Emotions and emotion regulation","L10","Ethical implication","Q21","हम अपने अनुमान कैसे जाँच सकते हैं?","planned","not_researched","not_uploaded"
"1492","Batch_050","EMO","Emotions and emotion regulation","L10","Ethical implication","Q22","इसे नैतिक रूप से कैसे समझें?","planned","not_researched","not_uploaded"
"1493","Batch_050","EMO","Emotions and emotion regulation","L10","Ethical implication","Q23","यह पहचान और भूमिका से कैसे जुड़ता है?","planned","not_researched","not_uploaded"
"1494","Batch_050","EMO","Emotions and emotion regulation","L10","Ethical implication","Q24","कब सहायता लेना ठीक है?","planned","not_researched","not_uploaded"
"1495","Batch_050","EMO","Emotions and emotion regulation","L10","Ethical implication","Q25","इस परंपरा का दृष्टिकोण क्या है?","planned","not_researched","not_uploaded"
"1496","Batch_050","EMO","Emotions and emotion regulation","L10","Ethical implication","Q26","विज्ञान इससे क्या अलग कहता है?","planned","not_researched","not_uploaded"
"1497","Batch_050","EMO","Emotions and emotion regulation","L10","Ethical implication","Q27","क्या छोटा परिवर्तन व्यवहार्य है?","planned","not_researched","not_uploaded"
"1498","Batch_050","EMO","Emotions and emotion regulation","L10","Ethical implication","Q28","कौन-सा डेटा अभी गायब है?","planned","not_researched","not_uploaded"
"1499","Batch_050","EMO","Emotions and emotion regulation","L10","Ethical implication","Q29","इससे जिज्ञासा कैसे बढ़ती है?","planned","not_researched","not_uploaded"
"1500","Batch_050","EMO","Emotions and emotion regulation","L10","Ethical implication","Q30","मुख्य सीख क्या है?","planned","not_researched","not_uploaded"
"1501","Batch_051","HAB","Habits, motivation, and behavior change","L01","Core definition","Q01","यह वास्तव में क्या है?","planned","not_researched","not_uploaded"
"1502","Batch_051","HAB","Habits, motivation, and behavior change","L01","Core definition","Q02","इसका सबसे आम भ्रम क्या है?","planned","not_researched","not_uploaded"
"1503","Batch_051","HAB","Habits, motivation, and behavior change","L01","Core definition","Q03","हम इसे रोज़मर्रा में कैसे पहचानते हैं?","planned","not_researched","not_uploaded"
"1504","Batch_051","HAB","Habits, motivation, and behavior change","L01","Core definition","Q04","इसके पीछे प्रस्तावित तंत्र क्या है?","planned","not_researched","not_uploaded"
"1505","Batch_051","HAB","Habits, motivation, and behavior change","L01","Core definition","Q05","कौन-सा प्रमाण सबसे मजबूत है?","planned","not_researched","not_uploaded"
"1506","Batch_051","HAB","Habits, motivation, and behavior change","L01","Core definition","Q06","किस बात पर शोध सहमत नहीं है?","planned","not_researched","not_uploaded"
"1507","Batch_051","HAB","Habits, motivation, and behavior change","L01","Core definition","Q07","कौन-सा छोटा, सुरक्षित अवलोकन किया जा सकता है?","planned","not_researched","not_uploaded"
"1508","Batch_051","HAB","Habits, motivation, and behavior change","L01","Core definition","Q08","यह आदत क्यों कठिन लगती है?","planned","not_researched","not_uploaded"
"1509","Batch_051","HAB","Habits, motivation, and behavior change","L01","Core definition","Q09","संदर्भ इसे कैसे बदलता है?","planned","not_researched","not_uploaded"
"1510","Batch_051","HAB","Habits, motivation, and behavior change","L01","Core definition","Q10","क्या यह कारण है या केवल संबंध?","planned","not_researched","not_uploaded"
"1511","Batch_051","HAB","Habits, motivation, and behavior change","L01","Core definition","Q11","भाषा इसे कैसे प्रभावित करती है?","planned","not_researched","not_uploaded"
"1512","Batch_051","HAB","Habits, motivation, and behavior change","L01","Core definition","Q12","समय के साथ यह कैसे बदलता है?","planned","not_researched","not_uploaded"
"1513","Batch_051","HAB","Habits, motivation, and behavior change","L01","Core definition","Q13","किस समूह पर निष्कर्ष लागू हुआ?","planned","not_researched","not_uploaded"
"1514","Batch_051","HAB","Habits, motivation, and behavior change","L01","Core definition","Q14","नापने में कठिनाई क्या है?","planned","not_researched","not_uploaded"
"1515","Batch_051","HAB","Habits, motivation, and behavior change","L01","Core definition","Q15","कौन-सी वैकल्पिक व्याख्या संभव है?","planned","not_researched","not_uploaded"
"1516","Batch_051","HAB","Habits, motivation, and behavior change","L01","Core definition","Q16","छोटी सफलता क्यों मायने रखती है?","planned","not_researched","not_uploaded"
"1517","Batch_051","HAB","Habits, motivation, and behavior change","L01","Core definition","Q17","कौन-सी सीमा उपयोगी है?","planned","not_researched","not_uploaded"
"1518","Batch_051","HAB","Habits, motivation, and behavior change","L01","Core definition","Q18","क्या विशेषज्ञों में मतभेद है?","planned","not_researched","not_uploaded"
"1519","Batch_051","HAB","Habits, motivation, and behavior change","L01","Core definition","Q19","प्रौद्योगिकी इसे कैसे बदलती है?","planned","not_researched","not_uploaded"
"1520","Batch_051","HAB","Habits, motivation, and behavior change","L01","Core definition","Q20","नींद, तनाव, या पर्यावरण की भूमिका क्या है?","planned","not_researched","not_uploaded"
"1521","Batch_051","HAB","Habits, motivation, and behavior change","L01","Core definition","Q21","हम अपने अनुमान कैसे जाँच सकते हैं?","planned","not_researched","not_uploaded"
"1522","Batch_051","HAB","Habits, motivation, and behavior change","L01","Core definition","Q22","इसे नैतिक रूप से कैसे समझें?","planned","not_researched","not_uploaded"
"1523","Batch_051","HAB","Habits, motivation, and behavior change","L01","Core definition","Q23","यह पहचान और भूमिका से कैसे जुड़ता है?","planned","not_researched","not_uploaded"
"1524","Batch_051","HAB","Habits, motivation, and behavior change","L01","Core definition","Q24","कब सहायता लेना ठीक है?","planned","not_researched","not_uploaded"
"1525","Batch_051","HAB","Habits, motivation, and behavior change","L01","Core definition","Q25","इस परंपरा का दृष्टिकोण क्या है?","planned","not_researched","not_uploaded"
"1526","Batch_051","HAB","Habits, motivation, and behavior change","L01","Core definition","Q26","विज्ञान इससे क्या अलग कहता है?","planned","not_researched","not_uploaded"
"1527","Batch_051","HAB","Habits, motivation, and behavior change","L01","Core definition","Q27","क्या छोटा परिवर्तन व्यवहार्य है?","planned","not_researched","not_uploaded"
"1528","Batch_051","HAB","Habits, motivation, and behavior change","L01","Core definition","Q28","कौन-सा डेटा अभी गायब है?","planned","not_researched","not_uploaded"
"1529","Batch_051","HAB","Habits, motivation, and behavior change","L01","Core definition","Q29","इससे जिज्ञासा कैसे बढ़ती है?","planned","not_researched","not_uploaded"
"1530","Batch_051","HAB","Habits, motivation, and behavior change","L01","Core definition","Q30","मुख्य सीख क्या है?","planned","not_researched","not_uploaded"
"1531","Batch_052","HAB","Habits, motivation, and behavior change","L02","Common misconception","Q01","यह वास्तव में क्या है?","planned","not_researched","not_uploaded"
"1532","Batch_052","HAB","Habits, motivation, and behavior change","L02","Common misconception","Q02","इसका सबसे आम भ्रम क्या है?","planned","not_researched","not_uploaded"
"1533","Batch_052","HAB","Habits, motivation, and behavior change","L02","Common misconception","Q03","हम इसे रोज़मर्रा में कैसे पहचानते हैं?","planned","not_researched","not_uploaded"
"1534","Batch_052","HAB","Habits, motivation, and behavior change","L02","Common misconception","Q04","इसके पीछे प्रस्तावित तंत्र क्या है?","planned","not_researched","not_uploaded"
"1535","Batch_052","HAB","Habits, motivation, and behavior change","L02","Common misconception","Q05","कौन-सा प्रमाण सबसे मजबूत है?","planned","not_researched","not_uploaded"
"1536","Batch_052","HAB","Habits, motivation, and behavior change","L02","Common misconception","Q06","किस बात पर शोध सहमत नहीं है?","planned","not_researched","not_uploaded"
"1537","Batch_052","HAB","Habits, motivation, and behavior change","L02","Common misconception","Q07","कौन-सा छोटा, सुरक्षित अवलोकन किया जा सकता है?","planned","not_researched","not_uploaded"
"1538","Batch_052","HAB","Habits, motivation, and behavior change","L02","Common misconception","Q08","यह आदत क्यों कठिन लगती है?","planned","not_researched","not_uploaded"
"1539","Batch_052","HAB","Habits, motivation, and behavior change","L02","Common misconception","Q09","संदर्भ इसे कैसे बदलता है?","planned","not_researched","not_uploaded"
"1540","Batch_052","HAB","Habits, motivation, and behavior change","L02","Common misconception","Q10","क्या यह कारण है या केवल संबंध?","planned","not_researched","not_uploaded"
"1541","Batch_052","HAB","Habits, motivation, and behavior change","L02","Common misconception","Q11","भाषा इसे कैसे प्रभावित करती है?","planned","not_researched","not_uploaded"
"1542","Batch_052","HAB","Habits, motivation, and behavior change","L02","Common misconception","Q12","समय के साथ यह कैसे बदलता है?","planned","not_researched","not_uploaded"
"1543","Batch_052","HAB","Habits, motivation, and behavior change","L02","Common misconception","Q13","किस समूह पर निष्कर्ष लागू हुआ?","planned","not_researched","not_uploaded"
"1544","Batch_052","HAB","Habits, motivation, and behavior change","L02","Common misconception","Q14","नापने में कठिनाई क्या है?","planned","not_researched","not_uploaded"
"1545","Batch_052","HAB","Habits, motivation, and behavior change","L02","Common misconception","Q15","कौन-सी वैकल्पिक व्याख्या संभव है?","planned","not_researched","not_uploaded"
"1546","Batch_052","HAB","Habits, motivation, and behavior change","L02","Common misconception","Q16","छोटी सफलता क्यों मायने रखती है?","planned","not_researched","not_uploaded"
"1547","Batch_052","HAB","Habits, motivation, and behavior change","L02","Common misconception","Q17","कौन-सी सीमा उपयोगी है?","planned","not_researched","not_uploaded"
"1548","Batch_052","HAB","Habits, motivation, and behavior change","L02","Common misconception","Q18","क्या विशेषज्ञों में मतभेद है?","planned","not_researched","not_uploaded"
"1549","Batch_052","HAB","Habits, motivation, and behavior change","L02","Common misconception","Q19","प्रौद्योगिकी इसे कैसे बदलती है?","planned","not_researched","not_uploaded"
"1550","Batch_052","HAB","Habits, motivation, and behavior change","L02","Common misconception","Q20","नींद, तनाव, या पर्यावरण की भूमिका क्या है?","planned","not_researched","not_uploaded"
"1551","Batch_052","HAB","Habits, motivation, and behavior change","L02","Common misconception","Q21","हम अपने अनुमान कैसे जाँच सकते हैं?","planned","not_researched","not_uploaded"
"1552","Batch_052","HAB","Habits, motivation, and behavior change","L02","Common misconception","Q22","इसे नैतिक रूप से कैसे समझें?","planned","not_researched","not_uploaded"
"1553","Batch_052","HAB","Habits, motivation, and behavior change","L02","Common misconception","Q23","यह पहचान और भूमिका से कैसे जुड़ता है?","planned","not_researched","not_uploaded"
"1554","Batch_052","HAB","Habits, motivation, and behavior change","L02","Common misconception","Q24","कब सहायता लेना ठीक है?","planned","not_researched","not_uploaded"
"1555","Batch_052","HAB","Habits, motivation, and behavior change","L02","Common misconception","Q25","इस परंपरा का दृष्टिकोण क्या है?","planned","not_researched","not_uploaded"
"1556","Batch_052","HAB","Habits, motivation, and behavior change","L02","Common misconception","Q26","विज्ञान इससे क्या अलग कहता है?","planned","not_researched","not_uploaded"
"1557","Batch_052","HAB","Habits, motivation, and behavior change","L02","Common misconception","Q27","क्या छोटा परिवर्तन व्यवहार्य है?","planned","not_researched","not_uploaded"
"1558","Batch_052","HAB","Habits, motivation, and behavior change","L02","Common misconception","Q28","कौन-सा डेटा अभी गायब है?","planned","not_researched","not_uploaded"
"1559","Batch_052","HAB","Habits, motivation, and behavior change","L02","Common misconception","Q29","इससे जिज्ञासा कैसे बढ़ती है?","planned","not_researched","not_uploaded"
"1560","Batch_052","HAB","Habits, motivation, and behavior change","L02","Common misconception","Q30","मुख्य सीख क्या है?","planned","not_researched","not_uploaded"
"1561","Batch_053","HAB","Habits, motivation, and behavior change","L03","Everyday observation","Q01","यह वास्तव में क्या है?","planned","not_researched","not_uploaded"
"1562","Batch_053","HAB","Habits, motivation, and behavior change","L03","Everyday observation","Q02","इसका सबसे आम भ्रम क्या है?","planned","not_researched","not_uploaded"
"1563","Batch_053","HAB","Habits, motivation, and behavior change","L03","Everyday observation","Q03","हम इसे रोज़मर्रा में कैसे पहचानते हैं?","planned","not_researched","not_uploaded"
"1564","Batch_053","HAB","Habits, motivation, and behavior change","L03","Everyday observation","Q04","इसके पीछे प्रस्तावित तंत्र क्या है?","planned","not_researched","not_uploaded"
"1565","Batch_053","HAB","Habits, motivation, and behavior change","L03","Everyday observation","Q05","कौन-सा प्रमाण सबसे मजबूत है?","planned","not_researched","not_uploaded"
"1566","Batch_053","HAB","Habits, motivation, and behavior change","L03","Everyday observation","Q06","किस बात पर शोध सहमत नहीं है?","planned","not_researched","not_uploaded"
"1567","Batch_053","HAB","Habits, motivation, and behavior change","L03","Everyday observation","Q07","कौन-सा छोटा, सुरक्षित अवलोकन किया जा सकता है?","planned","not_researched","not_uploaded"
"1568","Batch_053","HAB","Habits, motivation, and behavior change","L03","Everyday observation","Q08","यह आदत क्यों कठिन लगती है?","planned","not_researched","not_uploaded"
"1569","Batch_053","HAB","Habits, motivation, and behavior change","L03","Everyday observation","Q09","संदर्भ इसे कैसे बदलता है?","planned","not_researched","not_uploaded"
"1570","Batch_053","HAB","Habits, motivation, and behavior change","L03","Everyday observation","Q10","क्या यह कारण है या केवल संबंध?","planned","not_researched","not_uploaded"
"1571","Batch_053","HAB","Habits, motivation, and behavior change","L03","Everyday observation","Q11","भाषा इसे कैसे प्रभावित करती है?","planned","not_researched","not_uploaded"
"1572","Batch_053","HAB","Habits, motivation, and behavior change","L03","Everyday observation","Q12","समय के साथ यह कैसे बदलता है?","planned","not_researched","not_uploaded"
"1573","Batch_053","HAB","Habits, motivation, and behavior change","L03","Everyday observation","Q13","किस समूह पर निष्कर्ष लागू हुआ?","planned","not_researched","not_uploaded"
"1574","Batch_053","HAB","Habits, motivation, and behavior change","L03","Everyday observation","Q14","नापने में कठिनाई क्या है?","planned","not_researched","not_uploaded"
"1575","Batch_053","HAB","Habits, motivation, and behavior change","L03","Everyday observation","Q15","कौन-सी वैकल्पिक व्याख्या संभव है?","planned","not_researched","not_uploaded"
"1576","Batch_053","HAB","Habits, motivation, and behavior change","L03","Everyday observation","Q16","छोटी सफलता क्यों मायने रखती है?","planned","not_researched","not_uploaded"
"1577","Batch_053","HAB","Habits, motivation, and behavior change","L03","Everyday observation","Q17","कौन-सी सीमा उपयोगी है?","planned","not_researched","not_uploaded"
"1578","Batch_053","HAB","Habits, motivation, and behavior change","L03","Everyday observation","Q18","क्या विशेषज्ञों में मतभेद है?","planned","not_researched","not_uploaded"
"1579","Batch_053","HAB","Habits, motivation, and behavior change","L03","Everyday observation","Q19","प्रौद्योगिकी इसे कैसे बदलती है?","planned","not_researched","not_uploaded"
"1580","Batch_053","HAB","Habits, motivation, and behavior change","L03","Everyday observation","Q20","नींद, तनाव, या पर्यावरण की भूमिका क्या है?","planned","not_researched","not_uploaded"
"1581","Batch_053","HAB","Habits, motivation, and behavior change","L03","Everyday observation","Q21","हम अपने अनुमान कैसे जाँच सकते हैं?","planned","not_researched","not_uploaded"
"1582","Batch_053","HAB","Habits, motivation, and behavior change","L03","Everyday observation","Q22","इसे नैतिक रूप से कैसे समझें?","planned","not_researched","not_uploaded"
"1583","Batch_053","HAB","Habits, motivation, and behavior change","L03","Everyday observation","Q23","यह पहचान और भूमिका से कैसे जुड़ता है?","planned","not_researched","not_uploaded"
"1584","Batch_053","HAB","Habits, motivation, and behavior change","L03","Everyday observation","Q24","कब सहायता लेना ठीक है?","planned","not_researched","not_uploaded"
"1585","Batch_053","HAB","Habits, motivation, and behavior change","L03","Everyday observation","Q25","इस परंपरा का दृष्टिकोण क्या है?","planned","not_researched","not_uploaded"
"1586","Batch_053","HAB","Habits, motivation, and behavior change","L03","Everyday observation","Q26","विज्ञान इससे क्या अलग कहता है?","planned","not_researched","not_uploaded"
"1587","Batch_053","HAB","Habits, motivation, and behavior change","L03","Everyday observation","Q27","क्या छोटा परिवर्तन व्यवहार्य है?","planned","not_researched","not_uploaded"
"1588","Batch_053","HAB","Habits, motivation, and behavior change","L03","Everyday observation","Q28","कौन-सा डेटा अभी गायब है?","planned","not_researched","not_uploaded"
"1589","Batch_053","HAB","Habits, motivation, and behavior change","L03","Everyday observation","Q29","इससे जिज्ञासा कैसे बढ़ती है?","planned","not_researched","not_uploaded"
"1590","Batch_053","HAB","Habits, motivation, and behavior change","L03","Everyday observation","Q30","मुख्य सीख क्या है?","planned","not_researched","not_uploaded"
"1591","Batch_054","HAB","Habits, motivation, and behavior change","L04","Mechanism","Q01","यह वास्तव में क्या है?","planned","not_researched","not_uploaded"
"1592","Batch_054","HAB","Habits, motivation, and behavior change","L04","Mechanism","Q02","इसका सबसे आम भ्रम क्या है?","planned","not_researched","not_uploaded"
"1593","Batch_054","HAB","Habits, motivation, and behavior change","L04","Mechanism","Q03","हम इसे रोज़मर्रा में कैसे पहचानते हैं?","planned","not_researched","not_uploaded"
"1594","Batch_054","HAB","Habits, motivation, and behavior change","L04","Mechanism","Q04","इसके पीछे प्रस्तावित तंत्र क्या है?","planned","not_researched","not_uploaded"
"1595","Batch_054","HAB","Habits, motivation, and behavior change","L04","Mechanism","Q05","कौन-सा प्रमाण सबसे मजबूत है?","planned","not_researched","not_uploaded"
"1596","Batch_054","HAB","Habits, motivation, and behavior change","L04","Mechanism","Q06","किस बात पर शोध सहमत नहीं है?","planned","not_researched","not_uploaded"
"1597","Batch_054","HAB","Habits, motivation, and behavior change","L04","Mechanism","Q07","कौन-सा छोटा, सुरक्षित अवलोकन किया जा सकता है?","planned","not_researched","not_uploaded"
"1598","Batch_054","HAB","Habits, motivation, and behavior change","L04","Mechanism","Q08","यह आदत क्यों कठिन लगती है?","planned","not_researched","not_uploaded"
"1599","Batch_054","HAB","Habits, motivation, and behavior change","L04","Mechanism","Q09","संदर्भ इसे कैसे बदलता है?","planned","not_researched","not_uploaded"
"1600","Batch_054","HAB","Habits, motivation, and behavior change","L04","Mechanism","Q10","क्या यह कारण है या केवल संबंध?","planned","not_researched","not_uploaded"
"1601","Batch_054","HAB","Habits, motivation, and behavior change","L04","Mechanism","Q11","भाषा इसे कैसे प्रभावित करती है?","planned","not_researched","not_uploaded"
"1602","Batch_054","HAB","Habits, motivation, and behavior change","L04","Mechanism","Q12","समय के साथ यह कैसे बदलता है?","planned","not_researched","not_uploaded"
"1603","Batch_054","HAB","Habits, motivation, and behavior change","L04","Mechanism","Q13","किस समूह पर निष्कर्ष लागू हुआ?","planned","not_researched","not_uploaded"
"1604","Batch_054","HAB","Habits, motivation, and behavior change","L04","Mechanism","Q14","नापने में कठिनाई क्या है?","planned","not_researched","not_uploaded"
"1605","Batch_054","HAB","Habits, motivation, and behavior change","L04","Mechanism","Q15","कौन-सी वैकल्पिक व्याख्या संभव है?","planned","not_researched","not_uploaded"
"1606","Batch_054","HAB","Habits, motivation, and behavior change","L04","Mechanism","Q16","छोटी सफलता क्यों मायने रखती है?","planned","not_researched","not_uploaded"
"1607","Batch_054","HAB","Habits, motivation, and behavior change","L04","Mechanism","Q17","कौन-सी सीमा उपयोगी है?","planned","not_researched","not_uploaded"
"1608","Batch_054","HAB","Habits, motivation, and behavior change","L04","Mechanism","Q18","क्या विशेषज्ञों में मतभेद है?","planned","not_researched","not_uploaded"
"1609","Batch_054","HAB","Habits, motivation, and behavior change","L04","Mechanism","Q19","प्रौद्योगिकी इसे कैसे बदलती है?","planned","not_researched","not_uploaded"
"1610","Batch_054","HAB","Habits, motivation, and behavior change","L04","Mechanism","Q20","नींद, तनाव, या पर्यावरण की भूमिका क्या है?","planned","not_researched","not_uploaded"
"1611","Batch_054","HAB","Habits, motivation, and behavior change","L04","Mechanism","Q21","हम अपने अनुमान कैसे जाँच सकते हैं?","planned","not_researched","not_uploaded"
"1612","Batch_054","HAB","Habits, motivation, and behavior change","L04","Mechanism","Q22","इसे नैतिक रूप से कैसे समझें?","planned","not_researched","not_uploaded"
"1613","Batch_054","HAB","Habits, motivation, and behavior change","L04","Mechanism","Q23","यह पहचान और भूमिका से कैसे जुड़ता है?","planned","not_researched","not_uploaded"
"1614","Batch_054","HAB","Habits, motivation, and behavior change","L04","Mechanism","Q24","कब सहायता लेना ठीक है?","planned","not_researched","not_uploaded"
"1615","Batch_054","HAB","Habits, motivation, and behavior change","L04","Mechanism","Q25","इस परंपरा का दृष्टिकोण क्या है?","planned","not_researched","not_uploaded"
"1616","Batch_054","HAB","Habits, motivation, and behavior change","L04","Mechanism","Q26","विज्ञान इससे क्या अलग कहता है?","planned","not_researched","not_uploaded"
"1617","Batch_054","HAB","Habits, motivation, and behavior change","L04","Mechanism","Q27","क्या छोटा परिवर्तन व्यवहार्य है?","planned","not_researched","not_uploaded"
"1618","Batch_054","HAB","Habits, motivation, and behavior change","L04","Mechanism","Q28","कौन-सा डेटा अभी गायब है?","planned","not_researched","not_uploaded"
"1619","Batch_054","HAB","Habits, motivation, and behavior change","L04","Mechanism","Q29","इससे जिज्ञासा कैसे बढ़ती है?","planned","not_researched","not_uploaded"
"1620","Batch_054","HAB","Habits, motivation, and behavior change","L04","Mechanism","Q30","मुख्य सीख क्या है?","planned","not_researched","not_uploaded"
"1621","Batch_055","HAB","Habits, motivation, and behavior change","L05","Evidence comparison","Q01","यह वास्तव में क्या है?","planned","not_researched","not_uploaded"
"1622","Batch_055","HAB","Habits, motivation, and behavior change","L05","Evidence comparison","Q02","इसका सबसे आम भ्रम क्या है?","planned","not_researched","not_uploaded"
"1623","Batch_055","HAB","Habits, motivation, and behavior change","L05","Evidence comparison","Q03","हम इसे रोज़मर्रा में कैसे पहचानते हैं?","planned","not_researched","not_uploaded"
"1624","Batch_055","HAB","Habits, motivation, and behavior change","L05","Evidence comparison","Q04","इसके पीछे प्रस्तावित तंत्र क्या है?","planned","not_researched","not_uploaded"
"1625","Batch_055","HAB","Habits, motivation, and behavior change","L05","Evidence comparison","Q05","कौन-सा प्रमाण सबसे मजबूत है?","planned","not_researched","not_uploaded"
"1626","Batch_055","HAB","Habits, motivation, and behavior change","L05","Evidence comparison","Q06","किस बात पर शोध सहमत नहीं है?","planned","not_researched","not_uploaded"
"1627","Batch_055","HAB","Habits, motivation, and behavior change","L05","Evidence comparison","Q07","कौन-सा छोटा, सुरक्षित अवलोकन किया जा सकता है?","planned","not_researched","not_uploaded"
"1628","Batch_055","HAB","Habits, motivation, and behavior change","L05","Evidence comparison","Q08","यह आदत क्यों कठिन लगती है?","planned","not_researched","not_uploaded"
"1629","Batch_055","HAB","Habits, motivation, and behavior change","L05","Evidence comparison","Q09","संदर्भ इसे कैसे बदलता है?","planned","not_researched","not_uploaded"
"1630","Batch_055","HAB","Habits, motivation, and behavior change","L05","Evidence comparison","Q10","क्या यह कारण है या केवल संबंध?","planned","not_researched","not_uploaded"
"1631","Batch_055","HAB","Habits, motivation, and behavior change","L05","Evidence comparison","Q11","भाषा इसे कैसे प्रभावित करती है?","planned","not_researched","not_uploaded"
"1632","Batch_055","HAB","Habits, motivation, and behavior change","L05","Evidence comparison","Q12","समय के साथ यह कैसे बदलता है?","planned","not_researched","not_uploaded"
"1633","Batch_055","HAB","Habits, motivation, and behavior change","L05","Evidence comparison","Q13","किस समूह पर निष्कर्ष लागू हुआ?","planned","not_researched","not_uploaded"
"1634","Batch_055","HAB","Habits, motivation, and behavior change","L05","Evidence comparison","Q14","नापने में कठिनाई क्या है?","planned","not_researched","not_uploaded"
"1635","Batch_055","HAB","Habits, motivation, and behavior change","L05","Evidence comparison","Q15","कौन-सी वैकल्पिक व्याख्या संभव है?","planned","not_researched","not_uploaded"
"1636","Batch_055","HAB","Habits, motivation, and behavior change","L05","Evidence comparison","Q16","छोटी सफलता क्यों मायने रखती है?","planned","not_researched","not_uploaded"
"1637","Batch_055","HAB","Habits, motivation, and behavior change","L05","Evidence comparison","Q17","कौन-सी सीमा उपयोगी है?","planned","not_researched","not_uploaded"
"1638","Batch_055","HAB","Habits, motivation, and behavior change","L05","Evidence comparison","Q18","क्या विशेषज्ञों में मतभेद है?","planned","not_researched","not_uploaded"
"1639","Batch_055","HAB","Habits, motivation, and behavior change","L05","Evidence comparison","Q19","प्रौद्योगिकी इसे कैसे बदलती है?","planned","not_researched","not_uploaded"
"1640","Batch_055","HAB","Habits, motivation, and behavior change","L05","Evidence comparison","Q20","नींद, तनाव, या पर्यावरण की भूमिका क्या है?","planned","not_researched","not_uploaded"
"1641","Batch_055","HAB","Habits, motivation, and behavior change","L05","Evidence comparison","Q21","हम अपने अनुमान कैसे जाँच सकते हैं?","planned","not_researched","not_uploaded"
"1642","Batch_055","HAB","Habits, motivation, and behavior change","L05","Evidence comparison","Q22","इसे नैतिक रूप से कैसे समझें?","planned","not_researched","not_uploaded"
"1643","Batch_055","HAB","Habits, motivation, and behavior change","L05","Evidence comparison","Q23","यह पहचान और भूमिका से कैसे जुड़ता है?","planned","not_researched","not_uploaded"
"1644","Batch_055","HAB","Habits, motivation, and behavior change","L05","Evidence comparison","Q24","कब सहायता लेना ठीक है?","planned","not_researched","not_uploaded"
"1645","Batch_055","HAB","Habits, motivation, and behavior change","L05","Evidence comparison","Q25","इस परंपरा का दृष्टिकोण क्या है?","planned","not_researched","not_uploaded"
"1646","Batch_055","HAB","Habits, motivation, and behavior change","L05","Evidence comparison","Q26","विज्ञान इससे क्या अलग कहता है?","planned","not_researched","not_uploaded"
"1647","Batch_055","HAB","Habits, motivation, and behavior change","L05","Evidence comparison","Q27","क्या छोटा परिवर्तन व्यवहार्य है?","planned","not_researched","not_uploaded"
"1648","Batch_055","HAB","Habits, motivation, and behavior change","L05","Evidence comparison","Q28","कौन-सा डेटा अभी गायब है?","planned","not_researched","not_uploaded"
"1649","Batch_055","HAB","Habits, motivation, and behavior change","L05","Evidence comparison","Q29","इससे जिज्ञासा कैसे बढ़ती है?","planned","not_researched","not_uploaded"
"1650","Batch_055","HAB","Habits, motivation, and behavior change","L05","Evidence comparison","Q30","मुख्य सीख क्या है?","planned","not_researched","not_uploaded"
"1651","Batch_056","HAB","Habits, motivation, and behavior change","L06","Practical experiment","Q01","यह वास्तव में क्या है?","planned","not_researched","not_uploaded"
"1652","Batch_056","HAB","Habits, motivation, and behavior change","L06","Practical experiment","Q02","इसका सबसे आम भ्रम क्या है?","planned","not_researched","not_uploaded"
"1653","Batch_056","HAB","Habits, motivation, and behavior change","L06","Practical experiment","Q03","हम इसे रोज़मर्रा में कैसे पहचानते हैं?","planned","not_researched","not_uploaded"
"1654","Batch_056","HAB","Habits, motivation, and behavior change","L06","Practical experiment","Q04","इसके पीछे प्रस्तावित तंत्र क्या है?","planned","not_researched","not_uploaded"
"1655","Batch_056","HAB","Habits, motivation, and behavior change","L06","Practical experiment","Q05","कौन-सा प्रमाण सबसे मजबूत है?","planned","not_researched","not_uploaded"
"1656","Batch_056","HAB","Habits, motivation, and behavior change","L06","Practical experiment","Q06","किस बात पर शोध सहमत नहीं है?","planned","not_researched","not_uploaded"
"1657","Batch_056","HAB","Habits, motivation, and behavior change","L06","Practical experiment","Q07","कौन-सा छोटा, सुरक्षित अवलोकन किया जा सकता है?","planned","not_researched","not_uploaded"
"1658","Batch_056","HAB","Habits, motivation, and behavior change","L06","Practical experiment","Q08","यह आदत क्यों कठिन लगती है?","planned","not_researched","not_uploaded"
"1659","Batch_056","HAB","Habits, motivation, and behavior change","L06","Practical experiment","Q09","संदर्भ इसे कैसे बदलता है?","planned","not_researched","not_uploaded"
"1660","Batch_056","HAB","Habits, motivation, and behavior change","L06","Practical experiment","Q10","क्या यह कारण है या केवल संबंध?","planned","not_researched","not_uploaded"
"1661","Batch_056","HAB","Habits, motivation, and behavior change","L06","Practical experiment","Q11","भाषा इसे कैसे प्रभावित करती है?","planned","not_researched","not_uploaded"
"1662","Batch_056","HAB","Habits, motivation, and behavior change","L06","Practical experiment","Q12","समय के साथ यह कैसे बदलता है?","planned","not_researched","not_uploaded"
"1663","Batch_056","HAB","Habits, motivation, and behavior change","L06","Practical experiment","Q13","किस समूह पर निष्कर्ष लागू हुआ?","planned","not_researched","not_uploaded"
"1664","Batch_056","HAB","Habits, motivation, and behavior change","L06","Practical experiment","Q14","नापने में कठिनाई क्या है?","planned","not_researched","not_uploaded"
"1665","Batch_056","HAB","Habits, motivation, and behavior change","L06","Practical experiment","Q15","कौन-सी वैकल्पिक व्याख्या संभव है?","planned","not_researched","not_uploaded"
"1666","Batch_056","HAB","Habits, motivation, and behavior change","L06","Practical experiment","Q16","छोटी सफलता क्यों मायने रखती है?","planned","not_researched","not_uploaded"
"1667","Batch_056","HAB","Habits, motivation, and behavior change","L06","Practical experiment","Q17","कौन-सी सीमा उपयोगी है?","planned","not_researched","not_uploaded"
"1668","Batch_056","HAB","Habits, motivation, and behavior change","L06","Practical experiment","Q18","क्या विशेषज्ञों में मतभेद है?","planned","not_researched","not_uploaded"
"1669","Batch_056","HAB","Habits, motivation, and behavior change","L06","Practical experiment","Q19","प्रौद्योगिकी इसे कैसे बदलती है?","planned","not_researched","not_uploaded"
"1670","Batch_056","HAB","Habits, motivation, and behavior change","L06","Practical experiment","Q20","नींद, तनाव, या पर्यावरण की भूमिका क्या है?","planned","not_researched","not_uploaded"
"1671","Batch_056","HAB","Habits, motivation, and behavior change","L06","Practical experiment","Q21","हम अपने अनुमान कैसे जाँच सकते हैं?","planned","not_researched","not_uploaded"
"1672","Batch_056","HAB","Habits, motivation, and behavior change","L06","Practical experiment","Q22","इसे नैतिक रूप से कैसे समझें?","planned","not_researched","not_uploaded"
"1673","Batch_056","HAB","Habits, motivation, and behavior change","L06","Practical experiment","Q23","यह पहचान और भूमिका से कैसे जुड़ता है?","planned","not_researched","not_uploaded"
"1674","Batch_056","HAB","Habits, motivation, and behavior change","L06","Practical experiment","Q24","कब सहायता लेना ठीक है?","planned","not_researched","not_uploaded"
"1675","Batch_056","HAB","Habits, motivation, and behavior change","L06","Practical experiment","Q25","इस परंपरा का दृष्टिकोण क्या है?","planned","not_researched","not_uploaded"
"1676","Batch_056","HAB","Habits, motivation, and behavior change","L06","Practical experiment","Q26","विज्ञान इससे क्या अलग कहता है?","planned","not_researched","not_uploaded"
"1677","Batch_056","HAB","Habits, motivation, and behavior change","L06","Practical experiment","Q27","क्या छोटा परिवर्तन व्यवहार्य है?","planned","not_researched","not_uploaded"
"1678","Batch_056","HAB","Habits, motivation, and behavior change","L06","Practical experiment","Q28","कौन-सा डेटा अभी गायब है?","planned","not_researched","not_uploaded"
"1679","Batch_056","HAB","Habits, motivation, and behavior change","L06","Practical experiment","Q29","इससे जिज्ञासा कैसे बढ़ती है?","planned","not_researched","not_uploaded"
"1680","Batch_056","HAB","Habits, motivation, and behavior change","L06","Practical experiment","Q30","मुख्य सीख क्या है?","planned","not_researched","not_uploaded"
"1681","Batch_057","HAB","Habits, motivation, and behavior change","L07","Boundary condition","Q01","यह वास्तव में क्या है?","planned","not_researched","not_uploaded"
"1682","Batch_057","HAB","Habits, motivation, and behavior change","L07","Boundary condition","Q02","इसका सबसे आम भ्रम क्या है?","planned","not_researched","not_uploaded"
"1683","Batch_057","HAB","Habits, motivation, and behavior change","L07","Boundary condition","Q03","हम इसे रोज़मर्रा में कैसे पहचानते हैं?","planned","not_researched","not_uploaded"
"1684","Batch_057","HAB","Habits, motivation, and behavior change","L07","Boundary condition","Q04","इसके पीछे प्रस्तावित तंत्र क्या है?","planned","not_researched","not_uploaded"
"1685","Batch_057","HAB","Habits, motivation, and behavior change","L07","Boundary condition","Q05","कौन-सा प्रमाण सबसे मजबूत है?","planned","not_researched","not_uploaded"
"1686","Batch_057","HAB","Habits, motivation, and behavior change","L07","Boundary condition","Q06","किस बात पर शोध सहमत नहीं है?","planned","not_researched","not_uploaded"
"1687","Batch_057","HAB","Habits, motivation, and behavior change","L07","Boundary condition","Q07","कौन-सा छोटा, सुरक्षित अवलोकन किया जा सकता है?","planned","not_researched","not_uploaded"
"1688","Batch_057","HAB","Habits, motivation, and behavior change","L07","Boundary condition","Q08","यह आदत क्यों कठिन लगती है?","planned","not_researched","not_uploaded"
"1689","Batch_057","HAB","Habits, motivation, and behavior change","L07","Boundary condition","Q09","संदर्भ इसे कैसे बदलता है?","planned","not_researched","not_uploaded"
"1690","Batch_057","HAB","Habits, motivation, and behavior change","L07","Boundary condition","Q10","क्या यह कारण है या केवल संबंध?","planned","not_researched","not_uploaded"
"1691","Batch_057","HAB","Habits, motivation, and behavior change","L07","Boundary condition","Q11","भाषा इसे कैसे प्रभावित करती है?","planned","not_researched","not_uploaded"
"1692","Batch_057","HAB","Habits, motivation, and behavior change","L07","Boundary condition","Q12","समय के साथ यह कैसे बदलता है?","planned","not_researched","not_uploaded"
"1693","Batch_057","HAB","Habits, motivation, and behavior change","L07","Boundary condition","Q13","किस समूह पर निष्कर्ष लागू हुआ?","planned","not_researched","not_uploaded"
"1694","Batch_057","HAB","Habits, motivation, and behavior change","L07","Boundary condition","Q14","नापने में कठिनाई क्या है?","planned","not_researched","not_uploaded"
"1695","Batch_057","HAB","Habits, motivation, and behavior change","L07","Boundary condition","Q15","कौन-सी वैकल्पिक व्याख्या संभव है?","planned","not_researched","not_uploaded"
"1696","Batch_057","HAB","Habits, motivation, and behavior change","L07","Boundary condition","Q16","छोटी सफलता क्यों मायने रखती है?","planned","not_researched","not_uploaded"
"1697","Batch_057","HAB","Habits, motivation, and behavior change","L07","Boundary condition","Q17","कौन-सी सीमा उपयोगी है?","planned","not_researched","not_uploaded"
"1698","Batch_057","HAB","Habits, motivation, and behavior change","L07","Boundary condition","Q18","क्या विशेषज्ञों में मतभेद है?","planned","not_researched","not_uploaded"
"1699","Batch_057","HAB","Habits, motivation, and behavior change","L07","Boundary condition","Q19","प्रौद्योगिकी इसे कैसे बदलती है?","planned","not_researched","not_uploaded"
"1700","Batch_057","HAB","Habits, motivation, and behavior change","L07","Boundary condition","Q20","नींद, तनाव, या पर्यावरण की भूमिका क्या है?","planned","not_researched","not_uploaded"
"1701","Batch_057","HAB","Habits, motivation, and behavior change","L07","Boundary condition","Q21","हम अपने अनुमान कैसे जाँच सकते हैं?","planned","not_researched","not_uploaded"
"1702","Batch_057","HAB","Habits, motivation, and behavior change","L07","Boundary condition","Q22","इसे नैतिक रूप से कैसे समझें?","planned","not_researched","not_uploaded"
"1703","Batch_057","HAB","Habits, motivation, and behavior change","L07","Boundary condition","Q23","यह पहचान और भूमिका से कैसे जुड़ता है?","planned","not_researched","not_uploaded"
"1704","Batch_057","HAB","Habits, motivation, and behavior change","L07","Boundary condition","Q24","कब सहायता लेना ठीक है?","planned","not_researched","not_uploaded"
"1705","Batch_057","HAB","Habits, motivation, and behavior change","L07","Boundary condition","Q25","इस परंपरा का दृष्टिकोण क्या है?","planned","not_researched","not_uploaded"
"1706","Batch_057","HAB","Habits, motivation, and behavior change","L07","Boundary condition","Q26","विज्ञान इससे क्या अलग कहता है?","planned","not_researched","not_uploaded"
"1707","Batch_057","HAB","Habits, motivation, and behavior change","L07","Boundary condition","Q27","क्या छोटा परिवर्तन व्यवहार्य है?","planned","not_researched","not_uploaded"
"1708","Batch_057","HAB","Habits, motivation, and behavior change","L07","Boundary condition","Q28","कौन-सा डेटा अभी गायब है?","planned","not_researched","not_uploaded"
"1709","Batch_057","HAB","Habits, motivation, and behavior change","L07","Boundary condition","Q29","इससे जिज्ञासा कैसे बढ़ती है?","planned","not_researched","not_uploaded"
"1710","Batch_057","HAB","Habits, motivation, and behavior change","L07","Boundary condition","Q30","मुख्य सीख क्या है?","planned","not_researched","not_uploaded"
"1711","Batch_058","HAB","Habits, motivation, and behavior change","L08","History of an idea","Q01","यह वास्तव में क्या है?","planned","not_researched","not_uploaded"
"1712","Batch_058","HAB","Habits, motivation, and behavior change","L08","History of an idea","Q02","इसका सबसे आम भ्रम क्या है?","planned","not_researched","not_uploaded"
"1713","Batch_058","HAB","Habits, motivation, and behavior change","L08","History of an idea","Q03","हम इसे रोज़मर्रा में कैसे पहचानते हैं?","planned","not_researched","not_uploaded"
"1714","Batch_058","HAB","Habits, motivation, and behavior change","L08","History of an idea","Q04","इसके पीछे प्रस्तावित तंत्र क्या है?","planned","not_researched","not_uploaded"
"1715","Batch_058","HAB","Habits, motivation, and behavior change","L08","History of an idea","Q05","कौन-सा प्रमाण सबसे मजबूत है?","planned","not_researched","not_uploaded"
"1716","Batch_058","HAB","Habits, motivation, and behavior change","L08","History of an idea","Q06","किस बात पर शोध सहमत नहीं है?","planned","not_researched","not_uploaded"
"1717","Batch_058","HAB","Habits, motivation, and behavior change","L08","History of an idea","Q07","कौन-सा छोटा, सुरक्षित अवलोकन किया जा सकता है?","planned","not_researched","not_uploaded"
"1718","Batch_058","HAB","Habits, motivation, and behavior change","L08","History of an idea","Q08","यह आदत क्यों कठिन लगती है?","planned","not_researched","not_uploaded"
"1719","Batch_058","HAB","Habits, motivation, and behavior change","L08","History of an idea","Q09","संदर्भ इसे कैसे बदलता है?","planned","not_researched","not_uploaded"
"1720","Batch_058","HAB","Habits, motivation, and behavior change","L08","History of an idea","Q10","क्या यह कारण है या केवल संबंध?","planned","not_researched","not_uploaded"
"1721","Batch_058","HAB","Habits, motivation, and behavior change","L08","History of an idea","Q11","भाषा इसे कैसे प्रभावित करती है?","planned","not_researched","not_uploaded"
"1722","Batch_058","HAB","Habits, motivation, and behavior change","L08","History of an idea","Q12","समय के साथ यह कैसे बदलता है?","planned","not_researched","not_uploaded"
"1723","Batch_058","HAB","Habits, motivation, and behavior change","L08","History of an idea","Q13","किस समूह पर निष्कर्ष लागू हुआ?","planned","not_researched","not_uploaded"
"1724","Batch_058","HAB","Habits, motivation, and behavior change","L08","History of an idea","Q14","नापने में कठिनाई क्या है?","planned","not_researched","not_uploaded"
"1725","Batch_058","HAB","Habits, motivation, and behavior change","L08","History of an idea","Q15","कौन-सी वैकल्पिक व्याख्या संभव है?","planned","not_researched","not_uploaded"
"1726","Batch_058","HAB","Habits, motivation, and behavior change","L08","History of an idea","Q16","छोटी सफलता क्यों मायने रखती है?","planned","not_researched","not_uploaded"
"1727","Batch_058","HAB","Habits, motivation, and behavior change","L08","History of an idea","Q17","कौन-सी सीमा उपयोगी है?","planned","not_researched","not_uploaded"
"1728","Batch_058","HAB","Habits, motivation, and behavior change","L08","History of an idea","Q18","क्या विशेषज्ञों में मतभेद है?","planned","not_researched","not_uploaded"
"1729","Batch_058","HAB","Habits, motivation, and behavior change","L08","History of an idea","Q19","प्रौद्योगिकी इसे कैसे बदलती है?","planned","not_researched","not_uploaded"
"1730","Batch_058","HAB","Habits, motivation, and behavior change","L08","History of an idea","Q20","नींद, तनाव, या पर्यावरण की भूमिका क्या है?","planned","not_researched","not_uploaded"
"1731","Batch_058","HAB","Habits, motivation, and behavior change","L08","History of an idea","Q21","हम अपने अनुमान कैसे जाँच सकते हैं?","planned","not_researched","not_uploaded"
"1732","Batch_058","HAB","Habits, motivation, and behavior change","L08","History of an idea","Q22","इसे नैतिक रूप से कैसे समझें?","planned","not_researched","not_uploaded"
"1733","Batch_058","HAB","Habits, motivation, and behavior change","L08","History of an idea","Q23","यह पहचान और भूमिका से कैसे जुड़ता है?","planned","not_researched","not_uploaded"
"1734","Batch_058","HAB","Habits, motivation, and behavior change","L08","History of an idea","Q24","कब सहायता लेना ठीक है?","planned","not_researched","not_uploaded"
"1735","Batch_058","HAB","Habits, motivation, and behavior change","L08","History of an idea","Q25","इस परंपरा का दृष्टिकोण क्या है?","planned","not_researched","not_uploaded"
"1736","Batch_058","HAB","Habits, motivation, and behavior change","L08","History of an idea","Q26","विज्ञान इससे क्या अलग कहता है?","planned","not_researched","not_uploaded"
"1737","Batch_058","HAB","Habits, motivation, and behavior change","L08","History of an idea","Q27","क्या छोटा परिवर्तन व्यवहार्य है?","planned","not_researched","not_uploaded"
"1738","Batch_058","HAB","Habits, motivation, and behavior change","L08","History of an idea","Q28","कौन-सा डेटा अभी गायब है?","planned","not_researched","not_uploaded"
"1739","Batch_058","HAB","Habits, motivation, and behavior change","L08","History of an idea","Q29","इससे जिज्ञासा कैसे बढ़ती है?","planned","not_researched","not_uploaded"
"1740","Batch_058","HAB","Habits, motivation, and behavior change","L08","History of an idea","Q30","मुख्य सीख क्या है?","planned","not_researched","not_uploaded"
"1741","Batch_059","HAB","Habits, motivation, and behavior change","L09","Cross-cultural perspective","Q01","यह वास्तव में क्या है?","planned","not_researched","not_uploaded"
"1742","Batch_059","HAB","Habits, motivation, and behavior change","L09","Cross-cultural perspective","Q02","इसका सबसे आम भ्रम क्या है?","planned","not_researched","not_uploaded"
"1743","Batch_059","HAB","Habits, motivation, and behavior change","L09","Cross-cultural perspective","Q03","हम इसे रोज़मर्रा में कैसे पहचानते हैं?","planned","not_researched","not_uploaded"
"1744","Batch_059","HAB","Habits, motivation, and behavior change","L09","Cross-cultural perspective","Q04","इसके पीछे प्रस्तावित तंत्र क्या है?","planned","not_researched","not_uploaded"
"1745","Batch_059","HAB","Habits, motivation, and behavior change","L09","Cross-cultural perspective","Q05","कौन-सा प्रमाण सबसे मजबूत है?","planned","not_researched","not_uploaded"
"1746","Batch_059","HAB","Habits, motivation, and behavior change","L09","Cross-cultural perspective","Q06","किस बात पर शोध सहमत नहीं है?","planned","not_researched","not_uploaded"
"1747","Batch_059","HAB","Habits, motivation, and behavior change","L09","Cross-cultural perspective","Q07","कौन-सा छोटा, सुरक्षित अवलोकन किया जा सकता है?","planned","not_researched","not_uploaded"
"1748","Batch_059","HAB","Habits, motivation, and behavior change","L09","Cross-cultural perspective","Q08","यह आदत क्यों कठिन लगती है?","planned","not_researched","not_uploaded"
"1749","Batch_059","HAB","Habits, motivation, and behavior change","L09","Cross-cultural perspective","Q09","संदर्भ इसे कैसे बदलता है?","planned","not_researched","not_uploaded"
"1750","Batch_059","HAB","Habits, motivation, and behavior change","L09","Cross-cultural perspective","Q10","क्या यह कारण है या केवल संबंध?","planned","not_researched","not_uploaded"
"1751","Batch_059","HAB","Habits, motivation, and behavior change","L09","Cross-cultural perspective","Q11","भाषा इसे कैसे प्रभावित करती है?","planned","not_researched","not_uploaded"
"1752","Batch_059","HAB","Habits, motivation, and behavior change","L09","Cross-cultural perspective","Q12","समय के साथ यह कैसे बदलता है?","planned","not_researched","not_uploaded"
"1753","Batch_059","HAB","Habits, motivation, and behavior change","L09","Cross-cultural perspective","Q13","किस समूह पर निष्कर्ष लागू हुआ?","planned","not_researched","not_uploaded"
"1754","Batch_059","HAB","Habits, motivation, and behavior change","L09","Cross-cultural perspective","Q14","नापने में कठिनाई क्या है?","planned","not_researched","not_uploaded"
"1755","Batch_059","HAB","Habits, motivation, and behavior change","L09","Cross-cultural perspective","Q15","कौन-सी वैकल्पिक व्याख्या संभव है?","planned","not_researched","not_uploaded"
"1756","Batch_059","HAB","Habits, motivation, and behavior change","L09","Cross-cultural perspective","Q16","छोटी सफलता क्यों मायने रखती है?","planned","not_researched","not_uploaded"
"1757","Batch_059","HAB","Habits, motivation, and behavior change","L09","Cross-cultural perspective","Q17","कौन-सी सीमा उपयोगी है?","planned","not_researched","not_uploaded"
"1758","Batch_059","HAB","Habits, motivation, and behavior change","L09","Cross-cultural perspective","Q18","क्या विशेषज्ञों में मतभेद है?","planned","not_researched","not_uploaded"
"1759","Batch_059","HAB","Habits, motivation, and behavior change","L09","Cross-cultural perspective","Q19","प्रौद्योगिकी इसे कैसे बदलती है?","planned","not_researched","not_uploaded"
"1760","Batch_059","HAB","Habits, motivation, and behavior change","L09","Cross-cultural perspective","Q20","नींद, तनाव, या पर्यावरण की भूमिका क्या है?","planned","not_researched","not_uploaded"
"1761","Batch_059","HAB","Habits, motivation, and behavior change","L09","Cross-cultural perspective","Q21","हम अपने अनुमान कैसे जाँच सकते हैं?","planned","not_researched","not_uploaded"
"1762","Batch_059","HAB","Habits, motivation, and behavior change","L09","Cross-cultural perspective","Q22","इसे नैतिक रूप से कैसे समझें?","planned","not_researched","not_uploaded"
"1763","Batch_059","HAB","Habits, motivation, and behavior change","L09","Cross-cultural perspective","Q23","यह पहचान और भूमिका से कैसे जुड़ता है?","planned","not_researched","not_uploaded"
"1764","Batch_059","HAB","Habits, motivation, and behavior change","L09","Cross-cultural perspective","Q24","कब सहायता लेना ठीक है?","planned","not_researched","not_uploaded"
"1765","Batch_059","HAB","Habits, motivation, and behavior change","L09","Cross-cultural perspective","Q25","इस परंपरा का दृष्टिकोण क्या है?","planned","not_researched","not_uploaded"
"1766","Batch_059","HAB","Habits, motivation, and behavior change","L09","Cross-cultural perspective","Q26","विज्ञान इससे क्या अलग कहता है?","planned","not_researched","not_uploaded"
"1767","Batch_059","HAB","Habits, motivation, and behavior change","L09","Cross-cultural perspective","Q27","क्या छोटा परिवर्तन व्यवहार्य है?","planned","not_researched","not_uploaded"
"1768","Batch_059","HAB","Habits, motivation, and behavior change","L09","Cross-cultural perspective","Q28","कौन-सा डेटा अभी गायब है?","planned","not_researched","not_uploaded"
"1769","Batch_059","HAB","Habits, motivation, and behavior change","L09","Cross-cultural perspective","Q29","इससे जिज्ञासा कैसे बढ़ती है?","planned","not_researched","not_uploaded"
"1770","Batch_059","HAB","Habits, motivation, and behavior change","L09","Cross-cultural perspective","Q30","मुख्य सीख क्या है?","planned","not_researched","not_uploaded"
"1771","Batch_060","HAB","Habits, motivation, and behavior change","L10","Ethical implication","Q01","यह वास्तव में क्या है?","planned","not_researched","not_uploaded"
"1772","Batch_060","HAB","Habits, motivation, and behavior change","L10","Ethical implication","Q02","इसका सबसे आम भ्रम क्या है?","planned","not_researched","not_uploaded"
"1773","Batch_060","HAB","Habits, motivation, and behavior change","L10","Ethical implication","Q03","हम इसे रोज़मर्रा में कैसे पहचानते हैं?","planned","not_researched","not_uploaded"
"1774","Batch_060","HAB","Habits, motivation, and behavior change","L10","Ethical implication","Q04","इसके पीछे प्रस्तावित तंत्र क्या है?","planned","not_researched","not_uploaded"
"1775","Batch_060","HAB","Habits, motivation, and behavior change","L10","Ethical implication","Q05","कौन-सा प्रमाण सबसे मजबूत है?","planned","not_researched","not_uploaded"
"1776","Batch_060","HAB","Habits, motivation, and behavior change","L10","Ethical implication","Q06","किस बात पर शोध सहमत नहीं है?","planned","not_researched","not_uploaded"
"1777","Batch_060","HAB","Habits, motivation, and behavior change","L10","Ethical implication","Q07","कौन-सा छोटा, सुरक्षित अवलोकन किया जा सकता है?","planned","not_researched","not_uploaded"
"1778","Batch_060","HAB","Habits, motivation, and behavior change","L10","Ethical implication","Q08","यह आदत क्यों कठिन लगती है?","planned","not_researched","not_uploaded"
"1779","Batch_060","HAB","Habits, motivation, and behavior change","L10","Ethical implication","Q09","संदर्भ इसे कैसे बदलता है?","planned","not_researched","not_uploaded"
"1780","Batch_060","HAB","Habits, motivation, and behavior change","L10","Ethical implication","Q10","क्या यह कारण है या केवल संबंध?","planned","not_researched","not_uploaded"
"1781","Batch_060","HAB","Habits, motivation, and behavior change","L10","Ethical implication","Q11","भाषा इसे कैसे प्रभावित करती है?","planned","not_researched","not_uploaded"
"1782","Batch_060","HAB","Habits, motivation, and behavior change","L10","Ethical implication","Q12","समय के साथ यह कैसे बदलता है?","planned","not_researched","not_uploaded"
"1783","Batch_060","HAB","Habits, motivation, and behavior change","L10","Ethical implication","Q13","किस समूह पर निष्कर्ष लागू हुआ?","planned","not_researched","not_uploaded"
"1784","Batch_060","HAB","Habits, motivation, and behavior change","L10","Ethical implication","Q14","नापने में कठिनाई क्या है?","planned","not_researched","not_uploaded"
"1785","Batch_060","HAB","Habits, motivation, and behavior change","L10","Ethical implication","Q15","कौन-सी वैकल्पिक व्याख्या संभव है?","planned","not_researched","not_uploaded"
"1786","Batch_060","HAB","Habits, motivation, and behavior change","L10","Ethical implication","Q16","छोटी सफलता क्यों मायने रखती है?","planned","not_researched","not_uploaded"
"1787","Batch_060","HAB","Habits, motivation, and behavior change","L10","Ethical implication","Q17","कौन-सी सीमा उपयोगी है?","planned","not_researched","not_uploaded"
"1788","Batch_060","HAB","Habits, motivation, and behavior change","L10","Ethical implication","Q18","क्या विशेषज्ञों में मतभेद है?","planned","not_researched","not_uploaded"
"1789","Batch_060","HAB","Habits, motivation, and behavior change","L10","Ethical implication","Q19","प्रौद्योगिकी इसे कैसे बदलती है?","planned","not_researched","not_uploaded"
"1790","Batch_060","HAB","Habits, motivation, and behavior change","L10","Ethical implication","Q20","नींद, तनाव, या पर्यावरण की भूमिका क्या है?","planned","not_researched","not_uploaded"
"1791","Batch_060","HAB","Habits, motivation, and behavior change","L10","Ethical implication","Q21","हम अपने अनुमान कैसे जाँच सकते हैं?","planned","not_researched","not_uploaded"
"1792","Batch_060","HAB","Habits, motivation, and behavior change","L10","Ethical implication","Q22","इसे नैतिक रूप से कैसे समझें?","planned","not_researched","not_uploaded"
"1793","Batch_060","HAB","Habits, motivation, and behavior change","L10","Ethical implication","Q23","यह पहचान और भूमिका से कैसे जुड़ता है?","planned","not_researched","not_uploaded"
"1794","Batch_060","HAB","Habits, motivation, and behavior change","L10","Ethical implication","Q24","कब सहायता लेना ठीक है?","planned","not_researched","not_uploaded"
"1795","Batch_060","HAB","Habits, motivation, and behavior change","L10","Ethical implication","Q25","इस परंपरा का दृष्टिकोण क्या है?","planned","not_researched","not_uploaded"
"1796","Batch_060","HAB","Habits, motivation, and behavior change","L10","Ethical implication","Q26","विज्ञान इससे क्या अलग कहता है?","planned","not_researched","not_uploaded"
"1797","Batch_060","HAB","Habits, motivation, and behavior change","L10","Ethical implication","Q27","क्या छोटा परिवर्तन व्यवहार्य है?","planned","not_researched","not_uploaded"
"1798","Batch_060","HAB","Habits, motivation, and behavior change","L10","Ethical implication","Q28","कौन-सा डेटा अभी गायब है?","planned","not_researched","not_uploaded"
"1799","Batch_060","HAB","Habits, motivation, and behavior change","L10","Ethical implication","Q29","इससे जिज्ञासा कैसे बढ़ती है?","planned","not_researched","not_uploaded"
"1800","Batch_060","HAB","Habits, motivation, and behavior change","L10","Ethical implication","Q30","मुख्य सीख क्या है?","planned","not_researched","not_uploaded"
"1801","Batch_061","DEC","Judgment, bias, and decision making","L01","Core definition","Q01","यह वास्तव में क्या है?","planned","not_researched","not_uploaded"
"1802","Batch_061","DEC","Judgment, bias, and decision making","L01","Core definition","Q02","इसका सबसे आम भ्रम क्या है?","planned","not_researched","not_uploaded"
"1803","Batch_061","DEC","Judgment, bias, and decision making","L01","Core definition","Q03","हम इसे रोज़मर्रा में कैसे पहचानते हैं?","planned","not_researched","not_uploaded"
"1804","Batch_061","DEC","Judgment, bias, and decision making","L01","Core definition","Q04","इसके पीछे प्रस्तावित तंत्र क्या है?","planned","not_researched","not_uploaded"
"1805","Batch_061","DEC","Judgment, bias, and decision making","L01","Core definition","Q05","कौन-सा प्रमाण सबसे मजबूत है?","planned","not_researched","not_uploaded"
"1806","Batch_061","DEC","Judgment, bias, and decision making","L01","Core definition","Q06","किस बात पर शोध सहमत नहीं है?","planned","not_researched","not_uploaded"
"1807","Batch_061","DEC","Judgment, bias, and decision making","L01","Core definition","Q07","कौन-सा छोटा, सुरक्षित अवलोकन किया जा सकता है?","planned","not_researched","not_uploaded"
"1808","Batch_061","DEC","Judgment, bias, and decision making","L01","Core definition","Q08","यह आदत क्यों कठिन लगती है?","planned","not_researched","not_uploaded"
"1809","Batch_061","DEC","Judgment, bias, and decision making","L01","Core definition","Q09","संदर्भ इसे कैसे बदलता है?","planned","not_researched","not_uploaded"
"1810","Batch_061","DEC","Judgment, bias, and decision making","L01","Core definition","Q10","क्या यह कारण है या केवल संबंध?","planned","not_researched","not_uploaded"
"1811","Batch_061","DEC","Judgment, bias, and decision making","L01","Core definition","Q11","भाषा इसे कैसे प्रभावित करती है?","planned","not_researched","not_uploaded"
"1812","Batch_061","DEC","Judgment, bias, and decision making","L01","Core definition","Q12","समय के साथ यह कैसे बदलता है?","planned","not_researched","not_uploaded"
"1813","Batch_061","DEC","Judgment, bias, and decision making","L01","Core definition","Q13","किस समूह पर निष्कर्ष लागू हुआ?","planned","not_researched","not_uploaded"
"1814","Batch_061","DEC","Judgment, bias, and decision making","L01","Core definition","Q14","नापने में कठिनाई क्या है?","planned","not_researched","not_uploaded"
"1815","Batch_061","DEC","Judgment, bias, and decision making","L01","Core definition","Q15","कौन-सी वैकल्पिक व्याख्या संभव है?","planned","not_researched","not_uploaded"
"1816","Batch_061","DEC","Judgment, bias, and decision making","L01","Core definition","Q16","छोटी सफलता क्यों मायने रखती है?","planned","not_researched","not_uploaded"
"1817","Batch_061","DEC","Judgment, bias, and decision making","L01","Core definition","Q17","कौन-सी सीमा उपयोगी है?","planned","not_researched","not_uploaded"
"1818","Batch_061","DEC","Judgment, bias, and decision making","L01","Core definition","Q18","क्या विशेषज्ञों में मतभेद है?","planned","not_researched","not_uploaded"
"1819","Batch_061","DEC","Judgment, bias, and decision making","L01","Core definition","Q19","प्रौद्योगिकी इसे कैसे बदलती है?","planned","not_researched","not_uploaded"
"1820","Batch_061","DEC","Judgment, bias, and decision making","L01","Core definition","Q20","नींद, तनाव, या पर्यावरण की भूमिका क्या है?","planned","not_researched","not_uploaded"
"1821","Batch_061","DEC","Judgment, bias, and decision making","L01","Core definition","Q21","हम अपने अनुमान कैसे जाँच सकते हैं?","planned","not_researched","not_uploaded"
"1822","Batch_061","DEC","Judgment, bias, and decision making","L01","Core definition","Q22","इसे नैतिक रूप से कैसे समझें?","planned","not_researched","not_uploaded"
"1823","Batch_061","DEC","Judgment, bias, and decision making","L01","Core definition","Q23","यह पहचान और भूमिका से कैसे जुड़ता है?","planned","not_researched","not_uploaded"
"1824","Batch_061","DEC","Judgment, bias, and decision making","L01","Core definition","Q24","कब सहायता लेना ठीक है?","planned","not_researched","not_uploaded"
"1825","Batch_061","DEC","Judgment, bias, and decision making","L01","Core definition","Q25","इस परंपरा का दृष्टिकोण क्या है?","planned","not_researched","not_uploaded"
"1826","Batch_061","DEC","Judgment, bias, and decision making","L01","Core definition","Q26","विज्ञान इससे क्या अलग कहता है?","planned","not_researched","not_uploaded"
"1827","Batch_061","DEC","Judgment, bias, and decision making","L01","Core definition","Q27","क्या छोटा परिवर्तन व्यवहार्य है?","planned","not_researched","not_uploaded"
"1828","Batch_061","DEC","Judgment, bias, and decision making","L01","Core definition","Q28","कौन-सा डेटा अभी गायब है?","planned","not_researched","not_uploaded"
"1829","Batch_061","DEC","Judgment, bias, and decision making","L01","Core definition","Q29","इससे जिज्ञासा कैसे बढ़ती है?","planned","not_researched","not_uploaded"
"1830","Batch_061","DEC","Judgment, bias, and decision making","L01","Core definition","Q30","मुख्य सीख क्या है?","planned","not_researched","not_uploaded"
"1831","Batch_062","DEC","Judgment, bias, and decision making","L02","Common misconception","Q01","यह वास्तव में क्या है?","planned","not_researched","not_uploaded"
"1832","Batch_062","DEC","Judgment, bias, and decision making","L02","Common misconception","Q02","इसका सबसे आम भ्रम क्या है?","planned","not_researched","not_uploaded"
"1833","Batch_062","DEC","Judgment, bias, and decision making","L02","Common misconception","Q03","हम इसे रोज़मर्रा में कैसे पहचानते हैं?","planned","not_researched","not_uploaded"
"1834","Batch_062","DEC","Judgment, bias, and decision making","L02","Common misconception","Q04","इसके पीछे प्रस्तावित तंत्र क्या है?","planned","not_researched","not_uploaded"
"1835","Batch_062","DEC","Judgment, bias, and decision making","L02","Common misconception","Q05","कौन-सा प्रमाण सबसे मजबूत है?","planned","not_researched","not_uploaded"
"1836","Batch_062","DEC","Judgment, bias, and decision making","L02","Common misconception","Q06","किस बात पर शोध सहमत नहीं है?","planned","not_researched","not_uploaded"
"1837","Batch_062","DEC","Judgment, bias, and decision making","L02","Common misconception","Q07","कौन-सा छोटा, सुरक्षित अवलोकन किया जा सकता है?","planned","not_researched","not_uploaded"
"1838","Batch_062","DEC","Judgment, bias, and decision making","L02","Common misconception","Q08","यह आदत क्यों कठिन लगती है?","planned","not_researched","not_uploaded"
"1839","Batch_062","DEC","Judgment, bias, and decision making","L02","Common misconception","Q09","संदर्भ इसे कैसे बदलता है?","planned","not_researched","not_uploaded"
"1840","Batch_062","DEC","Judgment, bias, and decision making","L02","Common misconception","Q10","क्या यह कारण है या केवल संबंध?","planned","not_researched","not_uploaded"
"1841","Batch_062","DEC","Judgment, bias, and decision making","L02","Common misconception","Q11","भाषा इसे कैसे प्रभावित करती है?","planned","not_researched","not_uploaded"
"1842","Batch_062","DEC","Judgment, bias, and decision making","L02","Common misconception","Q12","समय के साथ यह कैसे बदलता है?","planned","not_researched","not_uploaded"
"1843","Batch_062","DEC","Judgment, bias, and decision making","L02","Common misconception","Q13","किस समूह पर निष्कर्ष लागू हुआ?","planned","not_researched","not_uploaded"
"1844","Batch_062","DEC","Judgment, bias, and decision making","L02","Common misconception","Q14","नापने में कठिनाई क्या है?","planned","not_researched","not_uploaded"
"1845","Batch_062","DEC","Judgment, bias, and decision making","L02","Common misconception","Q15","कौन-सी वैकल्पिक व्याख्या संभव है?","planned","not_researched","not_uploaded"
"1846","Batch_062","DEC","Judgment, bias, and decision making","L02","Common misconception","Q16","छोटी सफलता क्यों मायने रखती है?","planned","not_researched","not_uploaded"
"1847","Batch_062","DEC","Judgment, bias, and decision making","L02","Common misconception","Q17","कौन-सी सीमा उपयोगी है?","planned","not_researched","not_uploaded"
"1848","Batch_062","DEC","Judgment, bias, and decision making","L02","Common misconception","Q18","क्या विशेषज्ञों में मतभेद है?","planned","not_researched","not_uploaded"
"1849","Batch_062","DEC","Judgment, bias, and decision making","L02","Common misconception","Q19","प्रौद्योगिकी इसे कैसे बदलती है?","planned","not_researched","not_uploaded"
"1850","Batch_062","DEC","Judgment, bias, and decision making","L02","Common misconception","Q20","नींद, तनाव, या पर्यावरण की भूमिका क्या है?","planned","not_researched","not_uploaded"
"1851","Batch_062","DEC","Judgment, bias, and decision making","L02","Common misconception","Q21","हम अपने अनुमान कैसे जाँच सकते हैं?","planned","not_researched","not_uploaded"
"1852","Batch_062","DEC","Judgment, bias, and decision making","L02","Common misconception","Q22","इसे नैतिक रूप से कैसे समझें?","planned","not_researched","not_uploaded"
"1853","Batch_062","DEC","Judgment, bias, and decision making","L02","Common misconception","Q23","यह पहचान और भूमिका से कैसे जुड़ता है?","planned","not_researched","not_uploaded"
"1854","Batch_062","DEC","Judgment, bias, and decision making","L02","Common misconception","Q24","कब सहायता लेना ठीक है?","planned","not_researched","not_uploaded"
"1855","Batch_062","DEC","Judgment, bias, and decision making","L02","Common misconception","Q25","इस परंपरा का दृष्टिकोण क्या है?","planned","not_researched","not_uploaded"
"1856","Batch_062","DEC","Judgment, bias, and decision making","L02","Common misconception","Q26","विज्ञान इससे क्या अलग कहता है?","planned","not_researched","not_uploaded"
"1857","Batch_062","DEC","Judgment, bias, and decision making","L02","Common misconception","Q27","क्या छोटा परिवर्तन व्यवहार्य है?","planned","not_researched","not_uploaded"
"1858","Batch_062","DEC","Judgment, bias, and decision making","L02","Common misconception","Q28","कौन-सा डेटा अभी गायब है?","planned","not_researched","not_uploaded"
"1859","Batch_062","DEC","Judgment, bias, and decision making","L02","Common misconception","Q29","इससे जिज्ञासा कैसे बढ़ती है?","planned","not_researched","not_uploaded"
"1860","Batch_062","DEC","Judgment, bias, and decision making","L02","Common misconception","Q30","मुख्य सीख क्या है?","planned","not_researched","not_uploaded"
"1861","Batch_063","DEC","Judgment, bias, and decision making","L03","Everyday observation","Q01","यह वास्तव में क्या है?","planned","not_researched","not_uploaded"
"1862","Batch_063","DEC","Judgment, bias, and decision making","L03","Everyday observation","Q02","इसका सबसे आम भ्रम क्या है?","planned","not_researched","not_uploaded"
"1863","Batch_063","DEC","Judgment, bias, and decision making","L03","Everyday observation","Q03","हम इसे रोज़मर्रा में कैसे पहचानते हैं?","planned","not_researched","not_uploaded"
"1864","Batch_063","DEC","Judgment, bias, and decision making","L03","Everyday observation","Q04","इसके पीछे प्रस्तावित तंत्र क्या है?","planned","not_researched","not_uploaded"
"1865","Batch_063","DEC","Judgment, bias, and decision making","L03","Everyday observation","Q05","कौन-सा प्रमाण सबसे मजबूत है?","planned","not_researched","not_uploaded"
"1866","Batch_063","DEC","Judgment, bias, and decision making","L03","Everyday observation","Q06","किस बात पर शोध सहमत नहीं है?","planned","not_researched","not_uploaded"
"1867","Batch_063","DEC","Judgment, bias, and decision making","L03","Everyday observation","Q07","कौन-सा छोटा, सुरक्षित अवलोकन किया जा सकता है?","planned","not_researched","not_uploaded"
"1868","Batch_063","DEC","Judgment, bias, and decision making","L03","Everyday observation","Q08","यह आदत क्यों कठिन लगती है?","planned","not_researched","not_uploaded"
"1869","Batch_063","DEC","Judgment, bias, and decision making","L03","Everyday observation","Q09","संदर्भ इसे कैसे बदलता है?","planned","not_researched","not_uploaded"
"1870","Batch_063","DEC","Judgment, bias, and decision making","L03","Everyday observation","Q10","क्या यह कारण है या केवल संबंध?","planned","not_researched","not_uploaded"
"1871","Batch_063","DEC","Judgment, bias, and decision making","L03","Everyday observation","Q11","भाषा इसे कैसे प्रभावित करती है?","planned","not_researched","not_uploaded"
"1872","Batch_063","DEC","Judgment, bias, and decision making","L03","Everyday observation","Q12","समय के साथ यह कैसे बदलता है?","planned","not_researched","not_uploaded"
"1873","Batch_063","DEC","Judgment, bias, and decision making","L03","Everyday observation","Q13","किस समूह पर निष्कर्ष लागू हुआ?","planned","not_researched","not_uploaded"
"1874","Batch_063","DEC","Judgment, bias, and decision making","L03","Everyday observation","Q14","नापने में कठिनाई क्या है?","planned","not_researched","not_uploaded"
"1875","Batch_063","DEC","Judgment, bias, and decision making","L03","Everyday observation","Q15","कौन-सी वैकल्पिक व्याख्या संभव है?","planned","not_researched","not_uploaded"
"1876","Batch_063","DEC","Judgment, bias, and decision making","L03","Everyday observation","Q16","छोटी सफलता क्यों मायने रखती है?","planned","not_researched","not_uploaded"
"1877","Batch_063","DEC","Judgment, bias, and decision making","L03","Everyday observation","Q17","कौन-सी सीमा उपयोगी है?","planned","not_researched","not_uploaded"
"1878","Batch_063","DEC","Judgment, bias, and decision making","L03","Everyday observation","Q18","क्या विशेषज्ञों में मतभेद है?","planned","not_researched","not_uploaded"
"1879","Batch_063","DEC","Judgment, bias, and decision making","L03","Everyday observation","Q19","प्रौद्योगिकी इसे कैसे बदलती है?","planned","not_researched","not_uploaded"
"1880","Batch_063","DEC","Judgment, bias, and decision making","L03","Everyday observation","Q20","नींद, तनाव, या पर्यावरण की भूमिका क्या है?","planned","not_researched","not_uploaded"
"1881","Batch_063","DEC","Judgment, bias, and decision making","L03","Everyday observation","Q21","हम अपने अनुमान कैसे जाँच सकते हैं?","planned","not_researched","not_uploaded"
"1882","Batch_063","DEC","Judgment, bias, and decision making","L03","Everyday observation","Q22","इसे नैतिक रूप से कैसे समझें?","planned","not_researched","not_uploaded"
"1883","Batch_063","DEC","Judgment, bias, and decision making","L03","Everyday observation","Q23","यह पहचान और भूमिका से कैसे जुड़ता है?","planned","not_researched","not_uploaded"
"1884","Batch_063","DEC","Judgment, bias, and decision making","L03","Everyday observation","Q24","कब सहायता लेना ठीक है?","planned","not_researched","not_uploaded"
"1885","Batch_063","DEC","Judgment, bias, and decision making","L03","Everyday observation","Q25","इस परंपरा का दृष्टिकोण क्या है?","planned","not_researched","not_uploaded"
"1886","Batch_063","DEC","Judgment, bias, and decision making","L03","Everyday observation","Q26","विज्ञान इससे क्या अलग कहता है?","planned","not_researched","not_uploaded"
"1887","Batch_063","DEC","Judgment, bias, and decision making","L03","Everyday observation","Q27","क्या छोटा परिवर्तन व्यवहार्य है?","planned","not_researched","not_uploaded"
"1888","Batch_063","DEC","Judgment, bias, and decision making","L03","Everyday observation","Q28","कौन-सा डेटा अभी गायब है?","planned","not_researched","not_uploaded"
"1889","Batch_063","DEC","Judgment, bias, and decision making","L03","Everyday observation","Q29","इससे जिज्ञासा कैसे बढ़ती है?","planned","not_researched","not_uploaded"
"1890","Batch_063","DEC","Judgment, bias, and decision making","L03","Everyday observation","Q30","मुख्य सीख क्या है?","planned","not_researched","not_uploaded"
"1891","Batch_064","DEC","Judgment, bias, and decision making","L04","Mechanism","Q01","यह वास्तव में क्या है?","planned","not_researched","not_uploaded"
"1892","Batch_064","DEC","Judgment, bias, and decision making","L04","Mechanism","Q02","इसका सबसे आम भ्रम क्या है?","planned","not_researched","not_uploaded"
"1893","Batch_064","DEC","Judgment, bias, and decision making","L04","Mechanism","Q03","हम इसे रोज़मर्रा में कैसे पहचानते हैं?","planned","not_researched","not_uploaded"
"1894","Batch_064","DEC","Judgment, bias, and decision making","L04","Mechanism","Q04","इसके पीछे प्रस्तावित तंत्र क्या है?","planned","not_researched","not_uploaded"
"1895","Batch_064","DEC","Judgment, bias, and decision making","L04","Mechanism","Q05","कौन-सा प्रमाण सबसे मजबूत है?","planned","not_researched","not_uploaded"
"1896","Batch_064","DEC","Judgment, bias, and decision making","L04","Mechanism","Q06","किस बात पर शोध सहमत नहीं है?","planned","not_researched","not_uploaded"
"1897","Batch_064","DEC","Judgment, bias, and decision making","L04","Mechanism","Q07","कौन-सा छोटा, सुरक्षित अवलोकन किया जा सकता है?","planned","not_researched","not_uploaded"
"1898","Batch_064","DEC","Judgment, bias, and decision making","L04","Mechanism","Q08","यह आदत क्यों कठिन लगती है?","planned","not_researched","not_uploaded"
"1899","Batch_064","DEC","Judgment, bias, and decision making","L04","Mechanism","Q09","संदर्भ इसे कैसे बदलता है?","planned","not_researched","not_uploaded"
"1900","Batch_064","DEC","Judgment, bias, and decision making","L04","Mechanism","Q10","क्या यह कारण है या केवल संबंध?","planned","not_researched","not_uploaded"
"1901","Batch_064","DEC","Judgment, bias, and decision making","L04","Mechanism","Q11","भाषा इसे कैसे प्रभावित करती है?","planned","not_researched","not_uploaded"
"1902","Batch_064","DEC","Judgment, bias, and decision making","L04","Mechanism","Q12","समय के साथ यह कैसे बदलता है?","planned","not_researched","not_uploaded"
"1903","Batch_064","DEC","Judgment, bias, and decision making","L04","Mechanism","Q13","किस समूह पर निष्कर्ष लागू हुआ?","planned","not_researched","not_uploaded"
"1904","Batch_064","DEC","Judgment, bias, and decision making","L04","Mechanism","Q14","नापने में कठिनाई क्या है?","planned","not_researched","not_uploaded"
"1905","Batch_064","DEC","Judgment, bias, and decision making","L04","Mechanism","Q15","कौन-सी वैकल्पिक व्याख्या संभव है?","planned","not_researched","not_uploaded"
"1906","Batch_064","DEC","Judgment, bias, and decision making","L04","Mechanism","Q16","छोटी सफलता क्यों मायने रखती है?","planned","not_researched","not_uploaded"
"1907","Batch_064","DEC","Judgment, bias, and decision making","L04","Mechanism","Q17","कौन-सी सीमा उपयोगी है?","planned","not_researched","not_uploaded"
"1908","Batch_064","DEC","Judgment, bias, and decision making","L04","Mechanism","Q18","क्या विशेषज्ञों में मतभेद है?","planned","not_researched","not_uploaded"
"1909","Batch_064","DEC","Judgment, bias, and decision making","L04","Mechanism","Q19","प्रौद्योगिकी इसे कैसे बदलती है?","planned","not_researched","not_uploaded"
"1910","Batch_064","DEC","Judgment, bias, and decision making","L04","Mechanism","Q20","नींद, तनाव, या पर्यावरण की भूमिका क्या है?","planned","not_researched","not_uploaded"
"1911","Batch_064","DEC","Judgment, bias, and decision making","L04","Mechanism","Q21","हम अपने अनुमान कैसे जाँच सकते हैं?","planned","not_researched","not_uploaded"
"1912","Batch_064","DEC","Judgment, bias, and decision making","L04","Mechanism","Q22","इसे नैतिक रूप से कैसे समझें?","planned","not_researched","not_uploaded"
"1913","Batch_064","DEC","Judgment, bias, and decision making","L04","Mechanism","Q23","यह पहचान और भूमिका से कैसे जुड़ता है?","planned","not_researched","not_uploaded"
"1914","Batch_064","DEC","Judgment, bias, and decision making","L04","Mechanism","Q24","कब सहायता लेना ठीक है?","planned","not_researched","not_uploaded"
"1915","Batch_064","DEC","Judgment, bias, and decision making","L04","Mechanism","Q25","इस परंपरा का दृष्टिकोण क्या है?","planned","not_researched","not_uploaded"
"1916","Batch_064","DEC","Judgment, bias, and decision making","L04","Mechanism","Q26","विज्ञान इससे क्या अलग कहता है?","planned","not_researched","not_uploaded"
"1917","Batch_064","DEC","Judgment, bias, and decision making","L04","Mechanism","Q27","क्या छोटा परिवर्तन व्यवहार्य है?","planned","not_researched","not_uploaded"
"1918","Batch_064","DEC","Judgment, bias, and decision making","L04","Mechanism","Q28","कौन-सा डेटा अभी गायब है?","planned","not_researched","not_uploaded"
"1919","Batch_064","DEC","Judgment, bias, and decision making","L04","Mechanism","Q29","इससे जिज्ञासा कैसे बढ़ती है?","planned","not_researched","not_uploaded"
"1920","Batch_064","DEC","Judgment, bias, and decision making","L04","Mechanism","Q30","मुख्य सीख क्या है?","planned","not_researched","not_uploaded"
"1921","Batch_065","DEC","Judgment, bias, and decision making","L05","Evidence comparison","Q01","यह वास्तव में क्या है?","planned","not_researched","not_uploaded"
"1922","Batch_065","DEC","Judgment, bias, and decision making","L05","Evidence comparison","Q02","इसका सबसे आम भ्रम क्या है?","planned","not_researched","not_uploaded"
"1923","Batch_065","DEC","Judgment, bias, and decision making","L05","Evidence comparison","Q03","हम इसे रोज़मर्रा में कैसे पहचानते हैं?","planned","not_researched","not_uploaded"
"1924","Batch_065","DEC","Judgment, bias, and decision making","L05","Evidence comparison","Q04","इसके पीछे प्रस्तावित तंत्र क्या है?","planned","not_researched","not_uploaded"
"1925","Batch_065","DEC","Judgment, bias, and decision making","L05","Evidence comparison","Q05","कौन-सा प्रमाण सबसे मजबूत है?","planned","not_researched","not_uploaded"
"1926","Batch_065","DEC","Judgment, bias, and decision making","L05","Evidence comparison","Q06","किस बात पर शोध सहमत नहीं है?","planned","not_researched","not_uploaded"
"1927","Batch_065","DEC","Judgment, bias, and decision making","L05","Evidence comparison","Q07","कौन-सा छोटा, सुरक्षित अवलोकन किया जा सकता है?","planned","not_researched","not_uploaded"
"1928","Batch_065","DEC","Judgment, bias, and decision making","L05","Evidence comparison","Q08","यह आदत क्यों कठिन लगती है?","planned","not_researched","not_uploaded"
"1929","Batch_065","DEC","Judgment, bias, and decision making","L05","Evidence comparison","Q09","संदर्भ इसे कैसे बदलता है?","planned","not_researched","not_uploaded"
"1930","Batch_065","DEC","Judgment, bias, and decision making","L05","Evidence comparison","Q10","क्या यह कारण है या केवल संबंध?","planned","not_researched","not_uploaded"
"1931","Batch_065","DEC","Judgment, bias, and decision making","L05","Evidence comparison","Q11","भाषा इसे कैसे प्रभावित करती है?","planned","not_researched","not_uploaded"
"1932","Batch_065","DEC","Judgment, bias, and decision making","L05","Evidence comparison","Q12","समय के साथ यह कैसे बदलता है?","planned","not_researched","not_uploaded"
"1933","Batch_065","DEC","Judgment, bias, and decision making","L05","Evidence comparison","Q13","किस समूह पर निष्कर्ष लागू हुआ?","planned","not_researched","not_uploaded"
"1934","Batch_065","DEC","Judgment, bias, and decision making","L05","Evidence comparison","Q14","नापने में कठिनाई क्या है?","planned","not_researched","not_uploaded"
"1935","Batch_065","DEC","Judgment, bias, and decision making","L05","Evidence comparison","Q15","कौन-सी वैकल्पिक व्याख्या संभव है?","planned","not_researched","not_uploaded"
"1936","Batch_065","DEC","Judgment, bias, and decision making","L05","Evidence comparison","Q16","छोटी सफलता क्यों मायने रखती है?","planned","not_researched","not_uploaded"
"1937","Batch_065","DEC","Judgment, bias, and decision making","L05","Evidence comparison","Q17","कौन-सी सीमा उपयोगी है?","planned","not_researched","not_uploaded"
"1938","Batch_065","DEC","Judgment, bias, and decision making","L05","Evidence comparison","Q18","क्या विशेषज्ञों में मतभेद है?","planned","not_researched","not_uploaded"
"1939","Batch_065","DEC","Judgment, bias, and decision making","L05","Evidence comparison","Q19","प्रौद्योगिकी इसे कैसे बदलती है?","planned","not_researched","not_uploaded"
"1940","Batch_065","DEC","Judgment, bias, and decision making","L05","Evidence comparison","Q20","नींद, तनाव, या पर्यावरण की भूमिका क्या है?","planned","not_researched","not_uploaded"
"1941","Batch_065","DEC","Judgment, bias, and decision making","L05","Evidence comparison","Q21","हम अपने अनुमान कैसे जाँच सकते हैं?","planned","not_researched","not_uploaded"
"1942","Batch_065","DEC","Judgment, bias, and decision making","L05","Evidence comparison","Q22","इसे नैतिक रूप से कैसे समझें?","planned","not_researched","not_uploaded"
"1943","Batch_065","DEC","Judgment, bias, and decision making","L05","Evidence comparison","Q23","यह पहचान और भूमिका से कैसे जुड़ता है?","planned","not_researched","not_uploaded"
"1944","Batch_065","DEC","Judgment, bias, and decision making","L05","Evidence comparison","Q24","कब सहायता लेना ठीक है?","planned","not_researched","not_uploaded"
"1945","Batch_065","DEC","Judgment, bias, and decision making","L05","Evidence comparison","Q25","इस परंपरा का दृष्टिकोण क्या है?","planned","not_researched","not_uploaded"
"1946","Batch_065","DEC","Judgment, bias, and decision making","L05","Evidence comparison","Q26","विज्ञान इससे क्या अलग कहता है?","planned","not_researched","not_uploaded"
"1947","Batch_065","DEC","Judgment, bias, and decision making","L05","Evidence comparison","Q27","क्या छोटा परिवर्तन व्यवहार्य है?","planned","not_researched","not_uploaded"
"1948","Batch_065","DEC","Judgment, bias, and decision making","L05","Evidence comparison","Q28","कौन-सा डेटा अभी गायब है?","planned","not_researched","not_uploaded"
"1949","Batch_065","DEC","Judgment, bias, and decision making","L05","Evidence comparison","Q29","इससे जिज्ञासा कैसे बढ़ती है?","planned","not_researched","not_uploaded"
"1950","Batch_065","DEC","Judgment, bias, and decision making","L05","Evidence comparison","Q30","मुख्य सीख क्या है?","planned","not_researched","not_uploaded"
"1951","Batch_066","DEC","Judgment, bias, and decision making","L06","Practical experiment","Q01","यह वास्तव में क्या है?","planned","not_researched","not_uploaded"
"1952","Batch_066","DEC","Judgment, bias, and decision making","L06","Practical experiment","Q02","इसका सबसे आम भ्रम क्या है?","planned","not_researched","not_uploaded"
"1953","Batch_066","DEC","Judgment, bias, and decision making","L06","Practical experiment","Q03","हम इसे रोज़मर्रा में कैसे पहचानते हैं?","planned","not_researched","not_uploaded"
"1954","Batch_066","DEC","Judgment, bias, and decision making","L06","Practical experiment","Q04","इसके पीछे प्रस्तावित तंत्र क्या है?","planned","not_researched","not_uploaded"
"1955","Batch_066","DEC","Judgment, bias, and decision making","L06","Practical experiment","Q05","कौन-सा प्रमाण सबसे मजबूत है?","planned","not_researched","not_uploaded"
"1956","Batch_066","DEC","Judgment, bias, and decision making","L06","Practical experiment","Q06","किस बात पर शोध सहमत नहीं है?","planned","not_researched","not_uploaded"
"1957","Batch_066","DEC","Judgment, bias, and decision making","L06","Practical experiment","Q07","कौन-सा छोटा, सुरक्षित अवलोकन किया जा सकता है?","planned","not_researched","not_uploaded"
"1958","Batch_066","DEC","Judgment, bias, and decision making","L06","Practical experiment","Q08","यह आदत क्यों कठिन लगती है?","planned","not_researched","not_uploaded"
"1959","Batch_066","DEC","Judgment, bias, and decision making","L06","Practical experiment","Q09","संदर्भ इसे कैसे बदलता है?","planned","not_researched","not_uploaded"
"1960","Batch_066","DEC","Judgment, bias, and decision making","L06","Practical experiment","Q10","क्या यह कारण है या केवल संबंध?","planned","not_researched","not_uploaded"
"1961","Batch_066","DEC","Judgment, bias, and decision making","L06","Practical experiment","Q11","भाषा इसे कैसे प्रभावित करती है?","planned","not_researched","not_uploaded"
"1962","Batch_066","DEC","Judgment, bias, and decision making","L06","Practical experiment","Q12","समय के साथ यह कैसे बदलता है?","planned","not_researched","not_uploaded"
"1963","Batch_066","DEC","Judgment, bias, and decision making","L06","Practical experiment","Q13","किस समूह पर निष्कर्ष लागू हुआ?","planned","not_researched","not_uploaded"
"1964","Batch_066","DEC","Judgment, bias, and decision making","L06","Practical experiment","Q14","नापने में कठिनाई क्या है?","planned","not_researched","not_uploaded"
"1965","Batch_066","DEC","Judgment, bias, and decision making","L06","Practical experiment","Q15","कौन-सी वैकल्पिक व्याख्या संभव है?","planned","not_researched","not_uploaded"
"1966","Batch_066","DEC","Judgment, bias, and decision making","L06","Practical experiment","Q16","छोटी सफलता क्यों मायने रखती है?","planned","not_researched","not_uploaded"
"1967","Batch_066","DEC","Judgment, bias, and decision making","L06","Practical experiment","Q17","कौन-सी सीमा उपयोगी है?","planned","not_researched","not_uploaded"
"1968","Batch_066","DEC","Judgment, bias, and decision making","L06","Practical experiment","Q18","क्या विशेषज्ञों में मतभेद है?","planned","not_researched","not_uploaded"
"1969","Batch_066","DEC","Judgment, bias, and decision making","L06","Practical experiment","Q19","प्रौद्योगिकी इसे कैसे बदलती है?","planned","not_researched","not_uploaded"
"1970","Batch_066","DEC","Judgment, bias, and decision making","L06","Practical experiment","Q20","नींद, तनाव, या पर्यावरण की भूमिका क्या है?","planned","not_researched","not_uploaded"
"1971","Batch_066","DEC","Judgment, bias, and decision making","L06","Practical experiment","Q21","हम अपने अनुमान कैसे जाँच सकते हैं?","planned","not_researched","not_uploaded"
"1972","Batch_066","DEC","Judgment, bias, and decision making","L06","Practical experiment","Q22","इसे नैतिक रूप से कैसे समझें?","planned","not_researched","not_uploaded"
"1973","Batch_066","DEC","Judgment, bias, and decision making","L06","Practical experiment","Q23","यह पहचान और भूमिका से कैसे जुड़ता है?","planned","not_researched","not_uploaded"
"1974","Batch_066","DEC","Judgment, bias, and decision making","L06","Practical experiment","Q24","कब सहायता लेना ठीक है?","planned","not_researched","not_uploaded"
"1975","Batch_066","DEC","Judgment, bias, and decision making","L06","Practical experiment","Q25","इस परंपरा का दृष्टिकोण क्या है?","planned","not_researched","not_uploaded"
"1976","Batch_066","DEC","Judgment, bias, and decision making","L06","Practical experiment","Q26","विज्ञान इससे क्या अलग कहता है?","planned","not_researched","not_uploaded"
"1977","Batch_066","DEC","Judgment, bias, and decision making","L06","Practical experiment","Q27","क्या छोटा परिवर्तन व्यवहार्य है?","planned","not_researched","not_uploaded"
"1978","Batch_066","DEC","Judgment, bias, and decision making","L06","Practical experiment","Q28","कौन-सा डेटा अभी गायब है?","planned","not_researched","not_uploaded"
"1979","Batch_066","DEC","Judgment, bias, and decision making","L06","Practical experiment","Q29","इससे जिज्ञासा कैसे बढ़ती है?","planned","not_researched","not_uploaded"
"1980","Batch_066","DEC","Judgment, bias, and decision making","L06","Practical experiment","Q30","मुख्य सीख क्या है?","planned","not_researched","not_uploaded"
"1981","Batch_067","DEC","Judgment, bias, and decision making","L07","Boundary condition","Q01","यह वास्तव में क्या है?","planned","not_researched","not_uploaded"
"1982","Batch_067","DEC","Judgment, bias, and decision making","L07","Boundary condition","Q02","इसका सबसे आम भ्रम क्या है?","planned","not_researched","not_uploaded"
"1983","Batch_067","DEC","Judgment, bias, and decision making","L07","Boundary condition","Q03","हम इसे रोज़मर्रा में कैसे पहचानते हैं?","planned","not_researched","not_uploaded"
"1984","Batch_067","DEC","Judgment, bias, and decision making","L07","Boundary condition","Q04","इसके पीछे प्रस्तावित तंत्र क्या है?","planned","not_researched","not_uploaded"
"1985","Batch_067","DEC","Judgment, bias, and decision making","L07","Boundary condition","Q05","कौन-सा प्रमाण सबसे मजबूत है?","planned","not_researched","not_uploaded"
"1986","Batch_067","DEC","Judgment, bias, and decision making","L07","Boundary condition","Q06","किस बात पर शोध सहमत नहीं है?","planned","not_researched","not_uploaded"
"1987","Batch_067","DEC","Judgment, bias, and decision making","L07","Boundary condition","Q07","कौन-सा छोटा, सुरक्षित अवलोकन किया जा सकता है?","planned","not_researched","not_uploaded"
"1988","Batch_067","DEC","Judgment, bias, and decision making","L07","Boundary condition","Q08","यह आदत क्यों कठिन लगती है?","planned","not_researched","not_uploaded"
"1989","Batch_067","DEC","Judgment, bias, and decision making","L07","Boundary condition","Q09","संदर्भ इसे कैसे बदलता है?","planned","not_researched","not_uploaded"
"1990","Batch_067","DEC","Judgment, bias, and decision making","L07","Boundary condition","Q10","क्या यह कारण है या केवल संबंध?","planned","not_researched","not_uploaded"
"1991","Batch_067","DEC","Judgment, bias, and decision making","L07","Boundary condition","Q11","भाषा इसे कैसे प्रभावित करती है?","planned","not_researched","not_uploaded"
"1992","Batch_067","DEC","Judgment, bias, and decision making","L07","Boundary condition","Q12","समय के साथ यह कैसे बदलता है?","planned","not_researched","not_uploaded"
"1993","Batch_067","DEC","Judgment, bias, and decision making","L07","Boundary condition","Q13","किस समूह पर निष्कर्ष लागू हुआ?","planned","not_researched","not_uploaded"
"1994","Batch_067","DEC","Judgment, bias, and decision making","L07","Boundary condition","Q14","नापने में कठिनाई क्या है?","planned","not_researched","not_uploaded"
"1995","Batch_067","DEC","Judgment, bias, and decision making","L07","Boundary condition","Q15","कौन-सी वैकल्पिक व्याख्या संभव है?","planned","not_researched","not_uploaded"
"1996","Batch_067","DEC","Judgment, bias, and decision making","L07","Boundary condition","Q16","छोटी सफलता क्यों मायने रखती है?","planned","not_researched","not_uploaded"
"1997","Batch_067","DEC","Judgment, bias, and decision making","L07","Boundary condition","Q17","कौन-सी सीमा उपयोगी है?","planned","not_researched","not_uploaded"
"1998","Batch_067","DEC","Judgment, bias, and decision making","L07","Boundary condition","Q18","क्या विशेषज्ञों में मतभेद है?","planned","not_researched","not_uploaded"
"1999","Batch_067","DEC","Judgment, bias, and decision making","L07","Boundary condition","Q19","प्रौद्योगिकी इसे कैसे बदलती है?","planned","not_researched","not_uploaded"
"2000","Batch_067","DEC","Judgment, bias, and decision making","L07","Boundary condition","Q20","नींद, तनाव, या पर्यावरण की भूमिका क्या है?","planned","not_researched","not_uploaded"
"2001","Batch_067","DEC","Judgment, bias, and decision making","L07","Boundary condition","Q21","हम अपने अनुमान कैसे जाँच सकते हैं?","planned","not_researched","not_uploaded"
"2002","Batch_067","DEC","Judgment, bias, and decision making","L07","Boundary condition","Q22","इसे नैतिक रूप से कैसे समझें?","planned","not_researched","not_uploaded"
"2003","Batch_067","DEC","Judgment, bias, and decision making","L07","Boundary condition","Q23","यह पहचान और भूमिका से कैसे जुड़ता है?","planned","not_researched","not_uploaded"
"2004","Batch_067","DEC","Judgment, bias, and decision making","L07","Boundary condition","Q24","कब सहायता लेना ठीक है?","planned","not_researched","not_uploaded"
"2005","Batch_067","DEC","Judgment, bias, and decision making","L07","Boundary condition","Q25","इस परंपरा का दृष्टिकोण क्या है?","planned","not_researched","not_uploaded"
"2006","Batch_067","DEC","Judgment, bias, and decision making","L07","Boundary condition","Q26","विज्ञान इससे क्या अलग कहता है?","planned","not_researched","not_uploaded"
"2007","Batch_067","DEC","Judgment, bias, and decision making","L07","Boundary condition","Q27","क्या छोटा परिवर्तन व्यवहार्य है?","planned","not_researched","not_uploaded"
"2008","Batch_067","DEC","Judgment, bias, and decision making","L07","Boundary condition","Q28","कौन-सा डेटा अभी गायब है?","planned","not_researched","not_uploaded"
"2009","Batch_067","DEC","Judgment, bias, and decision making","L07","Boundary condition","Q29","इससे जिज्ञासा कैसे बढ़ती है?","planned","not_researched","not_uploaded"
"2010","Batch_067","DEC","Judgment, bias, and decision making","L07","Boundary condition","Q30","मुख्य सीख क्या है?","planned","not_researched","not_uploaded"
"2011","Batch_068","DEC","Judgment, bias, and decision making","L08","History of an idea","Q01","यह वास्तव में क्या है?","planned","not_researched","not_uploaded"
"2012","Batch_068","DEC","Judgment, bias, and decision making","L08","History of an idea","Q02","इसका सबसे आम भ्रम क्या है?","planned","not_researched","not_uploaded"
"2013","Batch_068","DEC","Judgment, bias, and decision making","L08","History of an idea","Q03","हम इसे रोज़मर्रा में कैसे पहचानते हैं?","planned","not_researched","not_uploaded"
"2014","Batch_068","DEC","Judgment, bias, and decision making","L08","History of an idea","Q04","इसके पीछे प्रस्तावित तंत्र क्या है?","planned","not_researched","not_uploaded"
"2015","Batch_068","DEC","Judgment, bias, and decision making","L08","History of an idea","Q05","कौन-सा प्रमाण सबसे मजबूत है?","planned","not_researched","not_uploaded"
"2016","Batch_068","DEC","Judgment, bias, and decision making","L08","History of an idea","Q06","किस बात पर शोध सहमत नहीं है?","planned","not_researched","not_uploaded"
"2017","Batch_068","DEC","Judgment, bias, and decision making","L08","History of an idea","Q07","कौन-सा छोटा, सुरक्षित अवलोकन किया जा सकता है?","planned","not_researched","not_uploaded"
"2018","Batch_068","DEC","Judgment, bias, and decision making","L08","History of an idea","Q08","यह आदत क्यों कठिन लगती है?","planned","not_researched","not_uploaded"
"2019","Batch_068","DEC","Judgment, bias, and decision making","L08","History of an idea","Q09","संदर्भ इसे कैसे बदलता है?","planned","not_researched","not_uploaded"
"2020","Batch_068","DEC","Judgment, bias, and decision making","L08","History of an idea","Q10","क्या यह कारण है या केवल संबंध?","planned","not_researched","not_uploaded"
"2021","Batch_068","DEC","Judgment, bias, and decision making","L08","History of an idea","Q11","भाषा इसे कैसे प्रभावित करती है?","planned","not_researched","not_uploaded"
"2022","Batch_068","DEC","Judgment, bias, and decision making","L08","History of an idea","Q12","समय के साथ यह कैसे बदलता है?","planned","not_researched","not_uploaded"
"2023","Batch_068","DEC","Judgment, bias, and decision making","L08","History of an idea","Q13","किस समूह पर निष्कर्ष लागू हुआ?","planned","not_researched","not_uploaded"
"2024","Batch_068","DEC","Judgment, bias, and decision making","L08","History of an idea","Q14","नापने में कठिनाई क्या है?","planned","not_researched","not_uploaded"
"2025","Batch_068","DEC","Judgment, bias, and decision making","L08","History of an idea","Q15","कौन-सी वैकल्पिक व्याख्या संभव है?","planned","not_researched","not_uploaded"
"2026","Batch_068","DEC","Judgment, bias, and decision making","L08","History of an idea","Q16","छोटी सफलता क्यों मायने रखती है?","planned","not_researched","not_uploaded"
"2027","Batch_068","DEC","Judgment, bias, and decision making","L08","History of an idea","Q17","कौन-सी सीमा उपयोगी है?","planned","not_researched","not_uploaded"
"2028","Batch_068","DEC","Judgment, bias, and decision making","L08","History of an idea","Q18","क्या विशेषज्ञों में मतभेद है?","planned","not_researched","not_uploaded"
"2029","Batch_068","DEC","Judgment, bias, and decision making","L08","History of an idea","Q19","प्रौद्योगिकी इसे कैसे बदलती है?","planned","not_researched","not_uploaded"
"2030","Batch_068","DEC","Judgment, bias, and decision making","L08","History of an idea","Q20","नींद, तनाव, या पर्यावरण की भूमिका क्या है?","planned","not_researched","not_uploaded"
"2031","Batch_068","DEC","Judgment, bias, and decision making","L08","History of an idea","Q21","हम अपने अनुमान कैसे जाँच सकते हैं?","planned","not_researched","not_uploaded"
"2032","Batch_068","DEC","Judgment, bias, and decision making","L08","History of an idea","Q22","इसे नैतिक रूप से कैसे समझें?","planned","not_researched","not_uploaded"
"2033","Batch_068","DEC","Judgment, bias, and decision making","L08","History of an idea","Q23","यह पहचान और भूमिका से कैसे जुड़ता है?","planned","not_researched","not_uploaded"
"2034","Batch_068","DEC","Judgment, bias, and decision making","L08","History of an idea","Q24","कब सहायता लेना ठीक है?","planned","not_researched","not_uploaded"
"2035","Batch_068","DEC","Judgment, bias, and decision making","L08","History of an idea","Q25","इस परंपरा का दृष्टिकोण क्या है?","planned","not_researched","not_uploaded"
"2036","Batch_068","DEC","Judgment, bias, and decision making","L08","History of an idea","Q26","विज्ञान इससे क्या अलग कहता है?","planned","not_researched","not_uploaded"
"2037","Batch_068","DEC","Judgment, bias, and decision making","L08","History of an idea","Q27","क्या छोटा परिवर्तन व्यवहार्य है?","planned","not_researched","not_uploaded"
"2038","Batch_068","DEC","Judgment, bias, and decision making","L08","History of an idea","Q28","कौन-सा डेटा अभी गायब है?","planned","not_researched","not_uploaded"
"2039","Batch_068","DEC","Judgment, bias, and decision making","L08","History of an idea","Q29","इससे जिज्ञासा कैसे बढ़ती है?","planned","not_researched","not_uploaded"
"2040","Batch_068","DEC","Judgment, bias, and decision making","L08","History of an idea","Q30","मुख्य सीख क्या है?","planned","not_researched","not_uploaded"
"2041","Batch_069","DEC","Judgment, bias, and decision making","L09","Cross-cultural perspective","Q01","यह वास्तव में क्या है?","planned","not_researched","not_uploaded"
"2042","Batch_069","DEC","Judgment, bias, and decision making","L09","Cross-cultural perspective","Q02","इसका सबसे आम भ्रम क्या है?","planned","not_researched","not_uploaded"
"2043","Batch_069","DEC","Judgment, bias, and decision making","L09","Cross-cultural perspective","Q03","हम इसे रोज़मर्रा में कैसे पहचानते हैं?","planned","not_researched","not_uploaded"
"2044","Batch_069","DEC","Judgment, bias, and decision making","L09","Cross-cultural perspective","Q04","इसके पीछे प्रस्तावित तंत्र क्या है?","planned","not_researched","not_uploaded"
"2045","Batch_069","DEC","Judgment, bias, and decision making","L09","Cross-cultural perspective","Q05","कौन-सा प्रमाण सबसे मजबूत है?","planned","not_researched","not_uploaded"
"2046","Batch_069","DEC","Judgment, bias, and decision making","L09","Cross-cultural perspective","Q06","किस बात पर शोध सहमत नहीं है?","planned","not_researched","not_uploaded"
"2047","Batch_069","DEC","Judgment, bias, and decision making","L09","Cross-cultural perspective","Q07","कौन-सा छोटा, सुरक्षित अवलोकन किया जा सकता है?","planned","not_researched","not_uploaded"
"2048","Batch_069","DEC","Judgment, bias, and decision making","L09","Cross-cultural perspective","Q08","यह आदत क्यों कठिन लगती है?","planned","not_researched","not_uploaded"
"2049","Batch_069","DEC","Judgment, bias, and decision making","L09","Cross-cultural perspective","Q09","संदर्भ इसे कैसे बदलता है?","planned","not_researched","not_uploaded"
"2050","Batch_069","DEC","Judgment, bias, and decision making","L09","Cross-cultural perspective","Q10","क्या यह कारण है या केवल संबंध?","planned","not_researched","not_uploaded"
"2051","Batch_069","DEC","Judgment, bias, and decision making","L09","Cross-cultural perspective","Q11","भाषा इसे कैसे प्रभावित करती है?","planned","not_researched","not_uploaded"
"2052","Batch_069","DEC","Judgment, bias, and decision making","L09","Cross-cultural perspective","Q12","समय के साथ यह कैसे बदलता है?","planned","not_researched","not_uploaded"
"2053","Batch_069","DEC","Judgment, bias, and decision making","L09","Cross-cultural perspective","Q13","किस समूह पर निष्कर्ष लागू हुआ?","planned","not_researched","not_uploaded"
"2054","Batch_069","DEC","Judgment, bias, and decision making","L09","Cross-cultural perspective","Q14","नापने में कठिनाई क्या है?","planned","not_researched","not_uploaded"
"2055","Batch_069","DEC","Judgment, bias, and decision making","L09","Cross-cultural perspective","Q15","कौन-सी वैकल्पिक व्याख्या संभव है?","planned","not_researched","not_uploaded"
"2056","Batch_069","DEC","Judgment, bias, and decision making","L09","Cross-cultural perspective","Q16","छोटी सफलता क्यों मायने रखती है?","planned","not_researched","not_uploaded"
"2057","Batch_069","DEC","Judgment, bias, and decision making","L09","Cross-cultural perspective","Q17","कौन-सी सीमा उपयोगी है?","planned","not_researched","not_uploaded"
"2058","Batch_069","DEC","Judgment, bias, and decision making","L09","Cross-cultural perspective","Q18","क्या विशेषज्ञों में मतभेद है?","planned","not_researched","not_uploaded"
"2059","Batch_069","DEC","Judgment, bias, and decision making","L09","Cross-cultural perspective","Q19","प्रौद्योगिकी इसे कैसे बदलती है?","planned","not_researched","not_uploaded"
"2060","Batch_069","DEC","Judgment, bias, and decision making","L09","Cross-cultural perspective","Q20","नींद, तनाव, या पर्यावरण की भूमिका क्या है?","planned","not_researched","not_uploaded"
"2061","Batch_069","DEC","Judgment, bias, and decision making","L09","Cross-cultural perspective","Q21","हम अपने अनुमान कैसे जाँच सकते हैं?","planned","not_researched","not_uploaded"
"2062","Batch_069","DEC","Judgment, bias, and decision making","L09","Cross-cultural perspective","Q22","इसे नैतिक रूप से कैसे समझें?","planned","not_researched","not_uploaded"
"2063","Batch_069","DEC","Judgment, bias, and decision making","L09","Cross-cultural perspective","Q23","यह पहचान और भूमिका से कैसे जुड़ता है?","planned","not_researched","not_uploaded"
"2064","Batch_069","DEC","Judgment, bias, and decision making","L09","Cross-cultural perspective","Q24","कब सहायता लेना ठीक है?","planned","not_researched","not_uploaded"
"2065","Batch_069","DEC","Judgment, bias, and decision making","L09","Cross-cultural perspective","Q25","इस परंपरा का दृष्टिकोण क्या है?","planned","not_researched","not_uploaded"
"2066","Batch_069","DEC","Judgment, bias, and decision making","L09","Cross-cultural perspective","Q26","विज्ञान इससे क्या अलग कहता है?","planned","not_researched","not_uploaded"
"2067","Batch_069","DEC","Judgment, bias, and decision making","L09","Cross-cultural perspective","Q27","क्या छोटा परिवर्तन व्यवहार्य है?","planned","not_researched","not_uploaded"
"2068","Batch_069","DEC","Judgment, bias, and decision making","L09","Cross-cultural perspective","Q28","कौन-सा डेटा अभी गायब है?","planned","not_researched","not_uploaded"
"2069","Batch_069","DEC","Judgment, bias, and decision making","L09","Cross-cultural perspective","Q29","इससे जिज्ञासा कैसे बढ़ती है?","planned","not_researched","not_uploaded"
"2070","Batch_069","DEC","Judgment, bias, and decision making","L09","Cross-cultural perspective","Q30","मुख्य सीख क्या है?","planned","not_researched","not_uploaded"
"2071","Batch_070","DEC","Judgment, bias, and decision making","L10","Ethical implication","Q01","यह वास्तव में क्या है?","planned","not_researched","not_uploaded"
"2072","Batch_070","DEC","Judgment, bias, and decision making","L10","Ethical implication","Q02","इसका सबसे आम भ्रम क्या है?","planned","not_researched","not_uploaded"
"2073","Batch_070","DEC","Judgment, bias, and decision making","L10","Ethical implication","Q03","हम इसे रोज़मर्रा में कैसे पहचानते हैं?","planned","not_researched","not_uploaded"
"2074","Batch_070","DEC","Judgment, bias, and decision making","L10","Ethical implication","Q04","इसके पीछे प्रस्तावित तंत्र क्या है?","planned","not_researched","not_uploaded"
"2075","Batch_070","DEC","Judgment, bias, and decision making","L10","Ethical implication","Q05","कौन-सा प्रमाण सबसे मजबूत है?","planned","not_researched","not_uploaded"
"2076","Batch_070","DEC","Judgment, bias, and decision making","L10","Ethical implication","Q06","किस बात पर शोध सहमत नहीं है?","planned","not_researched","not_uploaded"
"2077","Batch_070","DEC","Judgment, bias, and decision making","L10","Ethical implication","Q07","कौन-सा छोटा, सुरक्षित अवलोकन किया जा सकता है?","planned","not_researched","not_uploaded"
"2078","Batch_070","DEC","Judgment, bias, and decision making","L10","Ethical implication","Q08","यह आदत क्यों कठिन लगती है?","planned","not_researched","not_uploaded"
"2079","Batch_070","DEC","Judgment, bias, and decision making","L10","Ethical implication","Q09","संदर्भ इसे कैसे बदलता है?","planned","not_researched","not_uploaded"
"2080","Batch_070","DEC","Judgment, bias, and decision making","L10","Ethical implication","Q10","क्या यह कारण है या केवल संबंध?","planned","not_researched","not_uploaded"
"2081","Batch_070","DEC","Judgment, bias, and decision making","L10","Ethical implication","Q11","भाषा इसे कैसे प्रभावित करती है?","planned","not_researched","not_uploaded"
"2082","Batch_070","DEC","Judgment, bias, and decision making","L10","Ethical implication","Q12","समय के साथ यह कैसे बदलता है?","planned","not_researched","not_uploaded"
"2083","Batch_070","DEC","Judgment, bias, and decision making","L10","Ethical implication","Q13","किस समूह पर निष्कर्ष लागू हुआ?","planned","not_researched","not_uploaded"
"2084","Batch_070","DEC","Judgment, bias, and decision making","L10","Ethical implication","Q14","नापने में कठिनाई क्या है?","planned","not_researched","not_uploaded"
"2085","Batch_070","DEC","Judgment, bias, and decision making","L10","Ethical implication","Q15","कौन-सी वैकल्पिक व्याख्या संभव है?","planned","not_researched","not_uploaded"
"2086","Batch_070","DEC","Judgment, bias, and decision making","L10","Ethical implication","Q16","छोटी सफलता क्यों मायने रखती है?","planned","not_researched","not_uploaded"
"2087","Batch_070","DEC","Judgment, bias, and decision making","L10","Ethical implication","Q17","कौन-सी सीमा उपयोगी है?","planned","not_researched","not_uploaded"
"2088","Batch_070","DEC","Judgment, bias, and decision making","L10","Ethical implication","Q18","क्या विशेषज्ञों में मतभेद है?","planned","not_researched","not_uploaded"
"2089","Batch_070","DEC","Judgment, bias, and decision making","L10","Ethical implication","Q19","प्रौद्योगिकी इसे कैसे बदलती है?","planned","not_researched","not_uploaded"
"2090","Batch_070","DEC","Judgment, bias, and decision making","L10","Ethical implication","Q20","नींद, तनाव, या पर्यावरण की भूमिका क्या है?","planned","not_researched","not_uploaded"
"2091","Batch_070","DEC","Judgment, bias, and decision making","L10","Ethical implication","Q21","हम अपने अनुमान कैसे जाँच सकते हैं?","planned","not_researched","not_uploaded"
"2092","Batch_070","DEC","Judgment, bias, and decision making","L10","Ethical implication","Q22","इसे नैतिक रूप से कैसे समझें?","planned","not_researched","not_uploaded"
"2093","Batch_070","DEC","Judgment, bias, and decision making","L10","Ethical implication","Q23","यह पहचान और भूमिका से कैसे जुड़ता है?","planned","not_researched","not_uploaded"
"2094","Batch_070","DEC","Judgment, bias, and decision making","L10","Ethical implication","Q24","कब सहायता लेना ठीक है?","planned","not_researched","not_uploaded"
"2095","Batch_070","DEC","Judgment, bias, and decision making","L10","Ethical implication","Q25","इस परंपरा का दृष्टिकोण क्या है?","planned","not_researched","not_uploaded"
"2096","Batch_070","DEC","Judgment, bias, and decision making","L10","Ethical implication","Q26","विज्ञान इससे क्या अलग कहता है?","planned","not_researched","not_uploaded"
"2097","Batch_070","DEC","Judgment, bias, and decision making","L10","Ethical implication","Q27","क्या छोटा परिवर्तन व्यवहार्य है?","planned","not_researched","not_uploaded"
"2098","Batch_070","DEC","Judgment, bias, and decision making","L10","Ethical implication","Q28","कौन-सा डेटा अभी गायब है?","planned","not_researched","not_uploaded"
"2099","Batch_070","DEC","Judgment, bias, and decision making","L10","Ethical implication","Q29","इससे जिज्ञासा कैसे बढ़ती है?","planned","not_researched","not_uploaded"
"2100","Batch_070","DEC","Judgment, bias, and decision making","L10","Ethical implication","Q30","मुख्य सीख क्या है?","planned","not_researched","not_uploaded"
"2101","Batch_071","REL","Relationships, communication, and social connection","L01","Core definition","Q01","यह वास्तव में क्या है?","planned","not_researched","not_uploaded"
"2102","Batch_071","REL","Relationships, communication, and social connection","L01","Core definition","Q02","इसका सबसे आम भ्रम क्या है?","planned","not_researched","not_uploaded"
"2103","Batch_071","REL","Relationships, communication, and social connection","L01","Core definition","Q03","हम इसे रोज़मर्रा में कैसे पहचानते हैं?","planned","not_researched","not_uploaded"
"2104","Batch_071","REL","Relationships, communication, and social connection","L01","Core definition","Q04","इसके पीछे प्रस्तावित तंत्र क्या है?","planned","not_researched","not_uploaded"
"2105","Batch_071","REL","Relationships, communication, and social connection","L01","Core definition","Q05","कौन-सा प्रमाण सबसे मजबूत है?","planned","not_researched","not_uploaded"
"2106","Batch_071","REL","Relationships, communication, and social connection","L01","Core definition","Q06","किस बात पर शोध सहमत नहीं है?","planned","not_researched","not_uploaded"
"2107","Batch_071","REL","Relationships, communication, and social connection","L01","Core definition","Q07","कौन-सा छोटा, सुरक्षित अवलोकन किया जा सकता है?","planned","not_researched","not_uploaded"
"2108","Batch_071","REL","Relationships, communication, and social connection","L01","Core definition","Q08","यह आदत क्यों कठिन लगती है?","planned","not_researched","not_uploaded"
"2109","Batch_071","REL","Relationships, communication, and social connection","L01","Core definition","Q09","संदर्भ इसे कैसे बदलता है?","planned","not_researched","not_uploaded"
"2110","Batch_071","REL","Relationships, communication, and social connection","L01","Core definition","Q10","क्या यह कारण है या केवल संबंध?","planned","not_researched","not_uploaded"
"2111","Batch_071","REL","Relationships, communication, and social connection","L01","Core definition","Q11","भाषा इसे कैसे प्रभावित करती है?","planned","not_researched","not_uploaded"
"2112","Batch_071","REL","Relationships, communication, and social connection","L01","Core definition","Q12","समय के साथ यह कैसे बदलता है?","planned","not_researched","not_uploaded"
"2113","Batch_071","REL","Relationships, communication, and social connection","L01","Core definition","Q13","किस समूह पर निष्कर्ष लागू हुआ?","planned","not_researched","not_uploaded"
"2114","Batch_071","REL","Relationships, communication, and social connection","L01","Core definition","Q14","नापने में कठिनाई क्या है?","planned","not_researched","not_uploaded"
"2115","Batch_071","REL","Relationships, communication, and social connection","L01","Core definition","Q15","कौन-सी वैकल्पिक व्याख्या संभव है?","planned","not_researched","not_uploaded"
"2116","Batch_071","REL","Relationships, communication, and social connection","L01","Core definition","Q16","छोटी सफलता क्यों मायने रखती है?","planned","not_researched","not_uploaded"
"2117","Batch_071","REL","Relationships, communication, and social connection","L01","Core definition","Q17","कौन-सी सीमा उपयोगी है?","planned","not_researched","not_uploaded"
"2118","Batch_071","REL","Relationships, communication, and social connection","L01","Core definition","Q18","क्या विशेषज्ञों में मतभेद है?","planned","not_researched","not_uploaded"
"2119","Batch_071","REL","Relationships, communication, and social connection","L01","Core definition","Q19","प्रौद्योगिकी इसे कैसे बदलती है?","planned","not_researched","not_uploaded"
"2120","Batch_071","REL","Relationships, communication, and social connection","L01","Core definition","Q20","नींद, तनाव, या पर्यावरण की भूमिका क्या है?","planned","not_researched","not_uploaded"
"2121","Batch_071","REL","Relationships, communication, and social connection","L01","Core definition","Q21","हम अपने अनुमान कैसे जाँच सकते हैं?","planned","not_researched","not_uploaded"
"2122","Batch_071","REL","Relationships, communication, and social connection","L01","Core definition","Q22","इसे नैतिक रूप से कैसे समझें?","planned","not_researched","not_uploaded"
"2123","Batch_071","REL","Relationships, communication, and social connection","L01","Core definition","Q23","यह पहचान और भूमिका से कैसे जुड़ता है?","planned","not_researched","not_uploaded"
"2124","Batch_071","REL","Relationships, communication, and social connection","L01","Core definition","Q24","कब सहायता लेना ठीक है?","planned","not_researched","not_uploaded"
"2125","Batch_071","REL","Relationships, communication, and social connection","L01","Core definition","Q25","इस परंपरा का दृष्टिकोण क्या है?","planned","not_researched","not_uploaded"
"2126","Batch_071","REL","Relationships, communication, and social connection","L01","Core definition","Q26","विज्ञान इससे क्या अलग कहता है?","planned","not_researched","not_uploaded"
"2127","Batch_071","REL","Relationships, communication, and social connection","L01","Core definition","Q27","क्या छोटा परिवर्तन व्यवहार्य है?","planned","not_researched","not_uploaded"
"2128","Batch_071","REL","Relationships, communication, and social connection","L01","Core definition","Q28","कौन-सा डेटा अभी गायब है?","planned","not_researched","not_uploaded"
"2129","Batch_071","REL","Relationships, communication, and social connection","L01","Core definition","Q29","इससे जिज्ञासा कैसे बढ़ती है?","planned","not_researched","not_uploaded"
"2130","Batch_071","REL","Relationships, communication, and social connection","L01","Core definition","Q30","मुख्य सीख क्या है?","planned","not_researched","not_uploaded"
"2131","Batch_072","REL","Relationships, communication, and social connection","L02","Common misconception","Q01","यह वास्तव में क्या है?","planned","not_researched","not_uploaded"
"2132","Batch_072","REL","Relationships, communication, and social connection","L02","Common misconception","Q02","इसका सबसे आम भ्रम क्या है?","planned","not_researched","not_uploaded"
"2133","Batch_072","REL","Relationships, communication, and social connection","L02","Common misconception","Q03","हम इसे रोज़मर्रा में कैसे पहचानते हैं?","planned","not_researched","not_uploaded"
"2134","Batch_072","REL","Relationships, communication, and social connection","L02","Common misconception","Q04","इसके पीछे प्रस्तावित तंत्र क्या है?","planned","not_researched","not_uploaded"
"2135","Batch_072","REL","Relationships, communication, and social connection","L02","Common misconception","Q05","कौन-सा प्रमाण सबसे मजबूत है?","planned","not_researched","not_uploaded"
"2136","Batch_072","REL","Relationships, communication, and social connection","L02","Common misconception","Q06","किस बात पर शोध सहमत नहीं है?","planned","not_researched","not_uploaded"
"2137","Batch_072","REL","Relationships, communication, and social connection","L02","Common misconception","Q07","कौन-सा छोटा, सुरक्षित अवलोकन किया जा सकता है?","planned","not_researched","not_uploaded"
"2138","Batch_072","REL","Relationships, communication, and social connection","L02","Common misconception","Q08","यह आदत क्यों कठिन लगती है?","planned","not_researched","not_uploaded"
"2139","Batch_072","REL","Relationships, communication, and social connection","L02","Common misconception","Q09","संदर्भ इसे कैसे बदलता है?","planned","not_researched","not_uploaded"
"2140","Batch_072","REL","Relationships, communication, and social connection","L02","Common misconception","Q10","क्या यह कारण है या केवल संबंध?","planned","not_researched","not_uploaded"
"2141","Batch_072","REL","Relationships, communication, and social connection","L02","Common misconception","Q11","भाषा इसे कैसे प्रभावित करती है?","planned","not_researched","not_uploaded"
"2142","Batch_072","REL","Relationships, communication, and social connection","L02","Common misconception","Q12","समय के साथ यह कैसे बदलता है?","planned","not_researched","not_uploaded"
"2143","Batch_072","REL","Relationships, communication, and social connection","L02","Common misconception","Q13","किस समूह पर निष्कर्ष लागू हुआ?","planned","not_researched","not_uploaded"
"2144","Batch_072","REL","Relationships, communication, and social connection","L02","Common misconception","Q14","नापने में कठिनाई क्या है?","planned","not_researched","not_uploaded"
"2145","Batch_072","REL","Relationships, communication, and social connection","L02","Common misconception","Q15","कौन-सी वैकल्पिक व्याख्या संभव है?","planned","not_researched","not_uploaded"
"2146","Batch_072","REL","Relationships, communication, and social connection","L02","Common misconception","Q16","छोटी सफलता क्यों मायने रखती है?","planned","not_researched","not_uploaded"
"2147","Batch_072","REL","Relationships, communication, and social connection","L02","Common misconception","Q17","कौन-सी सीमा उपयोगी है?","planned","not_researched","not_uploaded"
"2148","Batch_072","REL","Relationships, communication, and social connection","L02","Common misconception","Q18","क्या विशेषज्ञों में मतभेद है?","planned","not_researched","not_uploaded"
"2149","Batch_072","REL","Relationships, communication, and social connection","L02","Common misconception","Q19","प्रौद्योगिकी इसे कैसे बदलती है?","planned","not_researched","not_uploaded"
"2150","Batch_072","REL","Relationships, communication, and social connection","L02","Common misconception","Q20","नींद, तनाव, या पर्यावरण की भूमिका क्या है?","planned","not_researched","not_uploaded"
"2151","Batch_072","REL","Relationships, communication, and social connection","L02","Common misconception","Q21","हम अपने अनुमान कैसे जाँच सकते हैं?","planned","not_researched","not_uploaded"
"2152","Batch_072","REL","Relationships, communication, and social connection","L02","Common misconception","Q22","इसे नैतिक रूप से कैसे समझें?","planned","not_researched","not_uploaded"
"2153","Batch_072","REL","Relationships, communication, and social connection","L02","Common misconception","Q23","यह पहचान और भूमिका से कैसे जुड़ता है?","planned","not_researched","not_uploaded"
"2154","Batch_072","REL","Relationships, communication, and social connection","L02","Common misconception","Q24","कब सहायता लेना ठीक है?","planned","not_researched","not_uploaded"
"2155","Batch_072","REL","Relationships, communication, and social connection","L02","Common misconception","Q25","इस परंपरा का दृष्टिकोण क्या है?","planned","not_researched","not_uploaded"
"2156","Batch_072","REL","Relationships, communication, and social connection","L02","Common misconception","Q26","विज्ञान इससे क्या अलग कहता है?","planned","not_researched","not_uploaded"
"2157","Batch_072","REL","Relationships, communication, and social connection","L02","Common misconception","Q27","क्या छोटा परिवर्तन व्यवहार्य है?","planned","not_researched","not_uploaded"
"2158","Batch_072","REL","Relationships, communication, and social connection","L02","Common misconception","Q28","कौन-सा डेटा अभी गायब है?","planned","not_researched","not_uploaded"
"2159","Batch_072","REL","Relationships, communication, and social connection","L02","Common misconception","Q29","इससे जिज्ञासा कैसे बढ़ती है?","planned","not_researched","not_uploaded"
"2160","Batch_072","REL","Relationships, communication, and social connection","L02","Common misconception","Q30","मुख्य सीख क्या है?","planned","not_researched","not_uploaded"
"2161","Batch_073","REL","Relationships, communication, and social connection","L03","Everyday observation","Q01","यह वास्तव में क्या है?","planned","not_researched","not_uploaded"
"2162","Batch_073","REL","Relationships, communication, and social connection","L03","Everyday observation","Q02","इसका सबसे आम भ्रम क्या है?","planned","not_researched","not_uploaded"
"2163","Batch_073","REL","Relationships, communication, and social connection","L03","Everyday observation","Q03","हम इसे रोज़मर्रा में कैसे पहचानते हैं?","planned","not_researched","not_uploaded"
"2164","Batch_073","REL","Relationships, communication, and social connection","L03","Everyday observation","Q04","इसके पीछे प्रस्तावित तंत्र क्या है?","planned","not_researched","not_uploaded"
"2165","Batch_073","REL","Relationships, communication, and social connection","L03","Everyday observation","Q05","कौन-सा प्रमाण सबसे मजबूत है?","planned","not_researched","not_uploaded"
"2166","Batch_073","REL","Relationships, communication, and social connection","L03","Everyday observation","Q06","किस बात पर शोध सहमत नहीं है?","planned","not_researched","not_uploaded"
"2167","Batch_073","REL","Relationships, communication, and social connection","L03","Everyday observation","Q07","कौन-सा छोटा, सुरक्षित अवलोकन किया जा सकता है?","planned","not_researched","not_uploaded"
"2168","Batch_073","REL","Relationships, communication, and social connection","L03","Everyday observation","Q08","यह आदत क्यों कठिन लगती है?","planned","not_researched","not_uploaded"
"2169","Batch_073","REL","Relationships, communication, and social connection","L03","Everyday observation","Q09","संदर्भ इसे कैसे बदलता है?","planned","not_researched","not_uploaded"
"2170","Batch_073","REL","Relationships, communication, and social connection","L03","Everyday observation","Q10","क्या यह कारण है या केवल संबंध?","planned","not_researched","not_uploaded"
"2171","Batch_073","REL","Relationships, communication, and social connection","L03","Everyday observation","Q11","भाषा इसे कैसे प्रभावित करती है?","planned","not_researched","not_uploaded"
"2172","Batch_073","REL","Relationships, communication, and social connection","L03","Everyday observation","Q12","समय के साथ यह कैसे बदलता है?","planned","not_researched","not_uploaded"
"2173","Batch_073","REL","Relationships, communication, and social connection","L03","Everyday observation","Q13","किस समूह पर निष्कर्ष लागू हुआ?","planned","not_researched","not_uploaded"
"2174","Batch_073","REL","Relationships, communication, and social connection","L03","Everyday observation","Q14","नापने में कठिनाई क्या है?","planned","not_researched","not_uploaded"
"2175","Batch_073","REL","Relationships, communication, and social connection","L03","Everyday observation","Q15","कौन-सी वैकल्पिक व्याख्या संभव है?","planned","not_researched","not_uploaded"
"2176","Batch_073","REL","Relationships, communication, and social connection","L03","Everyday observation","Q16","छोटी सफलता क्यों मायने रखती है?","planned","not_researched","not_uploaded"
"2177","Batch_073","REL","Relationships, communication, and social connection","L03","Everyday observation","Q17","कौन-सी सीमा उपयोगी है?","planned","not_researched","not_uploaded"
"2178","Batch_073","REL","Relationships, communication, and social connection","L03","Everyday observation","Q18","क्या विशेषज्ञों में मतभेद है?","planned","not_researched","not_uploaded"
"2179","Batch_073","REL","Relationships, communication, and social connection","L03","Everyday observation","Q19","प्रौद्योगिकी इसे कैसे बदलती है?","planned","not_researched","not_uploaded"
"2180","Batch_073","REL","Relationships, communication, and social connection","L03","Everyday observation","Q20","नींद, तनाव, या पर्यावरण की भूमिका क्या है?","planned","not_researched","not_uploaded"
"2181","Batch_073","REL","Relationships, communication, and social connection","L03","Everyday observation","Q21","हम अपने अनुमान कैसे जाँच सकते हैं?","planned","not_researched","not_uploaded"
"2182","Batch_073","REL","Relationships, communication, and social connection","L03","Everyday observation","Q22","इसे नैतिक रूप से कैसे समझें?","planned","not_researched","not_uploaded"
"2183","Batch_073","REL","Relationships, communication, and social connection","L03","Everyday observation","Q23","यह पहचान और भूमिका से कैसे जुड़ता है?","planned","not_researched","not_uploaded"
"2184","Batch_073","REL","Relationships, communication, and social connection","L03","Everyday observation","Q24","कब सहायता लेना ठीक है?","planned","not_researched","not_uploaded"
"2185","Batch_073","REL","Relationships, communication, and social connection","L03","Everyday observation","Q25","इस परंपरा का दृष्टिकोण क्या है?","planned","not_researched","not_uploaded"
"2186","Batch_073","REL","Relationships, communication, and social connection","L03","Everyday observation","Q26","विज्ञान इससे क्या अलग कहता है?","planned","not_researched","not_uploaded"
"2187","Batch_073","REL","Relationships, communication, and social connection","L03","Everyday observation","Q27","क्या छोटा परिवर्तन व्यवहार्य है?","planned","not_researched","not_uploaded"
"2188","Batch_073","REL","Relationships, communication, and social connection","L03","Everyday observation","Q28","कौन-सा डेटा अभी गायब है?","planned","not_researched","not_uploaded"
"2189","Batch_073","REL","Relationships, communication, and social connection","L03","Everyday observation","Q29","इससे जिज्ञासा कैसे बढ़ती है?","planned","not_researched","not_uploaded"
"2190","Batch_073","REL","Relationships, communication, and social connection","L03","Everyday observation","Q30","मुख्य सीख क्या है?","planned","not_researched","not_uploaded"
"2191","Batch_074","REL","Relationships, communication, and social connection","L04","Mechanism","Q01","यह वास्तव में क्या है?","planned","not_researched","not_uploaded"
"2192","Batch_074","REL","Relationships, communication, and social connection","L04","Mechanism","Q02","इसका सबसे आम भ्रम क्या है?","planned","not_researched","not_uploaded"
"2193","Batch_074","REL","Relationships, communication, and social connection","L04","Mechanism","Q03","हम इसे रोज़मर्रा में कैसे पहचानते हैं?","planned","not_researched","not_uploaded"
"2194","Batch_074","REL","Relationships, communication, and social connection","L04","Mechanism","Q04","इसके पीछे प्रस्तावित तंत्र क्या है?","planned","not_researched","not_uploaded"
"2195","Batch_074","REL","Relationships, communication, and social connection","L04","Mechanism","Q05","कौन-सा प्रमाण सबसे मजबूत है?","planned","not_researched","not_uploaded"
"2196","Batch_074","REL","Relationships, communication, and social connection","L04","Mechanism","Q06","किस बात पर शोध सहमत नहीं है?","planned","not_researched","not_uploaded"
"2197","Batch_074","REL","Relationships, communication, and social connection","L04","Mechanism","Q07","कौन-सा छोटा, सुरक्षित अवलोकन किया जा सकता है?","planned","not_researched","not_uploaded"
"2198","Batch_074","REL","Relationships, communication, and social connection","L04","Mechanism","Q08","यह आदत क्यों कठिन लगती है?","planned","not_researched","not_uploaded"
"2199","Batch_074","REL","Relationships, communication, and social connection","L04","Mechanism","Q09","संदर्भ इसे कैसे बदलता है?","planned","not_researched","not_uploaded"
"2200","Batch_074","REL","Relationships, communication, and social connection","L04","Mechanism","Q10","क्या यह कारण है या केवल संबंध?","planned","not_researched","not_uploaded"
"2201","Batch_074","REL","Relationships, communication, and social connection","L04","Mechanism","Q11","भाषा इसे कैसे प्रभावित करती है?","planned","not_researched","not_uploaded"
"2202","Batch_074","REL","Relationships, communication, and social connection","L04","Mechanism","Q12","समय के साथ यह कैसे बदलता है?","planned","not_researched","not_uploaded"
"2203","Batch_074","REL","Relationships, communication, and social connection","L04","Mechanism","Q13","किस समूह पर निष्कर्ष लागू हुआ?","planned","not_researched","not_uploaded"
"2204","Batch_074","REL","Relationships, communication, and social connection","L04","Mechanism","Q14","नापने में कठिनाई क्या है?","planned","not_researched","not_uploaded"
"2205","Batch_074","REL","Relationships, communication, and social connection","L04","Mechanism","Q15","कौन-सी वैकल्पिक व्याख्या संभव है?","planned","not_researched","not_uploaded"
"2206","Batch_074","REL","Relationships, communication, and social connection","L04","Mechanism","Q16","छोटी सफलता क्यों मायने रखती है?","planned","not_researched","not_uploaded"
"2207","Batch_074","REL","Relationships, communication, and social connection","L04","Mechanism","Q17","कौन-सी सीमा उपयोगी है?","planned","not_researched","not_uploaded"
"2208","Batch_074","REL","Relationships, communication, and social connection","L04","Mechanism","Q18","क्या विशेषज्ञों में मतभेद है?","planned","not_researched","not_uploaded"
"2209","Batch_074","REL","Relationships, communication, and social connection","L04","Mechanism","Q19","प्रौद्योगिकी इसे कैसे बदलती है?","planned","not_researched","not_uploaded"
"2210","Batch_074","REL","Relationships, communication, and social connection","L04","Mechanism","Q20","नींद, तनाव, या पर्यावरण की भूमिका क्या है?","planned","not_researched","not_uploaded"
"2211","Batch_074","REL","Relationships, communication, and social connection","L04","Mechanism","Q21","हम अपने अनुमान कैसे जाँच सकते हैं?","planned","not_researched","not_uploaded"
"2212","Batch_074","REL","Relationships, communication, and social connection","L04","Mechanism","Q22","इसे नैतिक रूप से कैसे समझें?","planned","not_researched","not_uploaded"
"2213","Batch_074","REL","Relationships, communication, and social connection","L04","Mechanism","Q23","यह पहचान और भूमिका से कैसे जुड़ता है?","planned","not_researched","not_uploaded"
"2214","Batch_074","REL","Relationships, communication, and social connection","L04","Mechanism","Q24","कब सहायता लेना ठीक है?","planned","not_researched","not_uploaded"
"2215","Batch_074","REL","Relationships, communication, and social connection","L04","Mechanism","Q25","इस परंपरा का दृष्टिकोण क्या है?","planned","not_researched","not_uploaded"
"2216","Batch_074","REL","Relationships, communication, and social connection","L04","Mechanism","Q26","विज्ञान इससे क्या अलग कहता है?","planned","not_researched","not_uploaded"
"2217","Batch_074","REL","Relationships, communication, and social connection","L04","Mechanism","Q27","क्या छोटा परिवर्तन व्यवहार्य है?","planned","not_researched","not_uploaded"
"2218","Batch_074","REL","Relationships, communication, and social connection","L04","Mechanism","Q28","कौन-सा डेटा अभी गायब है?","planned","not_researched","not_uploaded"
"2219","Batch_074","REL","Relationships, communication, and social connection","L04","Mechanism","Q29","इससे जिज्ञासा कैसे बढ़ती है?","planned","not_researched","not_uploaded"
"2220","Batch_074","REL","Relationships, communication, and social connection","L04","Mechanism","Q30","मुख्य सीख क्या है?","planned","not_researched","not_uploaded"
"2221","Batch_075","REL","Relationships, communication, and social connection","L05","Evidence comparison","Q01","यह वास्तव में क्या है?","planned","not_researched","not_uploaded"
"2222","Batch_075","REL","Relationships, communication, and social connection","L05","Evidence comparison","Q02","इसका सबसे आम भ्रम क्या है?","planned","not_researched","not_uploaded"
"2223","Batch_075","REL","Relationships, communication, and social connection","L05","Evidence comparison","Q03","हम इसे रोज़मर्रा में कैसे पहचानते हैं?","planned","not_researched","not_uploaded"
"2224","Batch_075","REL","Relationships, communication, and social connection","L05","Evidence comparison","Q04","इसके पीछे प्रस्तावित तंत्र क्या है?","planned","not_researched","not_uploaded"
"2225","Batch_075","REL","Relationships, communication, and social connection","L05","Evidence comparison","Q05","कौन-सा प्रमाण सबसे मजबूत है?","planned","not_researched","not_uploaded"
"2226","Batch_075","REL","Relationships, communication, and social connection","L05","Evidence comparison","Q06","किस बात पर शोध सहमत नहीं है?","planned","not_researched","not_uploaded"
"2227","Batch_075","REL","Relationships, communication, and social connection","L05","Evidence comparison","Q07","कौन-सा छोटा, सुरक्षित अवलोकन किया जा सकता है?","planned","not_researched","not_uploaded"
"2228","Batch_075","REL","Relationships, communication, and social connection","L05","Evidence comparison","Q08","यह आदत क्यों कठिन लगती है?","planned","not_researched","not_uploaded"
"2229","Batch_075","REL","Relationships, communication, and social connection","L05","Evidence comparison","Q09","संदर्भ इसे कैसे बदलता है?","planned","not_researched","not_uploaded"
"2230","Batch_075","REL","Relationships, communication, and social connection","L05","Evidence comparison","Q10","क्या यह कारण है या केवल संबंध?","planned","not_researched","not_uploaded"
"2231","Batch_075","REL","Relationships, communication, and social connection","L05","Evidence comparison","Q11","भाषा इसे कैसे प्रभावित करती है?","planned","not_researched","not_uploaded"
"2232","Batch_075","REL","Relationships, communication, and social connection","L05","Evidence comparison","Q12","समय के साथ यह कैसे बदलता है?","planned","not_researched","not_uploaded"
"2233","Batch_075","REL","Relationships, communication, and social connection","L05","Evidence comparison","Q13","किस समूह पर निष्कर्ष लागू हुआ?","planned","not_researched","not_uploaded"
"2234","Batch_075","REL","Relationships, communication, and social connection","L05","Evidence comparison","Q14","नापने में कठिनाई क्या है?","planned","not_researched","not_uploaded"
"2235","Batch_075","REL","Relationships, communication, and social connection","L05","Evidence comparison","Q15","कौन-सी वैकल्पिक व्याख्या संभव है?","planned","not_researched","not_uploaded"
"2236","Batch_075","REL","Relationships, communication, and social connection","L05","Evidence comparison","Q16","छोटी सफलता क्यों मायने रखती है?","planned","not_researched","not_uploaded"
"2237","Batch_075","REL","Relationships, communication, and social connection","L05","Evidence comparison","Q17","कौन-सी सीमा उपयोगी है?","planned","not_researched","not_uploaded"
"2238","Batch_075","REL","Relationships, communication, and social connection","L05","Evidence comparison","Q18","क्या विशेषज्ञों में मतभेद है?","planned","not_researched","not_uploaded"
"2239","Batch_075","REL","Relationships, communication, and social connection","L05","Evidence comparison","Q19","प्रौद्योगिकी इसे कैसे बदलती है?","planned","not_researched","not_uploaded"
"2240","Batch_075","REL","Relationships, communication, and social connection","L05","Evidence comparison","Q20","नींद, तनाव, या पर्यावरण की भूमिका क्या है?","planned","not_researched","not_uploaded"
"2241","Batch_075","REL","Relationships, communication, and social connection","L05","Evidence comparison","Q21","हम अपने अनुमान कैसे जाँच सकते हैं?","planned","not_researched","not_uploaded"
"2242","Batch_075","REL","Relationships, communication, and social connection","L05","Evidence comparison","Q22","इसे नैतिक रूप से कैसे समझें?","planned","not_researched","not_uploaded"
"2243","Batch_075","REL","Relationships, communication, and social connection","L05","Evidence comparison","Q23","यह पहचान और भूमिका से कैसे जुड़ता है?","planned","not_researched","not_uploaded"
"2244","Batch_075","REL","Relationships, communication, and social connection","L05","Evidence comparison","Q24","कब सहायता लेना ठीक है?","planned","not_researched","not_uploaded"
"2245","Batch_075","REL","Relationships, communication, and social connection","L05","Evidence comparison","Q25","इस परंपरा का दृष्टिकोण क्या है?","planned","not_researched","not_uploaded"
"2246","Batch_075","REL","Relationships, communication, and social connection","L05","Evidence comparison","Q26","विज्ञान इससे क्या अलग कहता है?","planned","not_researched","not_uploaded"
"2247","Batch_075","REL","Relationships, communication, and social connection","L05","Evidence comparison","Q27","क्या छोटा परिवर्तन व्यवहार्य है?","planned","not_researched","not_uploaded"
"2248","Batch_075","REL","Relationships, communication, and social connection","L05","Evidence comparison","Q28","कौन-सा डेटा अभी गायब है?","planned","not_researched","not_uploaded"
"2249","Batch_075","REL","Relationships, communication, and social connection","L05","Evidence comparison","Q29","इससे जिज्ञासा कैसे बढ़ती है?","planned","not_researched","not_uploaded"
"2250","Batch_075","REL","Relationships, communication, and social connection","L05","Evidence comparison","Q30","मुख्य सीख क्या है?","planned","not_researched","not_uploaded"
"2251","Batch_076","REL","Relationships, communication, and social connection","L06","Practical experiment","Q01","यह वास्तव में क्या है?","planned","not_researched","not_uploaded"
"2252","Batch_076","REL","Relationships, communication, and social connection","L06","Practical experiment","Q02","इसका सबसे आम भ्रम क्या है?","planned","not_researched","not_uploaded"
"2253","Batch_076","REL","Relationships, communication, and social connection","L06","Practical experiment","Q03","हम इसे रोज़मर्रा में कैसे पहचानते हैं?","planned","not_researched","not_uploaded"
"2254","Batch_076","REL","Relationships, communication, and social connection","L06","Practical experiment","Q04","इसके पीछे प्रस्तावित तंत्र क्या है?","planned","not_researched","not_uploaded"
"2255","Batch_076","REL","Relationships, communication, and social connection","L06","Practical experiment","Q05","कौन-सा प्रमाण सबसे मजबूत है?","planned","not_researched","not_uploaded"
"2256","Batch_076","REL","Relationships, communication, and social connection","L06","Practical experiment","Q06","किस बात पर शोध सहमत नहीं है?","planned","not_researched","not_uploaded"
"2257","Batch_076","REL","Relationships, communication, and social connection","L06","Practical experiment","Q07","कौन-सा छोटा, सुरक्षित अवलोकन किया जा सकता है?","planned","not_researched","not_uploaded"
"2258","Batch_076","REL","Relationships, communication, and social connection","L06","Practical experiment","Q08","यह आदत क्यों कठिन लगती है?","planned","not_researched","not_uploaded"
"2259","Batch_076","REL","Relationships, communication, and social connection","L06","Practical experiment","Q09","संदर्भ इसे कैसे बदलता है?","planned","not_researched","not_uploaded"
"2260","Batch_076","REL","Relationships, communication, and social connection","L06","Practical experiment","Q10","क्या यह कारण है या केवल संबंध?","planned","not_researched","not_uploaded"
"2261","Batch_076","REL","Relationships, communication, and social connection","L06","Practical experiment","Q11","भाषा इसे कैसे प्रभावित करती है?","planned","not_researched","not_uploaded"
"2262","Batch_076","REL","Relationships, communication, and social connection","L06","Practical experiment","Q12","समय के साथ यह कैसे बदलता है?","planned","not_researched","not_uploaded"
"2263","Batch_076","REL","Relationships, communication, and social connection","L06","Practical experiment","Q13","किस समूह पर निष्कर्ष लागू हुआ?","planned","not_researched","not_uploaded"
"2264","Batch_076","REL","Relationships, communication, and social connection","L06","Practical experiment","Q14","नापने में कठिनाई क्या है?","planned","not_researched","not_uploaded"
"2265","Batch_076","REL","Relationships, communication, and social connection","L06","Practical experiment","Q15","कौन-सी वैकल्पिक व्याख्या संभव है?","planned","not_researched","not_uploaded"
"2266","Batch_076","REL","Relationships, communication, and social connection","L06","Practical experiment","Q16","छोटी सफलता क्यों मायने रखती है?","planned","not_researched","not_uploaded"
"2267","Batch_076","REL","Relationships, communication, and social connection","L06","Practical experiment","Q17","कौन-सी सीमा उपयोगी है?","planned","not_researched","not_uploaded"
"2268","Batch_076","REL","Relationships, communication, and social connection","L06","Practical experiment","Q18","क्या विशेषज्ञों में मतभेद है?","planned","not_researched","not_uploaded"
"2269","Batch_076","REL","Relationships, communication, and social connection","L06","Practical experiment","Q19","प्रौद्योगिकी इसे कैसे बदलती है?","planned","not_researched","not_uploaded"
"2270","Batch_076","REL","Relationships, communication, and social connection","L06","Practical experiment","Q20","नींद, तनाव, या पर्यावरण की भूमिका क्या है?","planned","not_researched","not_uploaded"
"2271","Batch_076","REL","Relationships, communication, and social connection","L06","Practical experiment","Q21","हम अपने अनुमान कैसे जाँच सकते हैं?","planned","not_researched","not_uploaded"
"2272","Batch_076","REL","Relationships, communication, and social connection","L06","Practical experiment","Q22","इसे नैतिक रूप से कैसे समझें?","planned","not_researched","not_uploaded"
"2273","Batch_076","REL","Relationships, communication, and social connection","L06","Practical experiment","Q23","यह पहचान और भूमिका से कैसे जुड़ता है?","planned","not_researched","not_uploaded"
"2274","Batch_076","REL","Relationships, communication, and social connection","L06","Practical experiment","Q24","कब सहायता लेना ठीक है?","planned","not_researched","not_uploaded"
"2275","Batch_076","REL","Relationships, communication, and social connection","L06","Practical experiment","Q25","इस परंपरा का दृष्टिकोण क्या है?","planned","not_researched","not_uploaded"
"2276","Batch_076","REL","Relationships, communication, and social connection","L06","Practical experiment","Q26","विज्ञान इससे क्या अलग कहता है?","planned","not_researched","not_uploaded"
"2277","Batch_076","REL","Relationships, communication, and social connection","L06","Practical experiment","Q27","क्या छोटा परिवर्तन व्यवहार्य है?","planned","not_researched","not_uploaded"
"2278","Batch_076","REL","Relationships, communication, and social connection","L06","Practical experiment","Q28","कौन-सा डेटा अभी गायब है?","planned","not_researched","not_uploaded"
"2279","Batch_076","REL","Relationships, communication, and social connection","L06","Practical experiment","Q29","इससे जिज्ञासा कैसे बढ़ती है?","planned","not_researched","not_uploaded"
"2280","Batch_076","REL","Relationships, communication, and social connection","L06","Practical experiment","Q30","मुख्य सीख क्या है?","planned","not_researched","not_uploaded"
"2281","Batch_077","REL","Relationships, communication, and social connection","L07","Boundary condition","Q01","यह वास्तव में क्या है?","planned","not_researched","not_uploaded"
"2282","Batch_077","REL","Relationships, communication, and social connection","L07","Boundary condition","Q02","इसका सबसे आम भ्रम क्या है?","planned","not_researched","not_uploaded"
"2283","Batch_077","REL","Relationships, communication, and social connection","L07","Boundary condition","Q03","हम इसे रोज़मर्रा में कैसे पहचानते हैं?","planned","not_researched","not_uploaded"
"2284","Batch_077","REL","Relationships, communication, and social connection","L07","Boundary condition","Q04","इसके पीछे प्रस्तावित तंत्र क्या है?","planned","not_researched","not_uploaded"
"2285","Batch_077","REL","Relationships, communication, and social connection","L07","Boundary condition","Q05","कौन-सा प्रमाण सबसे मजबूत है?","planned","not_researched","not_uploaded"
"2286","Batch_077","REL","Relationships, communication, and social connection","L07","Boundary condition","Q06","किस बात पर शोध सहमत नहीं है?","planned","not_researched","not_uploaded"
"2287","Batch_077","REL","Relationships, communication, and social connection","L07","Boundary condition","Q07","कौन-सा छोटा, सुरक्षित अवलोकन किया जा सकता है?","planned","not_researched","not_uploaded"
"2288","Batch_077","REL","Relationships, communication, and social connection","L07","Boundary condition","Q08","यह आदत क्यों कठिन लगती है?","planned","not_researched","not_uploaded"
"2289","Batch_077","REL","Relationships, communication, and social connection","L07","Boundary condition","Q09","संदर्भ इसे कैसे बदलता है?","planned","not_researched","not_uploaded"
"2290","Batch_077","REL","Relationships, communication, and social connection","L07","Boundary condition","Q10","क्या यह कारण है या केवल संबंध?","planned","not_researched","not_uploaded"
"2291","Batch_077","REL","Relationships, communication, and social connection","L07","Boundary condition","Q11","भाषा इसे कैसे प्रभावित करती है?","planned","not_researched","not_uploaded"
"2292","Batch_077","REL","Relationships, communication, and social connection","L07","Boundary condition","Q12","समय के साथ यह कैसे बदलता है?","planned","not_researched","not_uploaded"
"2293","Batch_077","REL","Relationships, communication, and social connection","L07","Boundary condition","Q13","किस समूह पर निष्कर्ष लागू हुआ?","planned","not_researched","not_uploaded"
"2294","Batch_077","REL","Relationships, communication, and social connection","L07","Boundary condition","Q14","नापने में कठिनाई क्या है?","planned","not_researched","not_uploaded"
"2295","Batch_077","REL","Relationships, communication, and social connection","L07","Boundary condition","Q15","कौन-सी वैकल्पिक व्याख्या संभव है?","planned","not_researched","not_uploaded"
"2296","Batch_077","REL","Relationships, communication, and social connection","L07","Boundary condition","Q16","छोटी सफलता क्यों मायने रखती है?","planned","not_researched","not_uploaded"
"2297","Batch_077","REL","Relationships, communication, and social connection","L07","Boundary condition","Q17","कौन-सी सीमा उपयोगी है?","planned","not_researched","not_uploaded"
"2298","Batch_077","REL","Relationships, communication, and social connection","L07","Boundary condition","Q18","क्या विशेषज्ञों में मतभेद है?","planned","not_researched","not_uploaded"
"2299","Batch_077","REL","Relationships, communication, and social connection","L07","Boundary condition","Q19","प्रौद्योगिकी इसे कैसे बदलती है?","planned","not_researched","not_uploaded"
"2300","Batch_077","REL","Relationships, communication, and social connection","L07","Boundary condition","Q20","नींद, तनाव, या पर्यावरण की भूमिका क्या है?","planned","not_researched","not_uploaded"
"2301","Batch_077","REL","Relationships, communication, and social connection","L07","Boundary condition","Q21","हम अपने अनुमान कैसे जाँच सकते हैं?","planned","not_researched","not_uploaded"
"2302","Batch_077","REL","Relationships, communication, and social connection","L07","Boundary condition","Q22","इसे नैतिक रूप से कैसे समझें?","planned","not_researched","not_uploaded"
"2303","Batch_077","REL","Relationships, communication, and social connection","L07","Boundary condition","Q23","यह पहचान और भूमिका से कैसे जुड़ता है?","planned","not_researched","not_uploaded"
"2304","Batch_077","REL","Relationships, communication, and social connection","L07","Boundary condition","Q24","कब सहायता लेना ठीक है?","planned","not_researched","not_uploaded"
"2305","Batch_077","REL","Relationships, communication, and social connection","L07","Boundary condition","Q25","इस परंपरा का दृष्टिकोण क्या है?","planned","not_researched","not_uploaded"
"2306","Batch_077","REL","Relationships, communication, and social connection","L07","Boundary condition","Q26","विज्ञान इससे क्या अलग कहता है?","planned","not_researched","not_uploaded"
"2307","Batch_077","REL","Relationships, communication, and social connection","L07","Boundary condition","Q27","क्या छोटा परिवर्तन व्यवहार्य है?","planned","not_researched","not_uploaded"
"2308","Batch_077","REL","Relationships, communication, and social connection","L07","Boundary condition","Q28","कौन-सा डेटा अभी गायब है?","planned","not_researched","not_uploaded"
"2309","Batch_077","REL","Relationships, communication, and social connection","L07","Boundary condition","Q29","इससे जिज्ञासा कैसे बढ़ती है?","planned","not_researched","not_uploaded"
"2310","Batch_077","REL","Relationships, communication, and social connection","L07","Boundary condition","Q30","मुख्य सीख क्या है?","planned","not_researched","not_uploaded"
"2311","Batch_078","REL","Relationships, communication, and social connection","L08","History of an idea","Q01","यह वास्तव में क्या है?","planned","not_researched","not_uploaded"
"2312","Batch_078","REL","Relationships, communication, and social connection","L08","History of an idea","Q02","इसका सबसे आम भ्रम क्या है?","planned","not_researched","not_uploaded"
"2313","Batch_078","REL","Relationships, communication, and social connection","L08","History of an idea","Q03","हम इसे रोज़मर्रा में कैसे पहचानते हैं?","planned","not_researched","not_uploaded"
"2314","Batch_078","REL","Relationships, communication, and social connection","L08","History of an idea","Q04","इसके पीछे प्रस्तावित तंत्र क्या है?","planned","not_researched","not_uploaded"
"2315","Batch_078","REL","Relationships, communication, and social connection","L08","History of an idea","Q05","कौन-सा प्रमाण सबसे मजबूत है?","planned","not_researched","not_uploaded"
"2316","Batch_078","REL","Relationships, communication, and social connection","L08","History of an idea","Q06","किस बात पर शोध सहमत नहीं है?","planned","not_researched","not_uploaded"
"2317","Batch_078","REL","Relationships, communication, and social connection","L08","History of an idea","Q07","कौन-सा छोटा, सुरक्षित अवलोकन किया जा सकता है?","planned","not_researched","not_uploaded"
"2318","Batch_078","REL","Relationships, communication, and social connection","L08","History of an idea","Q08","यह आदत क्यों कठिन लगती है?","planned","not_researched","not_uploaded"
"2319","Batch_078","REL","Relationships, communication, and social connection","L08","History of an idea","Q09","संदर्भ इसे कैसे बदलता है?","planned","not_researched","not_uploaded"
"2320","Batch_078","REL","Relationships, communication, and social connection","L08","History of an idea","Q10","क्या यह कारण है या केवल संबंध?","planned","not_researched","not_uploaded"
"2321","Batch_078","REL","Relationships, communication, and social connection","L08","History of an idea","Q11","भाषा इसे कैसे प्रभावित करती है?","planned","not_researched","not_uploaded"
"2322","Batch_078","REL","Relationships, communication, and social connection","L08","History of an idea","Q12","समय के साथ यह कैसे बदलता है?","planned","not_researched","not_uploaded"
"2323","Batch_078","REL","Relationships, communication, and social connection","L08","History of an idea","Q13","किस समूह पर निष्कर्ष लागू हुआ?","planned","not_researched","not_uploaded"
"2324","Batch_078","REL","Relationships, communication, and social connection","L08","History of an idea","Q14","नापने में कठिनाई क्या है?","planned","not_researched","not_uploaded"
"2325","Batch_078","REL","Relationships, communication, and social connection","L08","History of an idea","Q15","कौन-सी वैकल्पिक व्याख्या संभव है?","planned","not_researched","not_uploaded"
"2326","Batch_078","REL","Relationships, communication, and social connection","L08","History of an idea","Q16","छोटी सफलता क्यों मायने रखती है?","planned","not_researched","not_uploaded"
"2327","Batch_078","REL","Relationships, communication, and social connection","L08","History of an idea","Q17","कौन-सी सीमा उपयोगी है?","planned","not_researched","not_uploaded"
"2328","Batch_078","REL","Relationships, communication, and social connection","L08","History of an idea","Q18","क्या विशेषज्ञों में मतभेद है?","planned","not_researched","not_uploaded"
"2329","Batch_078","REL","Relationships, communication, and social connection","L08","History of an idea","Q19","प्रौद्योगिकी इसे कैसे बदलती है?","planned","not_researched","not_uploaded"
"2330","Batch_078","REL","Relationships, communication, and social connection","L08","History of an idea","Q20","नींद, तनाव, या पर्यावरण की भूमिका क्या है?","planned","not_researched","not_uploaded"
"2331","Batch_078","REL","Relationships, communication, and social connection","L08","History of an idea","Q21","हम अपने अनुमान कैसे जाँच सकते हैं?","planned","not_researched","not_uploaded"
"2332","Batch_078","REL","Relationships, communication, and social connection","L08","History of an idea","Q22","इसे नैतिक रूप से कैसे समझें?","planned","not_researched","not_uploaded"
"2333","Batch_078","REL","Relationships, communication, and social connection","L08","History of an idea","Q23","यह पहचान और भूमिका से कैसे जुड़ता है?","planned","not_researched","not_uploaded"
"2334","Batch_078","REL","Relationships, communication, and social connection","L08","History of an idea","Q24","कब सहायता लेना ठीक है?","planned","not_researched","not_uploaded"
"2335","Batch_078","REL","Relationships, communication, and social connection","L08","History of an idea","Q25","इस परंपरा का दृष्टिकोण क्या है?","planned","not_researched","not_uploaded"
"2336","Batch_078","REL","Relationships, communication, and social connection","L08","History of an idea","Q26","विज्ञान इससे क्या अलग कहता है?","planned","not_researched","not_uploaded"
"2337","Batch_078","REL","Relationships, communication, and social connection","L08","History of an idea","Q27","क्या छोटा परिवर्तन व्यवहार्य है?","planned","not_researched","not_uploaded"
"2338","Batch_078","REL","Relationships, communication, and social connection","L08","History of an idea","Q28","कौन-सा डेटा अभी गायब है?","planned","not_researched","not_uploaded"
"2339","Batch_078","REL","Relationships, communication, and social connection","L08","History of an idea","Q29","इससे जिज्ञासा कैसे बढ़ती है?","planned","not_researched","not_uploaded"
"2340","Batch_078","REL","Relationships, communication, and social connection","L08","History of an idea","Q30","मुख्य सीख क्या है?","planned","not_researched","not_uploaded"
"2341","Batch_079","REL","Relationships, communication, and social connection","L09","Cross-cultural perspective","Q01","यह वास्तव में क्या है?","planned","not_researched","not_uploaded"
"2342","Batch_079","REL","Relationships, communication, and social connection","L09","Cross-cultural perspective","Q02","इसका सबसे आम भ्रम क्या है?","planned","not_researched","not_uploaded"
"2343","Batch_079","REL","Relationships, communication, and social connection","L09","Cross-cultural perspective","Q03","हम इसे रोज़मर्रा में कैसे पहचानते हैं?","planned","not_researched","not_uploaded"
"2344","Batch_079","REL","Relationships, communication, and social connection","L09","Cross-cultural perspective","Q04","इसके पीछे प्रस्तावित तंत्र क्या है?","planned","not_researched","not_uploaded"
"2345","Batch_079","REL","Relationships, communication, and social connection","L09","Cross-cultural perspective","Q05","कौन-सा प्रमाण सबसे मजबूत है?","planned","not_researched","not_uploaded"
"2346","Batch_079","REL","Relationships, communication, and social connection","L09","Cross-cultural perspective","Q06","किस बात पर शोध सहमत नहीं है?","planned","not_researched","not_uploaded"
"2347","Batch_079","REL","Relationships, communication, and social connection","L09","Cross-cultural perspective","Q07","कौन-सा छोटा, सुरक्षित अवलोकन किया जा सकता है?","planned","not_researched","not_uploaded"
"2348","Batch_079","REL","Relationships, communication, and social connection","L09","Cross-cultural perspective","Q08","यह आदत क्यों कठिन लगती है?","planned","not_researched","not_uploaded"
"2349","Batch_079","REL","Relationships, communication, and social connection","L09","Cross-cultural perspective","Q09","संदर्भ इसे कैसे बदलता है?","planned","not_researched","not_uploaded"
"2350","Batch_079","REL","Relationships, communication, and social connection","L09","Cross-cultural perspective","Q10","क्या यह कारण है या केवल संबंध?","planned","not_researched","not_uploaded"
"2351","Batch_079","REL","Relationships, communication, and social connection","L09","Cross-cultural perspective","Q11","भाषा इसे कैसे प्रभावित करती है?","planned","not_researched","not_uploaded"
"2352","Batch_079","REL","Relationships, communication, and social connection","L09","Cross-cultural perspective","Q12","समय के साथ यह कैसे बदलता है?","planned","not_researched","not_uploaded"
"2353","Batch_079","REL","Relationships, communication, and social connection","L09","Cross-cultural perspective","Q13","किस समूह पर निष्कर्ष लागू हुआ?","planned","not_researched","not_uploaded"
"2354","Batch_079","REL","Relationships, communication, and social connection","L09","Cross-cultural perspective","Q14","नापने में कठिनाई क्या है?","planned","not_researched","not_uploaded"
"2355","Batch_079","REL","Relationships, communication, and social connection","L09","Cross-cultural perspective","Q15","कौन-सी वैकल्पिक व्याख्या संभव है?","planned","not_researched","not_uploaded"
"2356","Batch_079","REL","Relationships, communication, and social connection","L09","Cross-cultural perspective","Q16","छोटी सफलता क्यों मायने रखती है?","planned","not_researched","not_uploaded"
"2357","Batch_079","REL","Relationships, communication, and social connection","L09","Cross-cultural perspective","Q17","कौन-सी सीमा उपयोगी है?","planned","not_researched","not_uploaded"
"2358","Batch_079","REL","Relationships, communication, and social connection","L09","Cross-cultural perspective","Q18","क्या विशेषज्ञों में मतभेद है?","planned","not_researched","not_uploaded"
"2359","Batch_079","REL","Relationships, communication, and social connection","L09","Cross-cultural perspective","Q19","प्रौद्योगिकी इसे कैसे बदलती है?","planned","not_researched","not_uploaded"
"2360","Batch_079","REL","Relationships, communication, and social connection","L09","Cross-cultural perspective","Q20","नींद, तनाव, या पर्यावरण की भूमिका क्या है?","planned","not_researched","not_uploaded"
"2361","Batch_079","REL","Relationships, communication, and social connection","L09","Cross-cultural perspective","Q21","हम अपने अनुमान कैसे जाँच सकते हैं?","planned","not_researched","not_uploaded"
"2362","Batch_079","REL","Relationships, communication, and social connection","L09","Cross-cultural perspective","Q22","इसे नैतिक रूप से कैसे समझें?","planned","not_researched","not_uploaded"
"2363","Batch_079","REL","Relationships, communication, and social connection","L09","Cross-cultural perspective","Q23","यह पहचान और भूमिका से कैसे जुड़ता है?","planned","not_researched","not_uploaded"
"2364","Batch_079","REL","Relationships, communication, and social connection","L09","Cross-cultural perspective","Q24","कब सहायता लेना ठीक है?","planned","not_researched","not_uploaded"
"2365","Batch_079","REL","Relationships, communication, and social connection","L09","Cross-cultural perspective","Q25","इस परंपरा का दृष्टिकोण क्या है?","planned","not_researched","not_uploaded"
"2366","Batch_079","REL","Relationships, communication, and social connection","L09","Cross-cultural perspective","Q26","विज्ञान इससे क्या अलग कहता है?","planned","not_researched","not_uploaded"
"2367","Batch_079","REL","Relationships, communication, and social connection","L09","Cross-cultural perspective","Q27","क्या छोटा परिवर्तन व्यवहार्य है?","planned","not_researched","not_uploaded"
"2368","Batch_079","REL","Relationships, communication, and social connection","L09","Cross-cultural perspective","Q28","कौन-सा डेटा अभी गायब है?","planned","not_researched","not_uploaded"
"2369","Batch_079","REL","Relationships, communication, and social connection","L09","Cross-cultural perspective","Q29","इससे जिज्ञासा कैसे बढ़ती है?","planned","not_researched","not_uploaded"
"2370","Batch_079","REL","Relationships, communication, and social connection","L09","Cross-cultural perspective","Q30","मुख्य सीख क्या है?","planned","not_researched","not_uploaded"
"2371","Batch_080","REL","Relationships, communication, and social connection","L10","Ethical implication","Q01","यह वास्तव में क्या है?","planned","not_researched","not_uploaded"
"2372","Batch_080","REL","Relationships, communication, and social connection","L10","Ethical implication","Q02","इसका सबसे आम भ्रम क्या है?","planned","not_researched","not_uploaded"
"2373","Batch_080","REL","Relationships, communication, and social connection","L10","Ethical implication","Q03","हम इसे रोज़मर्रा में कैसे पहचानते हैं?","planned","not_researched","not_uploaded"
"2374","Batch_080","REL","Relationships, communication, and social connection","L10","Ethical implication","Q04","इसके पीछे प्रस्तावित तंत्र क्या है?","planned","not_researched","not_uploaded"
"2375","Batch_080","REL","Relationships, communication, and social connection","L10","Ethical implication","Q05","कौन-सा प्रमाण सबसे मजबूत है?","planned","not_researched","not_uploaded"
"2376","Batch_080","REL","Relationships, communication, and social connection","L10","Ethical implication","Q06","किस बात पर शोध सहमत नहीं है?","planned","not_researched","not_uploaded"
"2377","Batch_080","REL","Relationships, communication, and social connection","L10","Ethical implication","Q07","कौन-सा छोटा, सुरक्षित अवलोकन किया जा सकता है?","planned","not_researched","not_uploaded"
"2378","Batch_080","REL","Relationships, communication, and social connection","L10","Ethical implication","Q08","यह आदत क्यों कठिन लगती है?","planned","not_researched","not_uploaded"
"2379","Batch_080","REL","Relationships, communication, and social connection","L10","Ethical implication","Q09","संदर्भ इसे कैसे बदलता है?","planned","not_researched","not_uploaded"
"2380","Batch_080","REL","Relationships, communication, and social connection","L10","Ethical implication","Q10","क्या यह कारण है या केवल संबंध?","planned","not_researched","not_uploaded"
"2381","Batch_080","REL","Relationships, communication, and social connection","L10","Ethical implication","Q11","भाषा इसे कैसे प्रभावित करती है?","planned","not_researched","not_uploaded"
"2382","Batch_080","REL","Relationships, communication, and social connection","L10","Ethical implication","Q12","समय के साथ यह कैसे बदलता है?","planned","not_researched","not_uploaded"
"2383","Batch_080","REL","Relationships, communication, and social connection","L10","Ethical implication","Q13","किस समूह पर निष्कर्ष लागू हुआ?","planned","not_researched","not_uploaded"
"2384","Batch_080","REL","Relationships, communication, and social connection","L10","Ethical implication","Q14","नापने में कठिनाई क्या है?","planned","not_researched","not_uploaded"
"2385","Batch_080","REL","Relationships, communication, and social connection","L10","Ethical implication","Q15","कौन-सी वैकल्पिक व्याख्या संभव है?","planned","not_researched","not_uploaded"
"2386","Batch_080","REL","Relationships, communication, and social connection","L10","Ethical implication","Q16","छोटी सफलता क्यों मायने रखती है?","planned","not_researched","not_uploaded"
"2387","Batch_080","REL","Relationships, communication, and social connection","L10","Ethical implication","Q17","कौन-सी सीमा उपयोगी है?","planned","not_researched","not_uploaded"
"2388","Batch_080","REL","Relationships, communication, and social connection","L10","Ethical implication","Q18","क्या विशेषज्ञों में मतभेद है?","planned","not_researched","not_uploaded"
"2389","Batch_080","REL","Relationships, communication, and social connection","L10","Ethical implication","Q19","प्रौद्योगिकी इसे कैसे बदलती है?","planned","not_researched","not_uploaded"
"2390","Batch_080","REL","Relationships, communication, and social connection","L10","Ethical implication","Q20","नींद, तनाव, या पर्यावरण की भूमिका क्या है?","planned","not_researched","not_uploaded"
"2391","Batch_080","REL","Relationships, communication, and social connection","L10","Ethical implication","Q21","हम अपने अनुमान कैसे जाँच सकते हैं?","planned","not_researched","not_uploaded"
"2392","Batch_080","REL","Relationships, communication, and social connection","L10","Ethical implication","Q22","इसे नैतिक रूप से कैसे समझें?","planned","not_researched","not_uploaded"
"2393","Batch_080","REL","Relationships, communication, and social connection","L10","Ethical implication","Q23","यह पहचान और भूमिका से कैसे जुड़ता है?","planned","not_researched","not_uploaded"
"2394","Batch_080","REL","Relationships, communication, and social connection","L10","Ethical implication","Q24","कब सहायता लेना ठीक है?","planned","not_researched","not_uploaded"
"2395","Batch_080","REL","Relationships, communication, and social connection","L10","Ethical implication","Q25","इस परंपरा का दृष्टिकोण क्या है?","planned","not_researched","not_uploaded"
"2396","Batch_080","REL","Relationships, communication, and social connection","L10","Ethical implication","Q26","विज्ञान इससे क्या अलग कहता है?","planned","not_researched","not_uploaded"
"2397","Batch_080","REL","Relationships, communication, and social connection","L10","Ethical implication","Q27","क्या छोटा परिवर्तन व्यवहार्य है?","planned","not_researched","not_uploaded"
"2398","Batch_080","REL","Relationships, communication, and social connection","L10","Ethical implication","Q28","कौन-सा डेटा अभी गायब है?","planned","not_researched","not_uploaded"
"2399","Batch_080","REL","Relationships, communication, and social connection","L10","Ethical implication","Q29","इससे जिज्ञासा कैसे बढ़ती है?","planned","not_researched","not_uploaded"
"2400","Batch_080","REL","Relationships, communication, and social connection","L10","Ethical implication","Q30","मुख्य सीख क्या है?","planned","not_researched","not_uploaded"
"2401","Batch_081","MED","Meditation, self-awareness, and contemplative practice","L01","Core definition","Q01","यह वास्तव में क्या है?","planned","not_researched","not_uploaded"
"2402","Batch_081","MED","Meditation, self-awareness, and contemplative practice","L01","Core definition","Q02","इसका सबसे आम भ्रम क्या है?","planned","not_researched","not_uploaded"
"2403","Batch_081","MED","Meditation, self-awareness, and contemplative practice","L01","Core definition","Q03","हम इसे रोज़मर्रा में कैसे पहचानते हैं?","planned","not_researched","not_uploaded"
"2404","Batch_081","MED","Meditation, self-awareness, and contemplative practice","L01","Core definition","Q04","इसके पीछे प्रस्तावित तंत्र क्या है?","planned","not_researched","not_uploaded"
"2405","Batch_081","MED","Meditation, self-awareness, and contemplative practice","L01","Core definition","Q05","कौन-सा प्रमाण सबसे मजबूत है?","planned","not_researched","not_uploaded"
"2406","Batch_081","MED","Meditation, self-awareness, and contemplative practice","L01","Core definition","Q06","किस बात पर शोध सहमत नहीं है?","planned","not_researched","not_uploaded"
"2407","Batch_081","MED","Meditation, self-awareness, and contemplative practice","L01","Core definition","Q07","कौन-सा छोटा, सुरक्षित अवलोकन किया जा सकता है?","planned","not_researched","not_uploaded"
"2408","Batch_081","MED","Meditation, self-awareness, and contemplative practice","L01","Core definition","Q08","यह आदत क्यों कठिन लगती है?","planned","not_researched","not_uploaded"
"2409","Batch_081","MED","Meditation, self-awareness, and contemplative practice","L01","Core definition","Q09","संदर्भ इसे कैसे बदलता है?","planned","not_researched","not_uploaded"
"2410","Batch_081","MED","Meditation, self-awareness, and contemplative practice","L01","Core definition","Q10","क्या यह कारण है या केवल संबंध?","planned","not_researched","not_uploaded"
"2411","Batch_081","MED","Meditation, self-awareness, and contemplative practice","L01","Core definition","Q11","भाषा इसे कैसे प्रभावित करती है?","planned","not_researched","not_uploaded"
"2412","Batch_081","MED","Meditation, self-awareness, and contemplative practice","L01","Core definition","Q12","समय के साथ यह कैसे बदलता है?","planned","not_researched","not_uploaded"
"2413","Batch_081","MED","Meditation, self-awareness, and contemplative practice","L01","Core definition","Q13","किस समूह पर निष्कर्ष लागू हुआ?","planned","not_researched","not_uploaded"
"2414","Batch_081","MED","Meditation, self-awareness, and contemplative practice","L01","Core definition","Q14","नापने में कठिनाई क्या है?","planned","not_researched","not_uploaded"
"2415","Batch_081","MED","Meditation, self-awareness, and contemplative practice","L01","Core definition","Q15","कौन-सी वैकल्पिक व्याख्या संभव है?","planned","not_researched","not_uploaded"
"2416","Batch_081","MED","Meditation, self-awareness, and contemplative practice","L01","Core definition","Q16","छोटी सफलता क्यों मायने रखती है?","planned","not_researched","not_uploaded"
"2417","Batch_081","MED","Meditation, self-awareness, and contemplative practice","L01","Core definition","Q17","कौन-सी सीमा उपयोगी है?","planned","not_researched","not_uploaded"
"2418","Batch_081","MED","Meditation, self-awareness, and contemplative practice","L01","Core definition","Q18","क्या विशेषज्ञों में मतभेद है?","planned","not_researched","not_uploaded"
"2419","Batch_081","MED","Meditation, self-awareness, and contemplative practice","L01","Core definition","Q19","प्रौद्योगिकी इसे कैसे बदलती है?","planned","not_researched","not_uploaded"
"2420","Batch_081","MED","Meditation, self-awareness, and contemplative practice","L01","Core definition","Q20","नींद, तनाव, या पर्यावरण की भूमिका क्या है?","planned","not_researched","not_uploaded"
"2421","Batch_081","MED","Meditation, self-awareness, and contemplative practice","L01","Core definition","Q21","हम अपने अनुमान कैसे जाँच सकते हैं?","planned","not_researched","not_uploaded"
"2422","Batch_081","MED","Meditation, self-awareness, and contemplative practice","L01","Core definition","Q22","इसे नैतिक रूप से कैसे समझें?","planned","not_researched","not_uploaded"
"2423","Batch_081","MED","Meditation, self-awareness, and contemplative practice","L01","Core definition","Q23","यह पहचान और भूमिका से कैसे जुड़ता है?","planned","not_researched","not_uploaded"
"2424","Batch_081","MED","Meditation, self-awareness, and contemplative practice","L01","Core definition","Q24","कब सहायता लेना ठीक है?","planned","not_researched","not_uploaded"
"2425","Batch_081","MED","Meditation, self-awareness, and contemplative practice","L01","Core definition","Q25","इस परंपरा का दृष्टिकोण क्या है?","planned","not_researched","not_uploaded"
"2426","Batch_081","MED","Meditation, self-awareness, and contemplative practice","L01","Core definition","Q26","विज्ञान इससे क्या अलग कहता है?","planned","not_researched","not_uploaded"
"2427","Batch_081","MED","Meditation, self-awareness, and contemplative practice","L01","Core definition","Q27","क्या छोटा परिवर्तन व्यवहार्य है?","planned","not_researched","not_uploaded"
"2428","Batch_081","MED","Meditation, self-awareness, and contemplative practice","L01","Core definition","Q28","कौन-सा डेटा अभी गायब है?","planned","not_researched","not_uploaded"
"2429","Batch_081","MED","Meditation, self-awareness, and contemplative practice","L01","Core definition","Q29","इससे जिज्ञासा कैसे बढ़ती है?","planned","not_researched","not_uploaded"
"2430","Batch_081","MED","Meditation, self-awareness, and contemplative practice","L01","Core definition","Q30","मुख्य सीख क्या है?","planned","not_researched","not_uploaded"
"2431","Batch_082","MED","Meditation, self-awareness, and contemplative practice","L02","Common misconception","Q01","यह वास्तव में क्या है?","planned","not_researched","not_uploaded"
"2432","Batch_082","MED","Meditation, self-awareness, and contemplative practice","L02","Common misconception","Q02","इसका सबसे आम भ्रम क्या है?","planned","not_researched","not_uploaded"
"2433","Batch_082","MED","Meditation, self-awareness, and contemplative practice","L02","Common misconception","Q03","हम इसे रोज़मर्रा में कैसे पहचानते हैं?","planned","not_researched","not_uploaded"
"2434","Batch_082","MED","Meditation, self-awareness, and contemplative practice","L02","Common misconception","Q04","इसके पीछे प्रस्तावित तंत्र क्या है?","planned","not_researched","not_uploaded"
"2435","Batch_082","MED","Meditation, self-awareness, and contemplative practice","L02","Common misconception","Q05","कौन-सा प्रमाण सबसे मजबूत है?","planned","not_researched","not_uploaded"
"2436","Batch_082","MED","Meditation, self-awareness, and contemplative practice","L02","Common misconception","Q06","किस बात पर शोध सहमत नहीं है?","planned","not_researched","not_uploaded"
"2437","Batch_082","MED","Meditation, self-awareness, and contemplative practice","L02","Common misconception","Q07","कौन-सा छोटा, सुरक्षित अवलोकन किया जा सकता है?","planned","not_researched","not_uploaded"
"2438","Batch_082","MED","Meditation, self-awareness, and contemplative practice","L02","Common misconception","Q08","यह आदत क्यों कठिन लगती है?","planned","not_researched","not_uploaded"
"2439","Batch_082","MED","Meditation, self-awareness, and contemplative practice","L02","Common misconception","Q09","संदर्भ इसे कैसे बदलता है?","planned","not_researched","not_uploaded"
"2440","Batch_082","MED","Meditation, self-awareness, and contemplative practice","L02","Common misconception","Q10","क्या यह कारण है या केवल संबंध?","planned","not_researched","not_uploaded"
"2441","Batch_082","MED","Meditation, self-awareness, and contemplative practice","L02","Common misconception","Q11","भाषा इसे कैसे प्रभावित करती है?","planned","not_researched","not_uploaded"
"2442","Batch_082","MED","Meditation, self-awareness, and contemplative practice","L02","Common misconception","Q12","समय के साथ यह कैसे बदलता है?","planned","not_researched","not_uploaded"
"2443","Batch_082","MED","Meditation, self-awareness, and contemplative practice","L02","Common misconception","Q13","किस समूह पर निष्कर्ष लागू हुआ?","planned","not_researched","not_uploaded"
"2444","Batch_082","MED","Meditation, self-awareness, and contemplative practice","L02","Common misconception","Q14","नापने में कठिनाई क्या है?","planned","not_researched","not_uploaded"
"2445","Batch_082","MED","Meditation, self-awareness, and contemplative practice","L02","Common misconception","Q15","कौन-सी वैकल्पिक व्याख्या संभव है?","planned","not_researched","not_uploaded"
"2446","Batch_082","MED","Meditation, self-awareness, and contemplative practice","L02","Common misconception","Q16","छोटी सफलता क्यों मायने रखती है?","planned","not_researched","not_uploaded"
"2447","Batch_082","MED","Meditation, self-awareness, and contemplative practice","L02","Common misconception","Q17","कौन-सी सीमा उपयोगी है?","planned","not_researched","not_uploaded"
"2448","Batch_082","MED","Meditation, self-awareness, and contemplative practice","L02","Common misconception","Q18","क्या विशेषज्ञों में मतभेद है?","planned","not_researched","not_uploaded"
"2449","Batch_082","MED","Meditation, self-awareness, and contemplative practice","L02","Common misconception","Q19","प्रौद्योगिकी इसे कैसे बदलती है?","planned","not_researched","not_uploaded"
"2450","Batch_082","MED","Meditation, self-awareness, and contemplative practice","L02","Common misconception","Q20","नींद, तनाव, या पर्यावरण की भूमिका क्या है?","planned","not_researched","not_uploaded"
"2451","Batch_082","MED","Meditation, self-awareness, and contemplative practice","L02","Common misconception","Q21","हम अपने अनुमान कैसे जाँच सकते हैं?","planned","not_researched","not_uploaded"
"2452","Batch_082","MED","Meditation, self-awareness, and contemplative practice","L02","Common misconception","Q22","इसे नैतिक रूप से कैसे समझें?","planned","not_researched","not_uploaded"
"2453","Batch_082","MED","Meditation, self-awareness, and contemplative practice","L02","Common misconception","Q23","यह पहचान और भूमिका से कैसे जुड़ता है?","planned","not_researched","not_uploaded"
"2454","Batch_082","MED","Meditation, self-awareness, and contemplative practice","L02","Common misconception","Q24","कब सहायता लेना ठीक है?","planned","not_researched","not_uploaded"
"2455","Batch_082","MED","Meditation, self-awareness, and contemplative practice","L02","Common misconception","Q25","इस परंपरा का दृष्टिकोण क्या है?","planned","not_researched","not_uploaded"
"2456","Batch_082","MED","Meditation, self-awareness, and contemplative practice","L02","Common misconception","Q26","विज्ञान इससे क्या अलग कहता है?","planned","not_researched","not_uploaded"
"2457","Batch_082","MED","Meditation, self-awareness, and contemplative practice","L02","Common misconception","Q27","क्या छोटा परिवर्तन व्यवहार्य है?","planned","not_researched","not_uploaded"
"2458","Batch_082","MED","Meditation, self-awareness, and contemplative practice","L02","Common misconception","Q28","कौन-सा डेटा अभी गायब है?","planned","not_researched","not_uploaded"
"2459","Batch_082","MED","Meditation, self-awareness, and contemplative practice","L02","Common misconception","Q29","इससे जिज्ञासा कैसे बढ़ती है?","planned","not_researched","not_uploaded"
"2460","Batch_082","MED","Meditation, self-awareness, and contemplative practice","L02","Common misconception","Q30","मुख्य सीख क्या है?","planned","not_researched","not_uploaded"
"2461","Batch_083","MED","Meditation, self-awareness, and contemplative practice","L03","Everyday observation","Q01","यह वास्तव में क्या है?","planned","not_researched","not_uploaded"
"2462","Batch_083","MED","Meditation, self-awareness, and contemplative practice","L03","Everyday observation","Q02","इसका सबसे आम भ्रम क्या है?","planned","not_researched","not_uploaded"
"2463","Batch_083","MED","Meditation, self-awareness, and contemplative practice","L03","Everyday observation","Q03","हम इसे रोज़मर्रा में कैसे पहचानते हैं?","planned","not_researched","not_uploaded"
"2464","Batch_083","MED","Meditation, self-awareness, and contemplative practice","L03","Everyday observation","Q04","इसके पीछे प्रस्तावित तंत्र क्या है?","planned","not_researched","not_uploaded"
"2465","Batch_083","MED","Meditation, self-awareness, and contemplative practice","L03","Everyday observation","Q05","कौन-सा प्रमाण सबसे मजबूत है?","planned","not_researched","not_uploaded"
"2466","Batch_083","MED","Meditation, self-awareness, and contemplative practice","L03","Everyday observation","Q06","किस बात पर शोध सहमत नहीं है?","planned","not_researched","not_uploaded"
"2467","Batch_083","MED","Meditation, self-awareness, and contemplative practice","L03","Everyday observation","Q07","कौन-सा छोटा, सुरक्षित अवलोकन किया जा सकता है?","planned","not_researched","not_uploaded"
"2468","Batch_083","MED","Meditation, self-awareness, and contemplative practice","L03","Everyday observation","Q08","यह आदत क्यों कठिन लगती है?","planned","not_researched","not_uploaded"
"2469","Batch_083","MED","Meditation, self-awareness, and contemplative practice","L03","Everyday observation","Q09","संदर्भ इसे कैसे बदलता है?","planned","not_researched","not_uploaded"
"2470","Batch_083","MED","Meditation, self-awareness, and contemplative practice","L03","Everyday observation","Q10","क्या यह कारण है या केवल संबंध?","planned","not_researched","not_uploaded"
"2471","Batch_083","MED","Meditation, self-awareness, and contemplative practice","L03","Everyday observation","Q11","भाषा इसे कैसे प्रभावित करती है?","planned","not_researched","not_uploaded"
"2472","Batch_083","MED","Meditation, self-awareness, and contemplative practice","L03","Everyday observation","Q12","समय के साथ यह कैसे बदलता है?","planned","not_researched","not_uploaded"
"2473","Batch_083","MED","Meditation, self-awareness, and contemplative practice","L03","Everyday observation","Q13","किस समूह पर निष्कर्ष लागू हुआ?","planned","not_researched","not_uploaded"
"2474","Batch_083","MED","Meditation, self-awareness, and contemplative practice","L03","Everyday observation","Q14","नापने में कठिनाई क्या है?","planned","not_researched","not_uploaded"
"2475","Batch_083","MED","Meditation, self-awareness, and contemplative practice","L03","Everyday observation","Q15","कौन-सी वैकल्पिक व्याख्या संभव है?","planned","not_researched","not_uploaded"
"2476","Batch_083","MED","Meditation, self-awareness, and contemplative practice","L03","Everyday observation","Q16","छोटी सफलता क्यों मायने रखती है?","planned","not_researched","not_uploaded"
"2477","Batch_083","MED","Meditation, self-awareness, and contemplative practice","L03","Everyday observation","Q17","कौन-सी सीमा उपयोगी है?","planned","not_researched","not_uploaded"
"2478","Batch_083","MED","Meditation, self-awareness, and contemplative practice","L03","Everyday observation","Q18","क्या विशेषज्ञों में मतभेद है?","planned","not_researched","not_uploaded"
"2479","Batch_083","MED","Meditation, self-awareness, and contemplative practice","L03","Everyday observation","Q19","प्रौद्योगिकी इसे कैसे बदलती है?","planned","not_researched","not_uploaded"
"2480","Batch_083","MED","Meditation, self-awareness, and contemplative practice","L03","Everyday observation","Q20","नींद, तनाव, या पर्यावरण की भूमिका क्या है?","planned","not_researched","not_uploaded"
"2481","Batch_083","MED","Meditation, self-awareness, and contemplative practice","L03","Everyday observation","Q21","हम अपने अनुमान कैसे जाँच सकते हैं?","planned","not_researched","not_uploaded"
"2482","Batch_083","MED","Meditation, self-awareness, and contemplative practice","L03","Everyday observation","Q22","इसे नैतिक रूप से कैसे समझें?","planned","not_researched","not_uploaded"
"2483","Batch_083","MED","Meditation, self-awareness, and contemplative practice","L03","Everyday observation","Q23","यह पहचान और भूमिका से कैसे जुड़ता है?","planned","not_researched","not_uploaded"
"2484","Batch_083","MED","Meditation, self-awareness, and contemplative practice","L03","Everyday observation","Q24","कब सहायता लेना ठीक है?","planned","not_researched","not_uploaded"
"2485","Batch_083","MED","Meditation, self-awareness, and contemplative practice","L03","Everyday observation","Q25","इस परंपरा का दृष्टिकोण क्या है?","planned","not_researched","not_uploaded"
"2486","Batch_083","MED","Meditation, self-awareness, and contemplative practice","L03","Everyday observation","Q26","विज्ञान इससे क्या अलग कहता है?","planned","not_researched","not_uploaded"
"2487","Batch_083","MED","Meditation, self-awareness, and contemplative practice","L03","Everyday observation","Q27","क्या छोटा परिवर्तन व्यवहार्य है?","planned","not_researched","not_uploaded"
"2488","Batch_083","MED","Meditation, self-awareness, and contemplative practice","L03","Everyday observation","Q28","कौन-सा डेटा अभी गायब है?","planned","not_researched","not_uploaded"
"2489","Batch_083","MED","Meditation, self-awareness, and contemplative practice","L03","Everyday observation","Q29","इससे जिज्ञासा कैसे बढ़ती है?","planned","not_researched","not_uploaded"
"2490","Batch_083","MED","Meditation, self-awareness, and contemplative practice","L03","Everyday observation","Q30","मुख्य सीख क्या है?","planned","not_researched","not_uploaded"
"2491","Batch_084","MED","Meditation, self-awareness, and contemplative practice","L04","Mechanism","Q01","यह वास्तव में क्या है?","planned","not_researched","not_uploaded"
"2492","Batch_084","MED","Meditation, self-awareness, and contemplative practice","L04","Mechanism","Q02","इसका सबसे आम भ्रम क्या है?","planned","not_researched","not_uploaded"
"2493","Batch_084","MED","Meditation, self-awareness, and contemplative practice","L04","Mechanism","Q03","हम इसे रोज़मर्रा में कैसे पहचानते हैं?","planned","not_researched","not_uploaded"
"2494","Batch_084","MED","Meditation, self-awareness, and contemplative practice","L04","Mechanism","Q04","इसके पीछे प्रस्तावित तंत्र क्या है?","planned","not_researched","not_uploaded"
"2495","Batch_084","MED","Meditation, self-awareness, and contemplative practice","L04","Mechanism","Q05","कौन-सा प्रमाण सबसे मजबूत है?","planned","not_researched","not_uploaded"
"2496","Batch_084","MED","Meditation, self-awareness, and contemplative practice","L04","Mechanism","Q06","किस बात पर शोध सहमत नहीं है?","planned","not_researched","not_uploaded"
"2497","Batch_084","MED","Meditation, self-awareness, and contemplative practice","L04","Mechanism","Q07","कौन-सा छोटा, सुरक्षित अवलोकन किया जा सकता है?","planned","not_researched","not_uploaded"
"2498","Batch_084","MED","Meditation, self-awareness, and contemplative practice","L04","Mechanism","Q08","यह आदत क्यों कठिन लगती है?","planned","not_researched","not_uploaded"
"2499","Batch_084","MED","Meditation, self-awareness, and contemplative practice","L04","Mechanism","Q09","संदर्भ इसे कैसे बदलता है?","planned","not_researched","not_uploaded"
"2500","Batch_084","MED","Meditation, self-awareness, and contemplative practice","L04","Mechanism","Q10","क्या यह कारण है या केवल संबंध?","planned","not_researched","not_uploaded"
"2501","Batch_084","MED","Meditation, self-awareness, and contemplative practice","L04","Mechanism","Q11","भाषा इसे कैसे प्रभावित करती है?","planned","not_researched","not_uploaded"
"2502","Batch_084","MED","Meditation, self-awareness, and contemplative practice","L04","Mechanism","Q12","समय के साथ यह कैसे बदलता है?","planned","not_researched","not_uploaded"
"2503","Batch_084","MED","Meditation, self-awareness, and contemplative practice","L04","Mechanism","Q13","किस समूह पर निष्कर्ष लागू हुआ?","planned","not_researched","not_uploaded"
"2504","Batch_084","MED","Meditation, self-awareness, and contemplative practice","L04","Mechanism","Q14","नापने में कठिनाई क्या है?","planned","not_researched","not_uploaded"
"2505","Batch_084","MED","Meditation, self-awareness, and contemplative practice","L04","Mechanism","Q15","कौन-सी वैकल्पिक व्याख्या संभव है?","planned","not_researched","not_uploaded"
"2506","Batch_084","MED","Meditation, self-awareness, and contemplative practice","L04","Mechanism","Q16","छोटी सफलता क्यों मायने रखती है?","planned","not_researched","not_uploaded"
"2507","Batch_084","MED","Meditation, self-awareness, and contemplative practice","L04","Mechanism","Q17","कौन-सी सीमा उपयोगी है?","planned","not_researched","not_uploaded"
"2508","Batch_084","MED","Meditation, self-awareness, and contemplative practice","L04","Mechanism","Q18","क्या विशेषज्ञों में मतभेद है?","planned","not_researched","not_uploaded"
"2509","Batch_084","MED","Meditation, self-awareness, and contemplative practice","L04","Mechanism","Q19","प्रौद्योगिकी इसे कैसे बदलती है?","planned","not_researched","not_uploaded"
"2510","Batch_084","MED","Meditation, self-awareness, and contemplative practice","L04","Mechanism","Q20","नींद, तनाव, या पर्यावरण की भूमिका क्या है?","planned","not_researched","not_uploaded"
"2511","Batch_084","MED","Meditation, self-awareness, and contemplative practice","L04","Mechanism","Q21","हम अपने अनुमान कैसे जाँच सकते हैं?","planned","not_researched","not_uploaded"
"2512","Batch_084","MED","Meditation, self-awareness, and contemplative practice","L04","Mechanism","Q22","इसे नैतिक रूप से कैसे समझें?","planned","not_researched","not_uploaded"
"2513","Batch_084","MED","Meditation, self-awareness, and contemplative practice","L04","Mechanism","Q23","यह पहचान और भूमिका से कैसे जुड़ता है?","planned","not_researched","not_uploaded"
"2514","Batch_084","MED","Meditation, self-awareness, and contemplative practice","L04","Mechanism","Q24","कब सहायता लेना ठीक है?","planned","not_researched","not_uploaded"
"2515","Batch_084","MED","Meditation, self-awareness, and contemplative practice","L04","Mechanism","Q25","इस परंपरा का दृष्टिकोण क्या है?","planned","not_researched","not_uploaded"
"2516","Batch_084","MED","Meditation, self-awareness, and contemplative practice","L04","Mechanism","Q26","विज्ञान इससे क्या अलग कहता है?","planned","not_researched","not_uploaded"
"2517","Batch_084","MED","Meditation, self-awareness, and contemplative practice","L04","Mechanism","Q27","क्या छोटा परिवर्तन व्यवहार्य है?","planned","not_researched","not_uploaded"
"2518","Batch_084","MED","Meditation, self-awareness, and contemplative practice","L04","Mechanism","Q28","कौन-सा डेटा अभी गायब है?","planned","not_researched","not_uploaded"
"2519","Batch_084","MED","Meditation, self-awareness, and contemplative practice","L04","Mechanism","Q29","इससे जिज्ञासा कैसे बढ़ती है?","planned","not_researched","not_uploaded"
"2520","Batch_084","MED","Meditation, self-awareness, and contemplative practice","L04","Mechanism","Q30","मुख्य सीख क्या है?","planned","not_researched","not_uploaded"
"2521","Batch_085","MED","Meditation, self-awareness, and contemplative practice","L05","Evidence comparison","Q01","यह वास्तव में क्या है?","planned","not_researched","not_uploaded"
"2522","Batch_085","MED","Meditation, self-awareness, and contemplative practice","L05","Evidence comparison","Q02","इसका सबसे आम भ्रम क्या है?","planned","not_researched","not_uploaded"
"2523","Batch_085","MED","Meditation, self-awareness, and contemplative practice","L05","Evidence comparison","Q03","हम इसे रोज़मर्रा में कैसे पहचानते हैं?","planned","not_researched","not_uploaded"
"2524","Batch_085","MED","Meditation, self-awareness, and contemplative practice","L05","Evidence comparison","Q04","इसके पीछे प्रस्तावित तंत्र क्या है?","planned","not_researched","not_uploaded"
"2525","Batch_085","MED","Meditation, self-awareness, and contemplative practice","L05","Evidence comparison","Q05","कौन-सा प्रमाण सबसे मजबूत है?","planned","not_researched","not_uploaded"
"2526","Batch_085","MED","Meditation, self-awareness, and contemplative practice","L05","Evidence comparison","Q06","किस बात पर शोध सहमत नहीं है?","planned","not_researched","not_uploaded"
"2527","Batch_085","MED","Meditation, self-awareness, and contemplative practice","L05","Evidence comparison","Q07","कौन-सा छोटा, सुरक्षित अवलोकन किया जा सकता है?","planned","not_researched","not_uploaded"
"2528","Batch_085","MED","Meditation, self-awareness, and contemplative practice","L05","Evidence comparison","Q08","यह आदत क्यों कठिन लगती है?","planned","not_researched","not_uploaded"
"2529","Batch_085","MED","Meditation, self-awareness, and contemplative practice","L05","Evidence comparison","Q09","संदर्भ इसे कैसे बदलता है?","planned","not_researched","not_uploaded"
"2530","Batch_085","MED","Meditation, self-awareness, and contemplative practice","L05","Evidence comparison","Q10","क्या यह कारण है या केवल संबंध?","planned","not_researched","not_uploaded"
"2531","Batch_085","MED","Meditation, self-awareness, and contemplative practice","L05","Evidence comparison","Q11","भाषा इसे कैसे प्रभावित करती है?","planned","not_researched","not_uploaded"
"2532","Batch_085","MED","Meditation, self-awareness, and contemplative practice","L05","Evidence comparison","Q12","समय के साथ यह कैसे बदलता है?","planned","not_researched","not_uploaded"
"2533","Batch_085","MED","Meditation, self-awareness, and contemplative practice","L05","Evidence comparison","Q13","किस समूह पर निष्कर्ष लागू हुआ?","planned","not_researched","not_uploaded"
"2534","Batch_085","MED","Meditation, self-awareness, and contemplative practice","L05","Evidence comparison","Q14","नापने में कठिनाई क्या है?","planned","not_researched","not_uploaded"
"2535","Batch_085","MED","Meditation, self-awareness, and contemplative practice","L05","Evidence comparison","Q15","कौन-सी वैकल्पिक व्याख्या संभव है?","planned","not_researched","not_uploaded"
"2536","Batch_085","MED","Meditation, self-awareness, and contemplative practice","L05","Evidence comparison","Q16","छोटी सफलता क्यों मायने रखती है?","planned","not_researched","not_uploaded"
"2537","Batch_085","MED","Meditation, self-awareness, and contemplative practice","L05","Evidence comparison","Q17","कौन-सी सीमा उपयोगी है?","planned","not_researched","not_uploaded"
"2538","Batch_085","MED","Meditation, self-awareness, and contemplative practice","L05","Evidence comparison","Q18","क्या विशेषज्ञों में मतभेद है?","planned","not_researched","not_uploaded"
"2539","Batch_085","MED","Meditation, self-awareness, and contemplative practice","L05","Evidence comparison","Q19","प्रौद्योगिकी इसे कैसे बदलती है?","planned","not_researched","not_uploaded"
"2540","Batch_085","MED","Meditation, self-awareness, and contemplative practice","L05","Evidence comparison","Q20","नींद, तनाव, या पर्यावरण की भूमिका क्या है?","planned","not_researched","not_uploaded"
"2541","Batch_085","MED","Meditation, self-awareness, and contemplative practice","L05","Evidence comparison","Q21","हम अपने अनुमान कैसे जाँच सकते हैं?","planned","not_researched","not_uploaded"
"2542","Batch_085","MED","Meditation, self-awareness, and contemplative practice","L05","Evidence comparison","Q22","इसे नैतिक रूप से कैसे समझें?","planned","not_researched","not_uploaded"
"2543","Batch_085","MED","Meditation, self-awareness, and contemplative practice","L05","Evidence comparison","Q23","यह पहचान और भूमिका से कैसे जुड़ता है?","planned","not_researched","not_uploaded"
"2544","Batch_085","MED","Meditation, self-awareness, and contemplative practice","L05","Evidence comparison","Q24","कब सहायता लेना ठीक है?","planned","not_researched","not_uploaded"
"2545","Batch_085","MED","Meditation, self-awareness, and contemplative practice","L05","Evidence comparison","Q25","इस परंपरा का दृष्टिकोण क्या है?","planned","not_researched","not_uploaded"
"2546","Batch_085","MED","Meditation, self-awareness, and contemplative practice","L05","Evidence comparison","Q26","विज्ञान इससे क्या अलग कहता है?","planned","not_researched","not_uploaded"
"2547","Batch_085","MED","Meditation, self-awareness, and contemplative practice","L05","Evidence comparison","Q27","क्या छोटा परिवर्तन व्यवहार्य है?","planned","not_researched","not_uploaded"
"2548","Batch_085","MED","Meditation, self-awareness, and contemplative practice","L05","Evidence comparison","Q28","कौन-सा डेटा अभी गायब है?","planned","not_researched","not_uploaded"
"2549","Batch_085","MED","Meditation, self-awareness, and contemplative practice","L05","Evidence comparison","Q29","इससे जिज्ञासा कैसे बढ़ती है?","planned","not_researched","not_uploaded"
"2550","Batch_085","MED","Meditation, self-awareness, and contemplative practice","L05","Evidence comparison","Q30","मुख्य सीख क्या है?","planned","not_researched","not_uploaded"
"2551","Batch_086","MED","Meditation, self-awareness, and contemplative practice","L06","Practical experiment","Q01","यह वास्तव में क्या है?","planned","not_researched","not_uploaded"
"2552","Batch_086","MED","Meditation, self-awareness, and contemplative practice","L06","Practical experiment","Q02","इसका सबसे आम भ्रम क्या है?","planned","not_researched","not_uploaded"
"2553","Batch_086","MED","Meditation, self-awareness, and contemplative practice","L06","Practical experiment","Q03","हम इसे रोज़मर्रा में कैसे पहचानते हैं?","planned","not_researched","not_uploaded"
"2554","Batch_086","MED","Meditation, self-awareness, and contemplative practice","L06","Practical experiment","Q04","इसके पीछे प्रस्तावित तंत्र क्या है?","planned","not_researched","not_uploaded"
"2555","Batch_086","MED","Meditation, self-awareness, and contemplative practice","L06","Practical experiment","Q05","कौन-सा प्रमाण सबसे मजबूत है?","planned","not_researched","not_uploaded"
"2556","Batch_086","MED","Meditation, self-awareness, and contemplative practice","L06","Practical experiment","Q06","किस बात पर शोध सहमत नहीं है?","planned","not_researched","not_uploaded"
"2557","Batch_086","MED","Meditation, self-awareness, and contemplative practice","L06","Practical experiment","Q07","कौन-सा छोटा, सुरक्षित अवलोकन किया जा सकता है?","planned","not_researched","not_uploaded"
"2558","Batch_086","MED","Meditation, self-awareness, and contemplative practice","L06","Practical experiment","Q08","यह आदत क्यों कठिन लगती है?","planned","not_researched","not_uploaded"
"2559","Batch_086","MED","Meditation, self-awareness, and contemplative practice","L06","Practical experiment","Q09","संदर्भ इसे कैसे बदलता है?","planned","not_researched","not_uploaded"
"2560","Batch_086","MED","Meditation, self-awareness, and contemplative practice","L06","Practical experiment","Q10","क्या यह कारण है या केवल संबंध?","planned","not_researched","not_uploaded"
"2561","Batch_086","MED","Meditation, self-awareness, and contemplative practice","L06","Practical experiment","Q11","भाषा इसे कैसे प्रभावित करती है?","planned","not_researched","not_uploaded"
"2562","Batch_086","MED","Meditation, self-awareness, and contemplative practice","L06","Practical experiment","Q12","समय के साथ यह कैसे बदलता है?","planned","not_researched","not_uploaded"
"2563","Batch_086","MED","Meditation, self-awareness, and contemplative practice","L06","Practical experiment","Q13","किस समूह पर निष्कर्ष लागू हुआ?","planned","not_researched","not_uploaded"
"2564","Batch_086","MED","Meditation, self-awareness, and contemplative practice","L06","Practical experiment","Q14","नापने में कठिनाई क्या है?","planned","not_researched","not_uploaded"
"2565","Batch_086","MED","Meditation, self-awareness, and contemplative practice","L06","Practical experiment","Q15","कौन-सी वैकल्पिक व्याख्या संभव है?","planned","not_researched","not_uploaded"
"2566","Batch_086","MED","Meditation, self-awareness, and contemplative practice","L06","Practical experiment","Q16","छोटी सफलता क्यों मायने रखती है?","planned","not_researched","not_uploaded"
"2567","Batch_086","MED","Meditation, self-awareness, and contemplative practice","L06","Practical experiment","Q17","कौन-सी सीमा उपयोगी है?","planned","not_researched","not_uploaded"
"2568","Batch_086","MED","Meditation, self-awareness, and contemplative practice","L06","Practical experiment","Q18","क्या विशेषज्ञों में मतभेद है?","planned","not_researched","not_uploaded"
"2569","Batch_086","MED","Meditation, self-awareness, and contemplative practice","L06","Practical experiment","Q19","प्रौद्योगिकी इसे कैसे बदलती है?","planned","not_researched","not_uploaded"
"2570","Batch_086","MED","Meditation, self-awareness, and contemplative practice","L06","Practical experiment","Q20","नींद, तनाव, या पर्यावरण की भूमिका क्या है?","planned","not_researched","not_uploaded"
"2571","Batch_086","MED","Meditation, self-awareness, and contemplative practice","L06","Practical experiment","Q21","हम अपने अनुमान कैसे जाँच सकते हैं?","planned","not_researched","not_uploaded"
"2572","Batch_086","MED","Meditation, self-awareness, and contemplative practice","L06","Practical experiment","Q22","इसे नैतिक रूप से कैसे समझें?","planned","not_researched","not_uploaded"
"2573","Batch_086","MED","Meditation, self-awareness, and contemplative practice","L06","Practical experiment","Q23","यह पहचान और भूमिका से कैसे जुड़ता है?","planned","not_researched","not_uploaded"
"2574","Batch_086","MED","Meditation, self-awareness, and contemplative practice","L06","Practical experiment","Q24","कब सहायता लेना ठीक है?","planned","not_researched","not_uploaded"
"2575","Batch_086","MED","Meditation, self-awareness, and contemplative practice","L06","Practical experiment","Q25","इस परंपरा का दृष्टिकोण क्या है?","planned","not_researched","not_uploaded"
"2576","Batch_086","MED","Meditation, self-awareness, and contemplative practice","L06","Practical experiment","Q26","विज्ञान इससे क्या अलग कहता है?","planned","not_researched","not_uploaded"
"2577","Batch_086","MED","Meditation, self-awareness, and contemplative practice","L06","Practical experiment","Q27","क्या छोटा परिवर्तन व्यवहार्य है?","planned","not_researched","not_uploaded"
"2578","Batch_086","MED","Meditation, self-awareness, and contemplative practice","L06","Practical experiment","Q28","कौन-सा डेटा अभी गायब है?","planned","not_researched","not_uploaded"
"2579","Batch_086","MED","Meditation, self-awareness, and contemplative practice","L06","Practical experiment","Q29","इससे जिज्ञासा कैसे बढ़ती है?","planned","not_researched","not_uploaded"
"2580","Batch_086","MED","Meditation, self-awareness, and contemplative practice","L06","Practical experiment","Q30","मुख्य सीख क्या है?","planned","not_researched","not_uploaded"
"2581","Batch_087","MED","Meditation, self-awareness, and contemplative practice","L07","Boundary condition","Q01","यह वास्तव में क्या है?","planned","not_researched","not_uploaded"
"2582","Batch_087","MED","Meditation, self-awareness, and contemplative practice","L07","Boundary condition","Q02","इसका सबसे आम भ्रम क्या है?","planned","not_researched","not_uploaded"
"2583","Batch_087","MED","Meditation, self-awareness, and contemplative practice","L07","Boundary condition","Q03","हम इसे रोज़मर्रा में कैसे पहचानते हैं?","planned","not_researched","not_uploaded"
"2584","Batch_087","MED","Meditation, self-awareness, and contemplative practice","L07","Boundary condition","Q04","इसके पीछे प्रस्तावित तंत्र क्या है?","planned","not_researched","not_uploaded"
"2585","Batch_087","MED","Meditation, self-awareness, and contemplative practice","L07","Boundary condition","Q05","कौन-सा प्रमाण सबसे मजबूत है?","planned","not_researched","not_uploaded"
"2586","Batch_087","MED","Meditation, self-awareness, and contemplative practice","L07","Boundary condition","Q06","किस बात पर शोध सहमत नहीं है?","planned","not_researched","not_uploaded"
"2587","Batch_087","MED","Meditation, self-awareness, and contemplative practice","L07","Boundary condition","Q07","कौन-सा छोटा, सुरक्षित अवलोकन किया जा सकता है?","planned","not_researched","not_uploaded"
"2588","Batch_087","MED","Meditation, self-awareness, and contemplative practice","L07","Boundary condition","Q08","यह आदत क्यों कठिन लगती है?","planned","not_researched","not_uploaded"
"2589","Batch_087","MED","Meditation, self-awareness, and contemplative practice","L07","Boundary condition","Q09","संदर्भ इसे कैसे बदलता है?","planned","not_researched","not_uploaded"
"2590","Batch_087","MED","Meditation, self-awareness, and contemplative practice","L07","Boundary condition","Q10","क्या यह कारण है या केवल संबंध?","planned","not_researched","not_uploaded"
"2591","Batch_087","MED","Meditation, self-awareness, and contemplative practice","L07","Boundary condition","Q11","भाषा इसे कैसे प्रभावित करती है?","planned","not_researched","not_uploaded"
"2592","Batch_087","MED","Meditation, self-awareness, and contemplative practice","L07","Boundary condition","Q12","समय के साथ यह कैसे बदलता है?","planned","not_researched","not_uploaded"
"2593","Batch_087","MED","Meditation, self-awareness, and contemplative practice","L07","Boundary condition","Q13","किस समूह पर निष्कर्ष लागू हुआ?","planned","not_researched","not_uploaded"
"2594","Batch_087","MED","Meditation, self-awareness, and contemplative practice","L07","Boundary condition","Q14","नापने में कठिनाई क्या है?","planned","not_researched","not_uploaded"
"2595","Batch_087","MED","Meditation, self-awareness, and contemplative practice","L07","Boundary condition","Q15","कौन-सी वैकल्पिक व्याख्या संभव है?","planned","not_researched","not_uploaded"
"2596","Batch_087","MED","Meditation, self-awareness, and contemplative practice","L07","Boundary condition","Q16","छोटी सफलता क्यों मायने रखती है?","planned","not_researched","not_uploaded"
"2597","Batch_087","MED","Meditation, self-awareness, and contemplative practice","L07","Boundary condition","Q17","कौन-सी सीमा उपयोगी है?","planned","not_researched","not_uploaded"
"2598","Batch_087","MED","Meditation, self-awareness, and contemplative practice","L07","Boundary condition","Q18","क्या विशेषज्ञों में मतभेद है?","planned","not_researched","not_uploaded"
"2599","Batch_087","MED","Meditation, self-awareness, and contemplative practice","L07","Boundary condition","Q19","प्रौद्योगिकी इसे कैसे बदलती है?","planned","not_researched","not_uploaded"
"2600","Batch_087","MED","Meditation, self-awareness, and contemplative practice","L07","Boundary condition","Q20","नींद, तनाव, या पर्यावरण की भूमिका क्या है?","planned","not_researched","not_uploaded"
"2601","Batch_087","MED","Meditation, self-awareness, and contemplative practice","L07","Boundary condition","Q21","हम अपने अनुमान कैसे जाँच सकते हैं?","planned","not_researched","not_uploaded"
"2602","Batch_087","MED","Meditation, self-awareness, and contemplative practice","L07","Boundary condition","Q22","इसे नैतिक रूप से कैसे समझें?","planned","not_researched","not_uploaded"
"2603","Batch_087","MED","Meditation, self-awareness, and contemplative practice","L07","Boundary condition","Q23","यह पहचान और भूमिका से कैसे जुड़ता है?","planned","not_researched","not_uploaded"
"2604","Batch_087","MED","Meditation, self-awareness, and contemplative practice","L07","Boundary condition","Q24","कब सहायता लेना ठीक है?","planned","not_researched","not_uploaded"
"2605","Batch_087","MED","Meditation, self-awareness, and contemplative practice","L07","Boundary condition","Q25","इस परंपरा का दृष्टिकोण क्या है?","planned","not_researched","not_uploaded"
"2606","Batch_087","MED","Meditation, self-awareness, and contemplative practice","L07","Boundary condition","Q26","विज्ञान इससे क्या अलग कहता है?","planned","not_researched","not_uploaded"
"2607","Batch_087","MED","Meditation, self-awareness, and contemplative practice","L07","Boundary condition","Q27","क्या छोटा परिवर्तन व्यवहार्य है?","planned","not_researched","not_uploaded"
"2608","Batch_087","MED","Meditation, self-awareness, and contemplative practice","L07","Boundary condition","Q28","कौन-सा डेटा अभी गायब है?","planned","not_researched","not_uploaded"
"2609","Batch_087","MED","Meditation, self-awareness, and contemplative practice","L07","Boundary condition","Q29","इससे जिज्ञासा कैसे बढ़ती है?","planned","not_researched","not_uploaded"
"2610","Batch_087","MED","Meditation, self-awareness, and contemplative practice","L07","Boundary condition","Q30","मुख्य सीख क्या है?","planned","not_researched","not_uploaded"
"2611","Batch_088","MED","Meditation, self-awareness, and contemplative practice","L08","History of an idea","Q01","यह वास्तव में क्या है?","planned","not_researched","not_uploaded"
"2612","Batch_088","MED","Meditation, self-awareness, and contemplative practice","L08","History of an idea","Q02","इसका सबसे आम भ्रम क्या है?","planned","not_researched","not_uploaded"
"2613","Batch_088","MED","Meditation, self-awareness, and contemplative practice","L08","History of an idea","Q03","हम इसे रोज़मर्रा में कैसे पहचानते हैं?","planned","not_researched","not_uploaded"
"2614","Batch_088","MED","Meditation, self-awareness, and contemplative practice","L08","History of an idea","Q04","इसके पीछे प्रस्तावित तंत्र क्या है?","planned","not_researched","not_uploaded"
"2615","Batch_088","MED","Meditation, self-awareness, and contemplative practice","L08","History of an idea","Q05","कौन-सा प्रमाण सबसे मजबूत है?","planned","not_researched","not_uploaded"
"2616","Batch_088","MED","Meditation, self-awareness, and contemplative practice","L08","History of an idea","Q06","किस बात पर शोध सहमत नहीं है?","planned","not_researched","not_uploaded"
"2617","Batch_088","MED","Meditation, self-awareness, and contemplative practice","L08","History of an idea","Q07","कौन-सा छोटा, सुरक्षित अवलोकन किया जा सकता है?","planned","not_researched","not_uploaded"
"2618","Batch_088","MED","Meditation, self-awareness, and contemplative practice","L08","History of an idea","Q08","यह आदत क्यों कठिन लगती है?","planned","not_researched","not_uploaded"
"2619","Batch_088","MED","Meditation, self-awareness, and contemplative practice","L08","History of an idea","Q09","संदर्भ इसे कैसे बदलता है?","planned","not_researched","not_uploaded"
"2620","Batch_088","MED","Meditation, self-awareness, and contemplative practice","L08","History of an idea","Q10","क्या यह कारण है या केवल संबंध?","planned","not_researched","not_uploaded"
"2621","Batch_088","MED","Meditation, self-awareness, and contemplative practice","L08","History of an idea","Q11","भाषा इसे कैसे प्रभावित करती है?","planned","not_researched","not_uploaded"
"2622","Batch_088","MED","Meditation, self-awareness, and contemplative practice","L08","History of an idea","Q12","समय के साथ यह कैसे बदलता है?","planned","not_researched","not_uploaded"
"2623","Batch_088","MED","Meditation, self-awareness, and contemplative practice","L08","History of an idea","Q13","किस समूह पर निष्कर्ष लागू हुआ?","planned","not_researched","not_uploaded"
"2624","Batch_088","MED","Meditation, self-awareness, and contemplative practice","L08","History of an idea","Q14","नापने में कठिनाई क्या है?","planned","not_researched","not_uploaded"
"2625","Batch_088","MED","Meditation, self-awareness, and contemplative practice","L08","History of an idea","Q15","कौन-सी वैकल्पिक व्याख्या संभव है?","planned","not_researched","not_uploaded"
"2626","Batch_088","MED","Meditation, self-awareness, and contemplative practice","L08","History of an idea","Q16","छोटी सफलता क्यों मायने रखती है?","planned","not_researched","not_uploaded"
"2627","Batch_088","MED","Meditation, self-awareness, and contemplative practice","L08","History of an idea","Q17","कौन-सी सीमा उपयोगी है?","planned","not_researched","not_uploaded"
"2628","Batch_088","MED","Meditation, self-awareness, and contemplative practice","L08","History of an idea","Q18","क्या विशेषज्ञों में मतभेद है?","planned","not_researched","not_uploaded"
"2629","Batch_088","MED","Meditation, self-awareness, and contemplative practice","L08","History of an idea","Q19","प्रौद्योगिकी इसे कैसे बदलती है?","planned","not_researched","not_uploaded"
"2630","Batch_088","MED","Meditation, self-awareness, and contemplative practice","L08","History of an idea","Q20","नींद, तनाव, या पर्यावरण की भूमिका क्या है?","planned","not_researched","not_uploaded"
"2631","Batch_088","MED","Meditation, self-awareness, and contemplative practice","L08","History of an idea","Q21","हम अपने अनुमान कैसे जाँच सकते हैं?","planned","not_researched","not_uploaded"
"2632","Batch_088","MED","Meditation, self-awareness, and contemplative practice","L08","History of an idea","Q22","इसे नैतिक रूप से कैसे समझें?","planned","not_researched","not_uploaded"
"2633","Batch_088","MED","Meditation, self-awareness, and contemplative practice","L08","History of an idea","Q23","यह पहचान और भूमिका से कैसे जुड़ता है?","planned","not_researched","not_uploaded"
"2634","Batch_088","MED","Meditation, self-awareness, and contemplative practice","L08","History of an idea","Q24","कब सहायता लेना ठीक है?","planned","not_researched","not_uploaded"
"2635","Batch_088","MED","Meditation, self-awareness, and contemplative practice","L08","History of an idea","Q25","इस परंपरा का दृष्टिकोण क्या है?","planned","not_researched","not_uploaded"
"2636","Batch_088","MED","Meditation, self-awareness, and contemplative practice","L08","History of an idea","Q26","विज्ञान इससे क्या अलग कहता है?","planned","not_researched","not_uploaded"
"2637","Batch_088","MED","Meditation, self-awareness, and contemplative practice","L08","History of an idea","Q27","क्या छोटा परिवर्तन व्यवहार्य है?","planned","not_researched","not_uploaded"
"2638","Batch_088","MED","Meditation, self-awareness, and contemplative practice","L08","History of an idea","Q28","कौन-सा डेटा अभी गायब है?","planned","not_researched","not_uploaded"
"2639","Batch_088","MED","Meditation, self-awareness, and contemplative practice","L08","History of an idea","Q29","इससे जिज्ञासा कैसे बढ़ती है?","planned","not_researched","not_uploaded"
"2640","Batch_088","MED","Meditation, self-awareness, and contemplative practice","L08","History of an idea","Q30","मुख्य सीख क्या है?","planned","not_researched","not_uploaded"
"2641","Batch_089","MED","Meditation, self-awareness, and contemplative practice","L09","Cross-cultural perspective","Q01","यह वास्तव में क्या है?","planned","not_researched","not_uploaded"
"2642","Batch_089","MED","Meditation, self-awareness, and contemplative practice","L09","Cross-cultural perspective","Q02","इसका सबसे आम भ्रम क्या है?","planned","not_researched","not_uploaded"
"2643","Batch_089","MED","Meditation, self-awareness, and contemplative practice","L09","Cross-cultural perspective","Q03","हम इसे रोज़मर्रा में कैसे पहचानते हैं?","planned","not_researched","not_uploaded"
"2644","Batch_089","MED","Meditation, self-awareness, and contemplative practice","L09","Cross-cultural perspective","Q04","इसके पीछे प्रस्तावित तंत्र क्या है?","planned","not_researched","not_uploaded"
"2645","Batch_089","MED","Meditation, self-awareness, and contemplative practice","L09","Cross-cultural perspective","Q05","कौन-सा प्रमाण सबसे मजबूत है?","planned","not_researched","not_uploaded"
"2646","Batch_089","MED","Meditation, self-awareness, and contemplative practice","L09","Cross-cultural perspective","Q06","किस बात पर शोध सहमत नहीं है?","planned","not_researched","not_uploaded"
"2647","Batch_089","MED","Meditation, self-awareness, and contemplative practice","L09","Cross-cultural perspective","Q07","कौन-सा छोटा, सुरक्षित अवलोकन किया जा सकता है?","planned","not_researched","not_uploaded"
"2648","Batch_089","MED","Meditation, self-awareness, and contemplative practice","L09","Cross-cultural perspective","Q08","यह आदत क्यों कठिन लगती है?","planned","not_researched","not_uploaded"
"2649","Batch_089","MED","Meditation, self-awareness, and contemplative practice","L09","Cross-cultural perspective","Q09","संदर्भ इसे कैसे बदलता है?","planned","not_researched","not_uploaded"
"2650","Batch_089","MED","Meditation, self-awareness, and contemplative practice","L09","Cross-cultural perspective","Q10","क्या यह कारण है या केवल संबंध?","planned","not_researched","not_uploaded"
"2651","Batch_089","MED","Meditation, self-awareness, and contemplative practice","L09","Cross-cultural perspective","Q11","भाषा इसे कैसे प्रभावित करती है?","planned","not_researched","not_uploaded"
"2652","Batch_089","MED","Meditation, self-awareness, and contemplative practice","L09","Cross-cultural perspective","Q12","समय के साथ यह कैसे बदलता है?","planned","not_researched","not_uploaded"
"2653","Batch_089","MED","Meditation, self-awareness, and contemplative practice","L09","Cross-cultural perspective","Q13","किस समूह पर निष्कर्ष लागू हुआ?","planned","not_researched","not_uploaded"
"2654","Batch_089","MED","Meditation, self-awareness, and contemplative practice","L09","Cross-cultural perspective","Q14","नापने में कठिनाई क्या है?","planned","not_researched","not_uploaded"
"2655","Batch_089","MED","Meditation, self-awareness, and contemplative practice","L09","Cross-cultural perspective","Q15","कौन-सी वैकल्पिक व्याख्या संभव है?","planned","not_researched","not_uploaded"
"2656","Batch_089","MED","Meditation, self-awareness, and contemplative practice","L09","Cross-cultural perspective","Q16","छोटी सफलता क्यों मायने रखती है?","planned","not_researched","not_uploaded"
"2657","Batch_089","MED","Meditation, self-awareness, and contemplative practice","L09","Cross-cultural perspective","Q17","कौन-सी सीमा उपयोगी है?","planned","not_researched","not_uploaded"
"2658","Batch_089","MED","Meditation, self-awareness, and contemplative practice","L09","Cross-cultural perspective","Q18","क्या विशेषज्ञों में मतभेद है?","planned","not_researched","not_uploaded"
"2659","Batch_089","MED","Meditation, self-awareness, and contemplative practice","L09","Cross-cultural perspective","Q19","प्रौद्योगिकी इसे कैसे बदलती है?","planned","not_researched","not_uploaded"
"2660","Batch_089","MED","Meditation, self-awareness, and contemplative practice","L09","Cross-cultural perspective","Q20","नींद, तनाव, या पर्यावरण की भूमिका क्या है?","planned","not_researched","not_uploaded"
"2661","Batch_089","MED","Meditation, self-awareness, and contemplative practice","L09","Cross-cultural perspective","Q21","हम अपने अनुमान कैसे जाँच सकते हैं?","planned","not_researched","not_uploaded"
"2662","Batch_089","MED","Meditation, self-awareness, and contemplative practice","L09","Cross-cultural perspective","Q22","इसे नैतिक रूप से कैसे समझें?","planned","not_researched","not_uploaded"
"2663","Batch_089","MED","Meditation, self-awareness, and contemplative practice","L09","Cross-cultural perspective","Q23","यह पहचान और भूमिका से कैसे जुड़ता है?","planned","not_researched","not_uploaded"
"2664","Batch_089","MED","Meditation, self-awareness, and contemplative practice","L09","Cross-cultural perspective","Q24","कब सहायता लेना ठीक है?","planned","not_researched","not_uploaded"
"2665","Batch_089","MED","Meditation, self-awareness, and contemplative practice","L09","Cross-cultural perspective","Q25","इस परंपरा का दृष्टिकोण क्या है?","planned","not_researched","not_uploaded"
"2666","Batch_089","MED","Meditation, self-awareness, and contemplative practice","L09","Cross-cultural perspective","Q26","विज्ञान इससे क्या अलग कहता है?","planned","not_researched","not_uploaded"
"2667","Batch_089","MED","Meditation, self-awareness, and contemplative practice","L09","Cross-cultural perspective","Q27","क्या छोटा परिवर्तन व्यवहार्य है?","planned","not_researched","not_uploaded"
"2668","Batch_089","MED","Meditation, self-awareness, and contemplative practice","L09","Cross-cultural perspective","Q28","कौन-सा डेटा अभी गायब है?","planned","not_researched","not_uploaded"
"2669","Batch_089","MED","Meditation, self-awareness, and contemplative practice","L09","Cross-cultural perspective","Q29","इससे जिज्ञासा कैसे बढ़ती है?","planned","not_researched","not_uploaded"
"2670","Batch_089","MED","Meditation, self-awareness, and contemplative practice","L09","Cross-cultural perspective","Q30","मुख्य सीख क्या है?","planned","not_researched","not_uploaded"
"2671","Batch_090","MED","Meditation, self-awareness, and contemplative practice","L10","Ethical implication","Q01","यह वास्तव में क्या है?","planned","not_researched","not_uploaded"
"2672","Batch_090","MED","Meditation, self-awareness, and contemplative practice","L10","Ethical implication","Q02","इसका सबसे आम भ्रम क्या है?","planned","not_researched","not_uploaded"
"2673","Batch_090","MED","Meditation, self-awareness, and contemplative practice","L10","Ethical implication","Q03","हम इसे रोज़मर्रा में कैसे पहचानते हैं?","planned","not_researched","not_uploaded"
"2674","Batch_090","MED","Meditation, self-awareness, and contemplative practice","L10","Ethical implication","Q04","इसके पीछे प्रस्तावित तंत्र क्या है?","planned","not_researched","not_uploaded"
"2675","Batch_090","MED","Meditation, self-awareness, and contemplative practice","L10","Ethical implication","Q05","कौन-सा प्रमाण सबसे मजबूत है?","planned","not_researched","not_uploaded"
"2676","Batch_090","MED","Meditation, self-awareness, and contemplative practice","L10","Ethical implication","Q06","किस बात पर शोध सहमत नहीं है?","planned","not_researched","not_uploaded"
"2677","Batch_090","MED","Meditation, self-awareness, and contemplative practice","L10","Ethical implication","Q07","कौन-सा छोटा, सुरक्षित अवलोकन किया जा सकता है?","planned","not_researched","not_uploaded"
"2678","Batch_090","MED","Meditation, self-awareness, and contemplative practice","L10","Ethical implication","Q08","यह आदत क्यों कठिन लगती है?","planned","not_researched","not_uploaded"
"2679","Batch_090","MED","Meditation, self-awareness, and contemplative practice","L10","Ethical implication","Q09","संदर्भ इसे कैसे बदलता है?","planned","not_researched","not_uploaded"
"2680","Batch_090","MED","Meditation, self-awareness, and contemplative practice","L10","Ethical implication","Q10","क्या यह कारण है या केवल संबंध?","planned","not_researched","not_uploaded"
"2681","Batch_090","MED","Meditation, self-awareness, and contemplative practice","L10","Ethical implication","Q11","भाषा इसे कैसे प्रभावित करती है?","planned","not_researched","not_uploaded"
"2682","Batch_090","MED","Meditation, self-awareness, and contemplative practice","L10","Ethical implication","Q12","समय के साथ यह कैसे बदलता है?","planned","not_researched","not_uploaded"
"2683","Batch_090","MED","Meditation, self-awareness, and contemplative practice","L10","Ethical implication","Q13","किस समूह पर निष्कर्ष लागू हुआ?","planned","not_researched","not_uploaded"
"2684","Batch_090","MED","Meditation, self-awareness, and contemplative practice","L10","Ethical implication","Q14","नापने में कठिनाई क्या है?","planned","not_researched","not_uploaded"
"2685","Batch_090","MED","Meditation, self-awareness, and contemplative practice","L10","Ethical implication","Q15","कौन-सी वैकल्पिक व्याख्या संभव है?","planned","not_researched","not_uploaded"
"2686","Batch_090","MED","Meditation, self-awareness, and contemplative practice","L10","Ethical implication","Q16","छोटी सफलता क्यों मायने रखती है?","planned","not_researched","not_uploaded"
"2687","Batch_090","MED","Meditation, self-awareness, and contemplative practice","L10","Ethical implication","Q17","कौन-सी सीमा उपयोगी है?","planned","not_researched","not_uploaded"
"2688","Batch_090","MED","Meditation, self-awareness, and contemplative practice","L10","Ethical implication","Q18","क्या विशेषज्ञों में मतभेद है?","planned","not_researched","not_uploaded"
"2689","Batch_090","MED","Meditation, self-awareness, and contemplative practice","L10","Ethical implication","Q19","प्रौद्योगिकी इसे कैसे बदलती है?","planned","not_researched","not_uploaded"
"2690","Batch_090","MED","Meditation, self-awareness, and contemplative practice","L10","Ethical implication","Q20","नींद, तनाव, या पर्यावरण की भूमिका क्या है?","planned","not_researched","not_uploaded"
"2691","Batch_090","MED","Meditation, self-awareness, and contemplative practice","L10","Ethical implication","Q21","हम अपने अनुमान कैसे जाँच सकते हैं?","planned","not_researched","not_uploaded"
"2692","Batch_090","MED","Meditation, self-awareness, and contemplative practice","L10","Ethical implication","Q22","इसे नैतिक रूप से कैसे समझें?","planned","not_researched","not_uploaded"
"2693","Batch_090","MED","Meditation, self-awareness, and contemplative practice","L10","Ethical implication","Q23","यह पहचान और भूमिका से कैसे जुड़ता है?","planned","not_researched","not_uploaded"
"2694","Batch_090","MED","Meditation, self-awareness, and contemplative practice","L10","Ethical implication","Q24","कब सहायता लेना ठीक है?","planned","not_researched","not_uploaded"
"2695","Batch_090","MED","Meditation, self-awareness, and contemplative practice","L10","Ethical implication","Q25","इस परंपरा का दृष्टिकोण क्या है?","planned","not_researched","not_uploaded"
"2696","Batch_090","MED","Meditation, self-awareness, and contemplative practice","L10","Ethical implication","Q26","विज्ञान इससे क्या अलग कहता है?","planned","not_researched","not_uploaded"
"2697","Batch_090","MED","Meditation, self-awareness, and contemplative practice","L10","Ethical implication","Q27","क्या छोटा परिवर्तन व्यवहार्य है?","planned","not_researched","not_uploaded"
"2698","Batch_090","MED","Meditation, self-awareness, and contemplative practice","L10","Ethical implication","Q28","कौन-सा डेटा अभी गायब है?","planned","not_researched","not_uploaded"
"2699","Batch_090","MED","Meditation, self-awareness, and contemplative practice","L10","Ethical implication","Q29","इससे जिज्ञासा कैसे बढ़ती है?","planned","not_researched","not_uploaded"
"2700","Batch_090","MED","Meditation, self-awareness, and contemplative practice","L10","Ethical implication","Q30","मुख्य सीख क्या है?","planned","not_researched","not_uploaded"
"2701","Batch_091","PHS","Philosophy, values, meaning, and spiritual perspectives","L01","Core definition","Q01","यह वास्तव में क्या है?","planned","not_researched","not_uploaded"
"2702","Batch_091","PHS","Philosophy, values, meaning, and spiritual perspectives","L01","Core definition","Q02","इसका सबसे आम भ्रम क्या है?","planned","not_researched","not_uploaded"
"2703","Batch_091","PHS","Philosophy, values, meaning, and spiritual perspectives","L01","Core definition","Q03","हम इसे रोज़मर्रा में कैसे पहचानते हैं?","planned","not_researched","not_uploaded"
"2704","Batch_091","PHS","Philosophy, values, meaning, and spiritual perspectives","L01","Core definition","Q04","इसके पीछे प्रस्तावित तंत्र क्या है?","planned","not_researched","not_uploaded"
"2705","Batch_091","PHS","Philosophy, values, meaning, and spiritual perspectives","L01","Core definition","Q05","कौन-सा प्रमाण सबसे मजबूत है?","planned","not_researched","not_uploaded"
"2706","Batch_091","PHS","Philosophy, values, meaning, and spiritual perspectives","L01","Core definition","Q06","किस बात पर शोध सहमत नहीं है?","planned","not_researched","not_uploaded"
"2707","Batch_091","PHS","Philosophy, values, meaning, and spiritual perspectives","L01","Core definition","Q07","कौन-सा छोटा, सुरक्षित अवलोकन किया जा सकता है?","planned","not_researched","not_uploaded"
"2708","Batch_091","PHS","Philosophy, values, meaning, and spiritual perspectives","L01","Core definition","Q08","यह आदत क्यों कठिन लगती है?","planned","not_researched","not_uploaded"
"2709","Batch_091","PHS","Philosophy, values, meaning, and spiritual perspectives","L01","Core definition","Q09","संदर्भ इसे कैसे बदलता है?","planned","not_researched","not_uploaded"
"2710","Batch_091","PHS","Philosophy, values, meaning, and spiritual perspectives","L01","Core definition","Q10","क्या यह कारण है या केवल संबंध?","planned","not_researched","not_uploaded"
"2711","Batch_091","PHS","Philosophy, values, meaning, and spiritual perspectives","L01","Core definition","Q11","भाषा इसे कैसे प्रभावित करती है?","planned","not_researched","not_uploaded"
"2712","Batch_091","PHS","Philosophy, values, meaning, and spiritual perspectives","L01","Core definition","Q12","समय के साथ यह कैसे बदलता है?","planned","not_researched","not_uploaded"
"2713","Batch_091","PHS","Philosophy, values, meaning, and spiritual perspectives","L01","Core definition","Q13","किस समूह पर निष्कर्ष लागू हुआ?","planned","not_researched","not_uploaded"
"2714","Batch_091","PHS","Philosophy, values, meaning, and spiritual perspectives","L01","Core definition","Q14","नापने में कठिनाई क्या है?","planned","not_researched","not_uploaded"
"2715","Batch_091","PHS","Philosophy, values, meaning, and spiritual perspectives","L01","Core definition","Q15","कौन-सी वैकल्पिक व्याख्या संभव है?","planned","not_researched","not_uploaded"
"2716","Batch_091","PHS","Philosophy, values, meaning, and spiritual perspectives","L01","Core definition","Q16","छोटी सफलता क्यों मायने रखती है?","planned","not_researched","not_uploaded"
"2717","Batch_091","PHS","Philosophy, values, meaning, and spiritual perspectives","L01","Core definition","Q17","कौन-सी सीमा उपयोगी है?","planned","not_researched","not_uploaded"
"2718","Batch_091","PHS","Philosophy, values, meaning, and spiritual perspectives","L01","Core definition","Q18","क्या विशेषज्ञों में मतभेद है?","planned","not_researched","not_uploaded"
"2719","Batch_091","PHS","Philosophy, values, meaning, and spiritual perspectives","L01","Core definition","Q19","प्रौद्योगिकी इसे कैसे बदलती है?","planned","not_researched","not_uploaded"
"2720","Batch_091","PHS","Philosophy, values, meaning, and spiritual perspectives","L01","Core definition","Q20","नींद, तनाव, या पर्यावरण की भूमिका क्या है?","planned","not_researched","not_uploaded"
"2721","Batch_091","PHS","Philosophy, values, meaning, and spiritual perspectives","L01","Core definition","Q21","हम अपने अनुमान कैसे जाँच सकते हैं?","planned","not_researched","not_uploaded"
"2722","Batch_091","PHS","Philosophy, values, meaning, and spiritual perspectives","L01","Core definition","Q22","इसे नैतिक रूप से कैसे समझें?","planned","not_researched","not_uploaded"
"2723","Batch_091","PHS","Philosophy, values, meaning, and spiritual perspectives","L01","Core definition","Q23","यह पहचान और भूमिका से कैसे जुड़ता है?","planned","not_researched","not_uploaded"
"2724","Batch_091","PHS","Philosophy, values, meaning, and spiritual perspectives","L01","Core definition","Q24","कब सहायता लेना ठीक है?","planned","not_researched","not_uploaded"
"2725","Batch_091","PHS","Philosophy, values, meaning, and spiritual perspectives","L01","Core definition","Q25","इस परंपरा का दृष्टिकोण क्या है?","planned","not_researched","not_uploaded"
"2726","Batch_091","PHS","Philosophy, values, meaning, and spiritual perspectives","L01","Core definition","Q26","विज्ञान इससे क्या अलग कहता है?","planned","not_researched","not_uploaded"
"2727","Batch_091","PHS","Philosophy, values, meaning, and spiritual perspectives","L01","Core definition","Q27","क्या छोटा परिवर्तन व्यवहार्य है?","planned","not_researched","not_uploaded"
"2728","Batch_091","PHS","Philosophy, values, meaning, and spiritual perspectives","L01","Core definition","Q28","कौन-सा डेटा अभी गायब है?","planned","not_researched","not_uploaded"
"2729","Batch_091","PHS","Philosophy, values, meaning, and spiritual perspectives","L01","Core definition","Q29","इससे जिज्ञासा कैसे बढ़ती है?","planned","not_researched","not_uploaded"
"2730","Batch_091","PHS","Philosophy, values, meaning, and spiritual perspectives","L01","Core definition","Q30","मुख्य सीख क्या है?","planned","not_researched","not_uploaded"
"2731","Batch_092","PHS","Philosophy, values, meaning, and spiritual perspectives","L02","Common misconception","Q01","यह वास्तव में क्या है?","planned","not_researched","not_uploaded"
"2732","Batch_092","PHS","Philosophy, values, meaning, and spiritual perspectives","L02","Common misconception","Q02","इसका सबसे आम भ्रम क्या है?","planned","not_researched","not_uploaded"
"2733","Batch_092","PHS","Philosophy, values, meaning, and spiritual perspectives","L02","Common misconception","Q03","हम इसे रोज़मर्रा में कैसे पहचानते हैं?","planned","not_researched","not_uploaded"
"2734","Batch_092","PHS","Philosophy, values, meaning, and spiritual perspectives","L02","Common misconception","Q04","इसके पीछे प्रस्तावित तंत्र क्या है?","planned","not_researched","not_uploaded"
"2735","Batch_092","PHS","Philosophy, values, meaning, and spiritual perspectives","L02","Common misconception","Q05","कौन-सा प्रमाण सबसे मजबूत है?","planned","not_researched","not_uploaded"
"2736","Batch_092","PHS","Philosophy, values, meaning, and spiritual perspectives","L02","Common misconception","Q06","किस बात पर शोध सहमत नहीं है?","planned","not_researched","not_uploaded"
"2737","Batch_092","PHS","Philosophy, values, meaning, and spiritual perspectives","L02","Common misconception","Q07","कौन-सा छोटा, सुरक्षित अवलोकन किया जा सकता है?","planned","not_researched","not_uploaded"
"2738","Batch_092","PHS","Philosophy, values, meaning, and spiritual perspectives","L02","Common misconception","Q08","यह आदत क्यों कठिन लगती है?","planned","not_researched","not_uploaded"
"2739","Batch_092","PHS","Philosophy, values, meaning, and spiritual perspectives","L02","Common misconception","Q09","संदर्भ इसे कैसे बदलता है?","planned","not_researched","not_uploaded"
"2740","Batch_092","PHS","Philosophy, values, meaning, and spiritual perspectives","L02","Common misconception","Q10","क्या यह कारण है या केवल संबंध?","planned","not_researched","not_uploaded"
"2741","Batch_092","PHS","Philosophy, values, meaning, and spiritual perspectives","L02","Common misconception","Q11","भाषा इसे कैसे प्रभावित करती है?","planned","not_researched","not_uploaded"
"2742","Batch_092","PHS","Philosophy, values, meaning, and spiritual perspectives","L02","Common misconception","Q12","समय के साथ यह कैसे बदलता है?","planned","not_researched","not_uploaded"
"2743","Batch_092","PHS","Philosophy, values, meaning, and spiritual perspectives","L02","Common misconception","Q13","किस समूह पर निष्कर्ष लागू हुआ?","planned","not_researched","not_uploaded"
"2744","Batch_092","PHS","Philosophy, values, meaning, and spiritual perspectives","L02","Common misconception","Q14","नापने में कठिनाई क्या है?","planned","not_researched","not_uploaded"
"2745","Batch_092","PHS","Philosophy, values, meaning, and spiritual perspectives","L02","Common misconception","Q15","कौन-सी वैकल्पिक व्याख्या संभव है?","planned","not_researched","not_uploaded"
"2746","Batch_092","PHS","Philosophy, values, meaning, and spiritual perspectives","L02","Common misconception","Q16","छोटी सफलता क्यों मायने रखती है?","planned","not_researched","not_uploaded"
"2747","Batch_092","PHS","Philosophy, values, meaning, and spiritual perspectives","L02","Common misconception","Q17","कौन-सी सीमा उपयोगी है?","planned","not_researched","not_uploaded"
"2748","Batch_092","PHS","Philosophy, values, meaning, and spiritual perspectives","L02","Common misconception","Q18","क्या विशेषज्ञों में मतभेद है?","planned","not_researched","not_uploaded"
"2749","Batch_092","PHS","Philosophy, values, meaning, and spiritual perspectives","L02","Common misconception","Q19","प्रौद्योगिकी इसे कैसे बदलती है?","planned","not_researched","not_uploaded"
"2750","Batch_092","PHS","Philosophy, values, meaning, and spiritual perspectives","L02","Common misconception","Q20","नींद, तनाव, या पर्यावरण की भूमिका क्या है?","planned","not_researched","not_uploaded"
"2751","Batch_092","PHS","Philosophy, values, meaning, and spiritual perspectives","L02","Common misconception","Q21","हम अपने अनुमान कैसे जाँच सकते हैं?","planned","not_researched","not_uploaded"
"2752","Batch_092","PHS","Philosophy, values, meaning, and spiritual perspectives","L02","Common misconception","Q22","इसे नैतिक रूप से कैसे समझें?","planned","not_researched","not_uploaded"
"2753","Batch_092","PHS","Philosophy, values, meaning, and spiritual perspectives","L02","Common misconception","Q23","यह पहचान और भूमिका से कैसे जुड़ता है?","planned","not_researched","not_uploaded"
"2754","Batch_092","PHS","Philosophy, values, meaning, and spiritual perspectives","L02","Common misconception","Q24","कब सहायता लेना ठीक है?","planned","not_researched","not_uploaded"
"2755","Batch_092","PHS","Philosophy, values, meaning, and spiritual perspectives","L02","Common misconception","Q25","इस परंपरा का दृष्टिकोण क्या है?","planned","not_researched","not_uploaded"
"2756","Batch_092","PHS","Philosophy, values, meaning, and spiritual perspectives","L02","Common misconception","Q26","विज्ञान इससे क्या अलग कहता है?","planned","not_researched","not_uploaded"
"2757","Batch_092","PHS","Philosophy, values, meaning, and spiritual perspectives","L02","Common misconception","Q27","क्या छोटा परिवर्तन व्यवहार्य है?","planned","not_researched","not_uploaded"
"2758","Batch_092","PHS","Philosophy, values, meaning, and spiritual perspectives","L02","Common misconception","Q28","कौन-सा डेटा अभी गायब है?","planned","not_researched","not_uploaded"
"2759","Batch_092","PHS","Philosophy, values, meaning, and spiritual perspectives","L02","Common misconception","Q29","इससे जिज्ञासा कैसे बढ़ती है?","planned","not_researched","not_uploaded"
"2760","Batch_092","PHS","Philosophy, values, meaning, and spiritual perspectives","L02","Common misconception","Q30","मुख्य सीख क्या है?","planned","not_researched","not_uploaded"
"2761","Batch_093","PHS","Philosophy, values, meaning, and spiritual perspectives","L03","Everyday observation","Q01","यह वास्तव में क्या है?","planned","not_researched","not_uploaded"
"2762","Batch_093","PHS","Philosophy, values, meaning, and spiritual perspectives","L03","Everyday observation","Q02","इसका सबसे आम भ्रम क्या है?","planned","not_researched","not_uploaded"
"2763","Batch_093","PHS","Philosophy, values, meaning, and spiritual perspectives","L03","Everyday observation","Q03","हम इसे रोज़मर्रा में कैसे पहचानते हैं?","planned","not_researched","not_uploaded"
"2764","Batch_093","PHS","Philosophy, values, meaning, and spiritual perspectives","L03","Everyday observation","Q04","इसके पीछे प्रस्तावित तंत्र क्या है?","planned","not_researched","not_uploaded"
"2765","Batch_093","PHS","Philosophy, values, meaning, and spiritual perspectives","L03","Everyday observation","Q05","कौन-सा प्रमाण सबसे मजबूत है?","planned","not_researched","not_uploaded"
"2766","Batch_093","PHS","Philosophy, values, meaning, and spiritual perspectives","L03","Everyday observation","Q06","किस बात पर शोध सहमत नहीं है?","planned","not_researched","not_uploaded"
"2767","Batch_093","PHS","Philosophy, values, meaning, and spiritual perspectives","L03","Everyday observation","Q07","कौन-सा छोटा, सुरक्षित अवलोकन किया जा सकता है?","planned","not_researched","not_uploaded"
"2768","Batch_093","PHS","Philosophy, values, meaning, and spiritual perspectives","L03","Everyday observation","Q08","यह आदत क्यों कठिन लगती है?","planned","not_researched","not_uploaded"
"2769","Batch_093","PHS","Philosophy, values, meaning, and spiritual perspectives","L03","Everyday observation","Q09","संदर्भ इसे कैसे बदलता है?","planned","not_researched","not_uploaded"
"2770","Batch_093","PHS","Philosophy, values, meaning, and spiritual perspectives","L03","Everyday observation","Q10","क्या यह कारण है या केवल संबंध?","planned","not_researched","not_uploaded"
"2771","Batch_093","PHS","Philosophy, values, meaning, and spiritual perspectives","L03","Everyday observation","Q11","भाषा इसे कैसे प्रभावित करती है?","planned","not_researched","not_uploaded"
"2772","Batch_093","PHS","Philosophy, values, meaning, and spiritual perspectives","L03","Everyday observation","Q12","समय के साथ यह कैसे बदलता है?","planned","not_researched","not_uploaded"
"2773","Batch_093","PHS","Philosophy, values, meaning, and spiritual perspectives","L03","Everyday observation","Q13","किस समूह पर निष्कर्ष लागू हुआ?","planned","not_researched","not_uploaded"
"2774","Batch_093","PHS","Philosophy, values, meaning, and spiritual perspectives","L03","Everyday observation","Q14","नापने में कठिनाई क्या है?","planned","not_researched","not_uploaded"
"2775","Batch_093","PHS","Philosophy, values, meaning, and spiritual perspectives","L03","Everyday observation","Q15","कौन-सी वैकल्पिक व्याख्या संभव है?","planned","not_researched","not_uploaded"
"2776","Batch_093","PHS","Philosophy, values, meaning, and spiritual perspectives","L03","Everyday observation","Q16","छोटी सफलता क्यों मायने रखती है?","planned","not_researched","not_uploaded"
"2777","Batch_093","PHS","Philosophy, values, meaning, and spiritual perspectives","L03","Everyday observation","Q17","कौन-सी सीमा उपयोगी है?","planned","not_researched","not_uploaded"
"2778","Batch_093","PHS","Philosophy, values, meaning, and spiritual perspectives","L03","Everyday observation","Q18","क्या विशेषज्ञों में मतभेद है?","planned","not_researched","not_uploaded"
"2779","Batch_093","PHS","Philosophy, values, meaning, and spiritual perspectives","L03","Everyday observation","Q19","प्रौद्योगिकी इसे कैसे बदलती है?","planned","not_researched","not_uploaded"
"2780","Batch_093","PHS","Philosophy, values, meaning, and spiritual perspectives","L03","Everyday observation","Q20","नींद, तनाव, या पर्यावरण की भूमिका क्या है?","planned","not_researched","not_uploaded"
"2781","Batch_093","PHS","Philosophy, values, meaning, and spiritual perspectives","L03","Everyday observation","Q21","हम अपने अनुमान कैसे जाँच सकते हैं?","planned","not_researched","not_uploaded"
"2782","Batch_093","PHS","Philosophy, values, meaning, and spiritual perspectives","L03","Everyday observation","Q22","इसे नैतिक रूप से कैसे समझें?","planned","not_researched","not_uploaded"
"2783","Batch_093","PHS","Philosophy, values, meaning, and spiritual perspectives","L03","Everyday observation","Q23","यह पहचान और भूमिका से कैसे जुड़ता है?","planned","not_researched","not_uploaded"
"2784","Batch_093","PHS","Philosophy, values, meaning, and spiritual perspectives","L03","Everyday observation","Q24","कब सहायता लेना ठीक है?","planned","not_researched","not_uploaded"
"2785","Batch_093","PHS","Philosophy, values, meaning, and spiritual perspectives","L03","Everyday observation","Q25","इस परंपरा का दृष्टिकोण क्या है?","planned","not_researched","not_uploaded"
"2786","Batch_093","PHS","Philosophy, values, meaning, and spiritual perspectives","L03","Everyday observation","Q26","विज्ञान इससे क्या अलग कहता है?","planned","not_researched","not_uploaded"
"2787","Batch_093","PHS","Philosophy, values, meaning, and spiritual perspectives","L03","Everyday observation","Q27","क्या छोटा परिवर्तन व्यवहार्य है?","planned","not_researched","not_uploaded"
"2788","Batch_093","PHS","Philosophy, values, meaning, and spiritual perspectives","L03","Everyday observation","Q28","कौन-सा डेटा अभी गायब है?","planned","not_researched","not_uploaded"
"2789","Batch_093","PHS","Philosophy, values, meaning, and spiritual perspectives","L03","Everyday observation","Q29","इससे जिज्ञासा कैसे बढ़ती है?","planned","not_researched","not_uploaded"
"2790","Batch_093","PHS","Philosophy, values, meaning, and spiritual perspectives","L03","Everyday observation","Q30","मुख्य सीख क्या है?","planned","not_researched","not_uploaded"
"2791","Batch_094","PHS","Philosophy, values, meaning, and spiritual perspectives","L04","Mechanism","Q01","यह वास्तव में क्या है?","planned","not_researched","not_uploaded"
"2792","Batch_094","PHS","Philosophy, values, meaning, and spiritual perspectives","L04","Mechanism","Q02","इसका सबसे आम भ्रम क्या है?","planned","not_researched","not_uploaded"
"2793","Batch_094","PHS","Philosophy, values, meaning, and spiritual perspectives","L04","Mechanism","Q03","हम इसे रोज़मर्रा में कैसे पहचानते हैं?","planned","not_researched","not_uploaded"
"2794","Batch_094","PHS","Philosophy, values, meaning, and spiritual perspectives","L04","Mechanism","Q04","इसके पीछे प्रस्तावित तंत्र क्या है?","planned","not_researched","not_uploaded"
"2795","Batch_094","PHS","Philosophy, values, meaning, and spiritual perspectives","L04","Mechanism","Q05","कौन-सा प्रमाण सबसे मजबूत है?","planned","not_researched","not_uploaded"
"2796","Batch_094","PHS","Philosophy, values, meaning, and spiritual perspectives","L04","Mechanism","Q06","किस बात पर शोध सहमत नहीं है?","planned","not_researched","not_uploaded"
"2797","Batch_094","PHS","Philosophy, values, meaning, and spiritual perspectives","L04","Mechanism","Q07","कौन-सा छोटा, सुरक्षित अवलोकन किया जा सकता है?","planned","not_researched","not_uploaded"
"2798","Batch_094","PHS","Philosophy, values, meaning, and spiritual perspectives","L04","Mechanism","Q08","यह आदत क्यों कठिन लगती है?","planned","not_researched","not_uploaded"
"2799","Batch_094","PHS","Philosophy, values, meaning, and spiritual perspectives","L04","Mechanism","Q09","संदर्भ इसे कैसे बदलता है?","planned","not_researched","not_uploaded"
"2800","Batch_094","PHS","Philosophy, values, meaning, and spiritual perspectives","L04","Mechanism","Q10","क्या यह कारण है या केवल संबंध?","planned","not_researched","not_uploaded"
"2801","Batch_094","PHS","Philosophy, values, meaning, and spiritual perspectives","L04","Mechanism","Q11","भाषा इसे कैसे प्रभावित करती है?","planned","not_researched","not_uploaded"
"2802","Batch_094","PHS","Philosophy, values, meaning, and spiritual perspectives","L04","Mechanism","Q12","समय के साथ यह कैसे बदलता है?","planned","not_researched","not_uploaded"
"2803","Batch_094","PHS","Philosophy, values, meaning, and spiritual perspectives","L04","Mechanism","Q13","किस समूह पर निष्कर्ष लागू हुआ?","planned","not_researched","not_uploaded"
"2804","Batch_094","PHS","Philosophy, values, meaning, and spiritual perspectives","L04","Mechanism","Q14","नापने में कठिनाई क्या है?","planned","not_researched","not_uploaded"
"2805","Batch_094","PHS","Philosophy, values, meaning, and spiritual perspectives","L04","Mechanism","Q15","कौन-सी वैकल्पिक व्याख्या संभव है?","planned","not_researched","not_uploaded"
"2806","Batch_094","PHS","Philosophy, values, meaning, and spiritual perspectives","L04","Mechanism","Q16","छोटी सफलता क्यों मायने रखती है?","planned","not_researched","not_uploaded"
"2807","Batch_094","PHS","Philosophy, values, meaning, and spiritual perspectives","L04","Mechanism","Q17","कौन-सी सीमा उपयोगी है?","planned","not_researched","not_uploaded"
"2808","Batch_094","PHS","Philosophy, values, meaning, and spiritual perspectives","L04","Mechanism","Q18","क्या विशेषज्ञों में मतभेद है?","planned","not_researched","not_uploaded"
"2809","Batch_094","PHS","Philosophy, values, meaning, and spiritual perspectives","L04","Mechanism","Q19","प्रौद्योगिकी इसे कैसे बदलती है?","planned","not_researched","not_uploaded"
"2810","Batch_094","PHS","Philosophy, values, meaning, and spiritual perspectives","L04","Mechanism","Q20","नींद, तनाव, या पर्यावरण की भूमिका क्या है?","planned","not_researched","not_uploaded"
"2811","Batch_094","PHS","Philosophy, values, meaning, and spiritual perspectives","L04","Mechanism","Q21","हम अपने अनुमान कैसे जाँच सकते हैं?","planned","not_researched","not_uploaded"
"2812","Batch_094","PHS","Philosophy, values, meaning, and spiritual perspectives","L04","Mechanism","Q22","इसे नैतिक रूप से कैसे समझें?","planned","not_researched","not_uploaded"
"2813","Batch_094","PHS","Philosophy, values, meaning, and spiritual perspectives","L04","Mechanism","Q23","यह पहचान और भूमिका से कैसे जुड़ता है?","planned","not_researched","not_uploaded"
"2814","Batch_094","PHS","Philosophy, values, meaning, and spiritual perspectives","L04","Mechanism","Q24","कब सहायता लेना ठीक है?","planned","not_researched","not_uploaded"
"2815","Batch_094","PHS","Philosophy, values, meaning, and spiritual perspectives","L04","Mechanism","Q25","इस परंपरा का दृष्टिकोण क्या है?","planned","not_researched","not_uploaded"
"2816","Batch_094","PHS","Philosophy, values, meaning, and spiritual perspectives","L04","Mechanism","Q26","विज्ञान इससे क्या अलग कहता है?","planned","not_researched","not_uploaded"
"2817","Batch_094","PHS","Philosophy, values, meaning, and spiritual perspectives","L04","Mechanism","Q27","क्या छोटा परिवर्तन व्यवहार्य है?","planned","not_researched","not_uploaded"
"2818","Batch_094","PHS","Philosophy, values, meaning, and spiritual perspectives","L04","Mechanism","Q28","कौन-सा डेटा अभी गायब है?","planned","not_researched","not_uploaded"
"2819","Batch_094","PHS","Philosophy, values, meaning, and spiritual perspectives","L04","Mechanism","Q29","इससे जिज्ञासा कैसे बढ़ती है?","planned","not_researched","not_uploaded"
"2820","Batch_094","PHS","Philosophy, values, meaning, and spiritual perspectives","L04","Mechanism","Q30","मुख्य सीख क्या है?","planned","not_researched","not_uploaded"
"2821","Batch_095","PHS","Philosophy, values, meaning, and spiritual perspectives","L05","Evidence comparison","Q01","यह वास्तव में क्या है?","planned","not_researched","not_uploaded"
"2822","Batch_095","PHS","Philosophy, values, meaning, and spiritual perspectives","L05","Evidence comparison","Q02","इसका सबसे आम भ्रम क्या है?","planned","not_researched","not_uploaded"
"2823","Batch_095","PHS","Philosophy, values, meaning, and spiritual perspectives","L05","Evidence comparison","Q03","हम इसे रोज़मर्रा में कैसे पहचानते हैं?","planned","not_researched","not_uploaded"
"2824","Batch_095","PHS","Philosophy, values, meaning, and spiritual perspectives","L05","Evidence comparison","Q04","इसके पीछे प्रस्तावित तंत्र क्या है?","planned","not_researched","not_uploaded"
"2825","Batch_095","PHS","Philosophy, values, meaning, and spiritual perspectives","L05","Evidence comparison","Q05","कौन-सा प्रमाण सबसे मजबूत है?","planned","not_researched","not_uploaded"
"2826","Batch_095","PHS","Philosophy, values, meaning, and spiritual perspectives","L05","Evidence comparison","Q06","किस बात पर शोध सहमत नहीं है?","planned","not_researched","not_uploaded"
"2827","Batch_095","PHS","Philosophy, values, meaning, and spiritual perspectives","L05","Evidence comparison","Q07","कौन-सा छोटा, सुरक्षित अवलोकन किया जा सकता है?","planned","not_researched","not_uploaded"
"2828","Batch_095","PHS","Philosophy, values, meaning, and spiritual perspectives","L05","Evidence comparison","Q08","यह आदत क्यों कठिन लगती है?","planned","not_researched","not_uploaded"
"2829","Batch_095","PHS","Philosophy, values, meaning, and spiritual perspectives","L05","Evidence comparison","Q09","संदर्भ इसे कैसे बदलता है?","planned","not_researched","not_uploaded"
"2830","Batch_095","PHS","Philosophy, values, meaning, and spiritual perspectives","L05","Evidence comparison","Q10","क्या यह कारण है या केवल संबंध?","planned","not_researched","not_uploaded"
"2831","Batch_095","PHS","Philosophy, values, meaning, and spiritual perspectives","L05","Evidence comparison","Q11","भाषा इसे कैसे प्रभावित करती है?","planned","not_researched","not_uploaded"
"2832","Batch_095","PHS","Philosophy, values, meaning, and spiritual perspectives","L05","Evidence comparison","Q12","समय के साथ यह कैसे बदलता है?","planned","not_researched","not_uploaded"
"2833","Batch_095","PHS","Philosophy, values, meaning, and spiritual perspectives","L05","Evidence comparison","Q13","किस समूह पर निष्कर्ष लागू हुआ?","planned","not_researched","not_uploaded"
"2834","Batch_095","PHS","Philosophy, values, meaning, and spiritual perspectives","L05","Evidence comparison","Q14","नापने में कठिनाई क्या है?","planned","not_researched","not_uploaded"
"2835","Batch_095","PHS","Philosophy, values, meaning, and spiritual perspectives","L05","Evidence comparison","Q15","कौन-सी वैकल्पिक व्याख्या संभव है?","planned","not_researched","not_uploaded"
"2836","Batch_095","PHS","Philosophy, values, meaning, and spiritual perspectives","L05","Evidence comparison","Q16","छोटी सफलता क्यों मायने रखती है?","planned","not_researched","not_uploaded"
"2837","Batch_095","PHS","Philosophy, values, meaning, and spiritual perspectives","L05","Evidence comparison","Q17","कौन-सी सीमा उपयोगी है?","planned","not_researched","not_uploaded"
"2838","Batch_095","PHS","Philosophy, values, meaning, and spiritual perspectives","L05","Evidence comparison","Q18","क्या विशेषज्ञों में मतभेद है?","planned","not_researched","not_uploaded"
"2839","Batch_095","PHS","Philosophy, values, meaning, and spiritual perspectives","L05","Evidence comparison","Q19","प्रौद्योगिकी इसे कैसे बदलती है?","planned","not_researched","not_uploaded"
"2840","Batch_095","PHS","Philosophy, values, meaning, and spiritual perspectives","L05","Evidence comparison","Q20","नींद, तनाव, या पर्यावरण की भूमिका क्या है?","planned","not_researched","not_uploaded"
"2841","Batch_095","PHS","Philosophy, values, meaning, and spiritual perspectives","L05","Evidence comparison","Q21","हम अपने अनुमान कैसे जाँच सकते हैं?","planned","not_researched","not_uploaded"
"2842","Batch_095","PHS","Philosophy, values, meaning, and spiritual perspectives","L05","Evidence comparison","Q22","इसे नैतिक रूप से कैसे समझें?","planned","not_researched","not_uploaded"
"2843","Batch_095","PHS","Philosophy, values, meaning, and spiritual perspectives","L05","Evidence comparison","Q23","यह पहचान और भूमिका से कैसे जुड़ता है?","planned","not_researched","not_uploaded"
"2844","Batch_095","PHS","Philosophy, values, meaning, and spiritual perspectives","L05","Evidence comparison","Q24","कब सहायता लेना ठीक है?","planned","not_researched","not_uploaded"
"2845","Batch_095","PHS","Philosophy, values, meaning, and spiritual perspectives","L05","Evidence comparison","Q25","इस परंपरा का दृष्टिकोण क्या है?","planned","not_researched","not_uploaded"
"2846","Batch_095","PHS","Philosophy, values, meaning, and spiritual perspectives","L05","Evidence comparison","Q26","विज्ञान इससे क्या अलग कहता है?","planned","not_researched","not_uploaded"
"2847","Batch_095","PHS","Philosophy, values, meaning, and spiritual perspectives","L05","Evidence comparison","Q27","क्या छोटा परिवर्तन व्यवहार्य है?","planned","not_researched","not_uploaded"
"2848","Batch_095","PHS","Philosophy, values, meaning, and spiritual perspectives","L05","Evidence comparison","Q28","कौन-सा डेटा अभी गायब है?","planned","not_researched","not_uploaded"
"2849","Batch_095","PHS","Philosophy, values, meaning, and spiritual perspectives","L05","Evidence comparison","Q29","इससे जिज्ञासा कैसे बढ़ती है?","planned","not_researched","not_uploaded"
"2850","Batch_095","PHS","Philosophy, values, meaning, and spiritual perspectives","L05","Evidence comparison","Q30","मुख्य सीख क्या है?","planned","not_researched","not_uploaded"
"2851","Batch_096","PHS","Philosophy, values, meaning, and spiritual perspectives","L06","Practical experiment","Q01","यह वास्तव में क्या है?","planned","not_researched","not_uploaded"
"2852","Batch_096","PHS","Philosophy, values, meaning, and spiritual perspectives","L06","Practical experiment","Q02","इसका सबसे आम भ्रम क्या है?","planned","not_researched","not_uploaded"
"2853","Batch_096","PHS","Philosophy, values, meaning, and spiritual perspectives","L06","Practical experiment","Q03","हम इसे रोज़मर्रा में कैसे पहचानते हैं?","planned","not_researched","not_uploaded"
"2854","Batch_096","PHS","Philosophy, values, meaning, and spiritual perspectives","L06","Practical experiment","Q04","इसके पीछे प्रस्तावित तंत्र क्या है?","planned","not_researched","not_uploaded"
"2855","Batch_096","PHS","Philosophy, values, meaning, and spiritual perspectives","L06","Practical experiment","Q05","कौन-सा प्रमाण सबसे मजबूत है?","planned","not_researched","not_uploaded"
"2856","Batch_096","PHS","Philosophy, values, meaning, and spiritual perspectives","L06","Practical experiment","Q06","किस बात पर शोध सहमत नहीं है?","planned","not_researched","not_uploaded"
"2857","Batch_096","PHS","Philosophy, values, meaning, and spiritual perspectives","L06","Practical experiment","Q07","कौन-सा छोटा, सुरक्षित अवलोकन किया जा सकता है?","planned","not_researched","not_uploaded"
"2858","Batch_096","PHS","Philosophy, values, meaning, and spiritual perspectives","L06","Practical experiment","Q08","यह आदत क्यों कठिन लगती है?","planned","not_researched","not_uploaded"
"2859","Batch_096","PHS","Philosophy, values, meaning, and spiritual perspectives","L06","Practical experiment","Q09","संदर्भ इसे कैसे बदलता है?","planned","not_researched","not_uploaded"
"2860","Batch_096","PHS","Philosophy, values, meaning, and spiritual perspectives","L06","Practical experiment","Q10","क्या यह कारण है या केवल संबंध?","planned","not_researched","not_uploaded"
"2861","Batch_096","PHS","Philosophy, values, meaning, and spiritual perspectives","L06","Practical experiment","Q11","भाषा इसे कैसे प्रभावित करती है?","planned","not_researched","not_uploaded"
"2862","Batch_096","PHS","Philosophy, values, meaning, and spiritual perspectives","L06","Practical experiment","Q12","समय के साथ यह कैसे बदलता है?","planned","not_researched","not_uploaded"
"2863","Batch_096","PHS","Philosophy, values, meaning, and spiritual perspectives","L06","Practical experiment","Q13","किस समूह पर निष्कर्ष लागू हुआ?","planned","not_researched","not_uploaded"
"2864","Batch_096","PHS","Philosophy, values, meaning, and spiritual perspectives","L06","Practical experiment","Q14","नापने में कठिनाई क्या है?","planned","not_researched","not_uploaded"
"2865","Batch_096","PHS","Philosophy, values, meaning, and spiritual perspectives","L06","Practical experiment","Q15","कौन-सी वैकल्पिक व्याख्या संभव है?","planned","not_researched","not_uploaded"
"2866","Batch_096","PHS","Philosophy, values, meaning, and spiritual perspectives","L06","Practical experiment","Q16","छोटी सफलता क्यों मायने रखती है?","planned","not_researched","not_uploaded"
"2867","Batch_096","PHS","Philosophy, values, meaning, and spiritual perspectives","L06","Practical experiment","Q17","कौन-सी सीमा उपयोगी है?","planned","not_researched","not_uploaded"
"2868","Batch_096","PHS","Philosophy, values, meaning, and spiritual perspectives","L06","Practical experiment","Q18","क्या विशेषज्ञों में मतभेद है?","planned","not_researched","not_uploaded"
"2869","Batch_096","PHS","Philosophy, values, meaning, and spiritual perspectives","L06","Practical experiment","Q19","प्रौद्योगिकी इसे कैसे बदलती है?","planned","not_researched","not_uploaded"
"2870","Batch_096","PHS","Philosophy, values, meaning, and spiritual perspectives","L06","Practical experiment","Q20","नींद, तनाव, या पर्यावरण की भूमिका क्या है?","planned","not_researched","not_uploaded"
"2871","Batch_096","PHS","Philosophy, values, meaning, and spiritual perspectives","L06","Practical experiment","Q21","हम अपने अनुमान कैसे जाँच सकते हैं?","planned","not_researched","not_uploaded"
"2872","Batch_096","PHS","Philosophy, values, meaning, and spiritual perspectives","L06","Practical experiment","Q22","इसे नैतिक रूप से कैसे समझें?","planned","not_researched","not_uploaded"
"2873","Batch_096","PHS","Philosophy, values, meaning, and spiritual perspectives","L06","Practical experiment","Q23","यह पहचान और भूमिका से कैसे जुड़ता है?","planned","not_researched","not_uploaded"
"2874","Batch_096","PHS","Philosophy, values, meaning, and spiritual perspectives","L06","Practical experiment","Q24","कब सहायता लेना ठीक है?","planned","not_researched","not_uploaded"
"2875","Batch_096","PHS","Philosophy, values, meaning, and spiritual perspectives","L06","Practical experiment","Q25","इस परंपरा का दृष्टिकोण क्या है?","planned","not_researched","not_uploaded"
"2876","Batch_096","PHS","Philosophy, values, meaning, and spiritual perspectives","L06","Practical experiment","Q26","विज्ञान इससे क्या अलग कहता है?","planned","not_researched","not_uploaded"
"2877","Batch_096","PHS","Philosophy, values, meaning, and spiritual perspectives","L06","Practical experiment","Q27","क्या छोटा परिवर्तन व्यवहार्य है?","planned","not_researched","not_uploaded"
"2878","Batch_096","PHS","Philosophy, values, meaning, and spiritual perspectives","L06","Practical experiment","Q28","कौन-सा डेटा अभी गायब है?","planned","not_researched","not_uploaded"
"2879","Batch_096","PHS","Philosophy, values, meaning, and spiritual perspectives","L06","Practical experiment","Q29","इससे जिज्ञासा कैसे बढ़ती है?","planned","not_researched","not_uploaded"
"2880","Batch_096","PHS","Philosophy, values, meaning, and spiritual perspectives","L06","Practical experiment","Q30","मुख्य सीख क्या है?","planned","not_researched","not_uploaded"
"2881","Batch_097","PHS","Philosophy, values, meaning, and spiritual perspectives","L07","Boundary condition","Q01","यह वास्तव में क्या है?","planned","not_researched","not_uploaded"
"2882","Batch_097","PHS","Philosophy, values, meaning, and spiritual perspectives","L07","Boundary condition","Q02","इसका सबसे आम भ्रम क्या है?","planned","not_researched","not_uploaded"
"2883","Batch_097","PHS","Philosophy, values, meaning, and spiritual perspectives","L07","Boundary condition","Q03","हम इसे रोज़मर्रा में कैसे पहचानते हैं?","planned","not_researched","not_uploaded"
"2884","Batch_097","PHS","Philosophy, values, meaning, and spiritual perspectives","L07","Boundary condition","Q04","इसके पीछे प्रस्तावित तंत्र क्या है?","planned","not_researched","not_uploaded"
"2885","Batch_097","PHS","Philosophy, values, meaning, and spiritual perspectives","L07","Boundary condition","Q05","कौन-सा प्रमाण सबसे मजबूत है?","planned","not_researched","not_uploaded"
"2886","Batch_097","PHS","Philosophy, values, meaning, and spiritual perspectives","L07","Boundary condition","Q06","किस बात पर शोध सहमत नहीं है?","planned","not_researched","not_uploaded"
"2887","Batch_097","PHS","Philosophy, values, meaning, and spiritual perspectives","L07","Boundary condition","Q07","कौन-सा छोटा, सुरक्षित अवलोकन किया जा सकता है?","planned","not_researched","not_uploaded"
"2888","Batch_097","PHS","Philosophy, values, meaning, and spiritual perspectives","L07","Boundary condition","Q08","यह आदत क्यों कठिन लगती है?","planned","not_researched","not_uploaded"
"2889","Batch_097","PHS","Philosophy, values, meaning, and spiritual perspectives","L07","Boundary condition","Q09","संदर्भ इसे कैसे बदलता है?","planned","not_researched","not_uploaded"
"2890","Batch_097","PHS","Philosophy, values, meaning, and spiritual perspectives","L07","Boundary condition","Q10","क्या यह कारण है या केवल संबंध?","planned","not_researched","not_uploaded"
"2891","Batch_097","PHS","Philosophy, values, meaning, and spiritual perspectives","L07","Boundary condition","Q11","भाषा इसे कैसे प्रभावित करती है?","planned","not_researched","not_uploaded"
"2892","Batch_097","PHS","Philosophy, values, meaning, and spiritual perspectives","L07","Boundary condition","Q12","समय के साथ यह कैसे बदलता है?","planned","not_researched","not_uploaded"
"2893","Batch_097","PHS","Philosophy, values, meaning, and spiritual perspectives","L07","Boundary condition","Q13","किस समूह पर निष्कर्ष लागू हुआ?","planned","not_researched","not_uploaded"
"2894","Batch_097","PHS","Philosophy, values, meaning, and spiritual perspectives","L07","Boundary condition","Q14","नापने में कठिनाई क्या है?","planned","not_researched","not_uploaded"
"2895","Batch_097","PHS","Philosophy, values, meaning, and spiritual perspectives","L07","Boundary condition","Q15","कौन-सी वैकल्पिक व्याख्या संभव है?","planned","not_researched","not_uploaded"
"2896","Batch_097","PHS","Philosophy, values, meaning, and spiritual perspectives","L07","Boundary condition","Q16","छोटी सफलता क्यों मायने रखती है?","planned","not_researched","not_uploaded"
"2897","Batch_097","PHS","Philosophy, values, meaning, and spiritual perspectives","L07","Boundary condition","Q17","कौन-सी सीमा उपयोगी है?","planned","not_researched","not_uploaded"
"2898","Batch_097","PHS","Philosophy, values, meaning, and spiritual perspectives","L07","Boundary condition","Q18","क्या विशेषज्ञों में मतभेद है?","planned","not_researched","not_uploaded"
"2899","Batch_097","PHS","Philosophy, values, meaning, and spiritual perspectives","L07","Boundary condition","Q19","प्रौद्योगिकी इसे कैसे बदलती है?","planned","not_researched","not_uploaded"
"2900","Batch_097","PHS","Philosophy, values, meaning, and spiritual perspectives","L07","Boundary condition","Q20","नींद, तनाव, या पर्यावरण की भूमिका क्या है?","planned","not_researched","not_uploaded"
"2901","Batch_097","PHS","Philosophy, values, meaning, and spiritual perspectives","L07","Boundary condition","Q21","हम अपने अनुमान कैसे जाँच सकते हैं?","planned","not_researched","not_uploaded"
"2902","Batch_097","PHS","Philosophy, values, meaning, and spiritual perspectives","L07","Boundary condition","Q22","इसे नैतिक रूप से कैसे समझें?","planned","not_researched","not_uploaded"
"2903","Batch_097","PHS","Philosophy, values, meaning, and spiritual perspectives","L07","Boundary condition","Q23","यह पहचान और भूमिका से कैसे जुड़ता है?","planned","not_researched","not_uploaded"
"2904","Batch_097","PHS","Philosophy, values, meaning, and spiritual perspectives","L07","Boundary condition","Q24","कब सहायता लेना ठीक है?","planned","not_researched","not_uploaded"
"2905","Batch_097","PHS","Philosophy, values, meaning, and spiritual perspectives","L07","Boundary condition","Q25","इस परंपरा का दृष्टिकोण क्या है?","planned","not_researched","not_uploaded"
"2906","Batch_097","PHS","Philosophy, values, meaning, and spiritual perspectives","L07","Boundary condition","Q26","विज्ञान इससे क्या अलग कहता है?","planned","not_researched","not_uploaded"
"2907","Batch_097","PHS","Philosophy, values, meaning, and spiritual perspectives","L07","Boundary condition","Q27","क्या छोटा परिवर्तन व्यवहार्य है?","planned","not_researched","not_uploaded"
"2908","Batch_097","PHS","Philosophy, values, meaning, and spiritual perspectives","L07","Boundary condition","Q28","कौन-सा डेटा अभी गायब है?","planned","not_researched","not_uploaded"
"2909","Batch_097","PHS","Philosophy, values, meaning, and spiritual perspectives","L07","Boundary condition","Q29","इससे जिज्ञासा कैसे बढ़ती है?","planned","not_researched","not_uploaded"
"2910","Batch_097","PHS","Philosophy, values, meaning, and spiritual perspectives","L07","Boundary condition","Q30","मुख्य सीख क्या है?","planned","not_researched","not_uploaded"
"2911","Batch_098","PHS","Philosophy, values, meaning, and spiritual perspectives","L08","History of an idea","Q01","यह वास्तव में क्या है?","planned","not_researched","not_uploaded"
"2912","Batch_098","PHS","Philosophy, values, meaning, and spiritual perspectives","L08","History of an idea","Q02","इसका सबसे आम भ्रम क्या है?","planned","not_researched","not_uploaded"
"2913","Batch_098","PHS","Philosophy, values, meaning, and spiritual perspectives","L08","History of an idea","Q03","हम इसे रोज़मर्रा में कैसे पहचानते हैं?","planned","not_researched","not_uploaded"
"2914","Batch_098","PHS","Philosophy, values, meaning, and spiritual perspectives","L08","History of an idea","Q04","इसके पीछे प्रस्तावित तंत्र क्या है?","planned","not_researched","not_uploaded"
"2915","Batch_098","PHS","Philosophy, values, meaning, and spiritual perspectives","L08","History of an idea","Q05","कौन-सा प्रमाण सबसे मजबूत है?","planned","not_researched","not_uploaded"
"2916","Batch_098","PHS","Philosophy, values, meaning, and spiritual perspectives","L08","History of an idea","Q06","किस बात पर शोध सहमत नहीं है?","planned","not_researched","not_uploaded"
"2917","Batch_098","PHS","Philosophy, values, meaning, and spiritual perspectives","L08","History of an idea","Q07","कौन-सा छोटा, सुरक्षित अवलोकन किया जा सकता है?","planned","not_researched","not_uploaded"
"2918","Batch_098","PHS","Philosophy, values, meaning, and spiritual perspectives","L08","History of an idea","Q08","यह आदत क्यों कठिन लगती है?","planned","not_researched","not_uploaded"
"2919","Batch_098","PHS","Philosophy, values, meaning, and spiritual perspectives","L08","History of an idea","Q09","संदर्भ इसे कैसे बदलता है?","planned","not_researched","not_uploaded"
"2920","Batch_098","PHS","Philosophy, values, meaning, and spiritual perspectives","L08","History of an idea","Q10","क्या यह कारण है या केवल संबंध?","planned","not_researched","not_uploaded"
"2921","Batch_098","PHS","Philosophy, values, meaning, and spiritual perspectives","L08","History of an idea","Q11","भाषा इसे कैसे प्रभावित करती है?","planned","not_researched","not_uploaded"
"2922","Batch_098","PHS","Philosophy, values, meaning, and spiritual perspectives","L08","History of an idea","Q12","समय के साथ यह कैसे बदलता है?","planned","not_researched","not_uploaded"
"2923","Batch_098","PHS","Philosophy, values, meaning, and spiritual perspectives","L08","History of an idea","Q13","किस समूह पर निष्कर्ष लागू हुआ?","planned","not_researched","not_uploaded"
"2924","Batch_098","PHS","Philosophy, values, meaning, and spiritual perspectives","L08","History of an idea","Q14","नापने में कठिनाई क्या है?","planned","not_researched","not_uploaded"
"2925","Batch_098","PHS","Philosophy, values, meaning, and spiritual perspectives","L08","History of an idea","Q15","कौन-सी वैकल्पिक व्याख्या संभव है?","planned","not_researched","not_uploaded"
"2926","Batch_098","PHS","Philosophy, values, meaning, and spiritual perspectives","L08","History of an idea","Q16","छोटी सफलता क्यों मायने रखती है?","planned","not_researched","not_uploaded"
"2927","Batch_098","PHS","Philosophy, values, meaning, and spiritual perspectives","L08","History of an idea","Q17","कौन-सी सीमा उपयोगी है?","planned","not_researched","not_uploaded"
"2928","Batch_098","PHS","Philosophy, values, meaning, and spiritual perspectives","L08","History of an idea","Q18","क्या विशेषज्ञों में मतभेद है?","planned","not_researched","not_uploaded"
"2929","Batch_098","PHS","Philosophy, values, meaning, and spiritual perspectives","L08","History of an idea","Q19","प्रौद्योगिकी इसे कैसे बदलती है?","planned","not_researched","not_uploaded"
"2930","Batch_098","PHS","Philosophy, values, meaning, and spiritual perspectives","L08","History of an idea","Q20","नींद, तनाव, या पर्यावरण की भूमिका क्या है?","planned","not_researched","not_uploaded"
"2931","Batch_098","PHS","Philosophy, values, meaning, and spiritual perspectives","L08","History of an idea","Q21","हम अपने अनुमान कैसे जाँच सकते हैं?","planned","not_researched","not_uploaded"
"2932","Batch_098","PHS","Philosophy, values, meaning, and spiritual perspectives","L08","History of an idea","Q22","इसे नैतिक रूप से कैसे समझें?","planned","not_researched","not_uploaded"
"2933","Batch_098","PHS","Philosophy, values, meaning, and spiritual perspectives","L08","History of an idea","Q23","यह पहचान और भूमिका से कैसे जुड़ता है?","planned","not_researched","not_uploaded"
"2934","Batch_098","PHS","Philosophy, values, meaning, and spiritual perspectives","L08","History of an idea","Q24","कब सहायता लेना ठीक है?","planned","not_researched","not_uploaded"
"2935","Batch_098","PHS","Philosophy, values, meaning, and spiritual perspectives","L08","History of an idea","Q25","इस परंपरा का दृष्टिकोण क्या है?","planned","not_researched","not_uploaded"
"2936","Batch_098","PHS","Philosophy, values, meaning, and spiritual perspectives","L08","History of an idea","Q26","विज्ञान इससे क्या अलग कहता है?","planned","not_researched","not_uploaded"
"2937","Batch_098","PHS","Philosophy, values, meaning, and spiritual perspectives","L08","History of an idea","Q27","क्या छोटा परिवर्तन व्यवहार्य है?","planned","not_researched","not_uploaded"
"2938","Batch_098","PHS","Philosophy, values, meaning, and spiritual perspectives","L08","History of an idea","Q28","कौन-सा डेटा अभी गायब है?","planned","not_researched","not_uploaded"
"2939","Batch_098","PHS","Philosophy, values, meaning, and spiritual perspectives","L08","History of an idea","Q29","इससे जिज्ञासा कैसे बढ़ती है?","planned","not_researched","not_uploaded"
"2940","Batch_098","PHS","Philosophy, values, meaning, and spiritual perspectives","L08","History of an idea","Q30","मुख्य सीख क्या है?","planned","not_researched","not_uploaded"
"2941","Batch_099","PHS","Philosophy, values, meaning, and spiritual perspectives","L09","Cross-cultural perspective","Q01","यह वास्तव में क्या है?","planned","not_researched","not_uploaded"
"2942","Batch_099","PHS","Philosophy, values, meaning, and spiritual perspectives","L09","Cross-cultural perspective","Q02","इसका सबसे आम भ्रम क्या है?","planned","not_researched","not_uploaded"
"2943","Batch_099","PHS","Philosophy, values, meaning, and spiritual perspectives","L09","Cross-cultural perspective","Q03","हम इसे रोज़मर्रा में कैसे पहचानते हैं?","planned","not_researched","not_uploaded"
"2944","Batch_099","PHS","Philosophy, values, meaning, and spiritual perspectives","L09","Cross-cultural perspective","Q04","इसके पीछे प्रस्तावित तंत्र क्या है?","planned","not_researched","not_uploaded"
"2945","Batch_099","PHS","Philosophy, values, meaning, and spiritual perspectives","L09","Cross-cultural perspective","Q05","कौन-सा प्रमाण सबसे मजबूत है?","planned","not_researched","not_uploaded"
"2946","Batch_099","PHS","Philosophy, values, meaning, and spiritual perspectives","L09","Cross-cultural perspective","Q06","किस बात पर शोध सहमत नहीं है?","planned","not_researched","not_uploaded"
"2947","Batch_099","PHS","Philosophy, values, meaning, and spiritual perspectives","L09","Cross-cultural perspective","Q07","कौन-सा छोटा, सुरक्षित अवलोकन किया जा सकता है?","planned","not_researched","not_uploaded"
"2948","Batch_099","PHS","Philosophy, values, meaning, and spiritual perspectives","L09","Cross-cultural perspective","Q08","यह आदत क्यों कठिन लगती है?","planned","not_researched","not_uploaded"
"2949","Batch_099","PHS","Philosophy, values, meaning, and spiritual perspectives","L09","Cross-cultural perspective","Q09","संदर्भ इसे कैसे बदलता है?","planned","not_researched","not_uploaded"
"2950","Batch_099","PHS","Philosophy, values, meaning, and spiritual perspectives","L09","Cross-cultural perspective","Q10","क्या यह कारण है या केवल संबंध?","planned","not_researched","not_uploaded"
"2951","Batch_099","PHS","Philosophy, values, meaning, and spiritual perspectives","L09","Cross-cultural perspective","Q11","भाषा इसे कैसे प्रभावित करती है?","planned","not_researched","not_uploaded"
"2952","Batch_099","PHS","Philosophy, values, meaning, and spiritual perspectives","L09","Cross-cultural perspective","Q12","समय के साथ यह कैसे बदलता है?","planned","not_researched","not_uploaded"
"2953","Batch_099","PHS","Philosophy, values, meaning, and spiritual perspectives","L09","Cross-cultural perspective","Q13","किस समूह पर निष्कर्ष लागू हुआ?","planned","not_researched","not_uploaded"
"2954","Batch_099","PHS","Philosophy, values, meaning, and spiritual perspectives","L09","Cross-cultural perspective","Q14","नापने में कठिनाई क्या है?","planned","not_researched","not_uploaded"
"2955","Batch_099","PHS","Philosophy, values, meaning, and spiritual perspectives","L09","Cross-cultural perspective","Q15","कौन-सी वैकल्पिक व्याख्या संभव है?","planned","not_researched","not_uploaded"
"2956","Batch_099","PHS","Philosophy, values, meaning, and spiritual perspectives","L09","Cross-cultural perspective","Q16","छोटी सफलता क्यों मायने रखती है?","planned","not_researched","not_uploaded"
"2957","Batch_099","PHS","Philosophy, values, meaning, and spiritual perspectives","L09","Cross-cultural perspective","Q17","कौन-सी सीमा उपयोगी है?","planned","not_researched","not_uploaded"
"2958","Batch_099","PHS","Philosophy, values, meaning, and spiritual perspectives","L09","Cross-cultural perspective","Q18","क्या विशेषज्ञों में मतभेद है?","planned","not_researched","not_uploaded"
"2959","Batch_099","PHS","Philosophy, values, meaning, and spiritual perspectives","L09","Cross-cultural perspective","Q19","प्रौद्योगिकी इसे कैसे बदलती है?","planned","not_researched","not_uploaded"
"2960","Batch_099","PHS","Philosophy, values, meaning, and spiritual perspectives","L09","Cross-cultural perspective","Q20","नींद, तनाव, या पर्यावरण की भूमिका क्या है?","planned","not_researched","not_uploaded"
"2961","Batch_099","PHS","Philosophy, values, meaning, and spiritual perspectives","L09","Cross-cultural perspective","Q21","हम अपने अनुमान कैसे जाँच सकते हैं?","planned","not_researched","not_uploaded"
"2962","Batch_099","PHS","Philosophy, values, meaning, and spiritual perspectives","L09","Cross-cultural perspective","Q22","इसे नैतिक रूप से कैसे समझें?","planned","not_researched","not_uploaded"
"2963","Batch_099","PHS","Philosophy, values, meaning, and spiritual perspectives","L09","Cross-cultural perspective","Q23","यह पहचान और भूमिका से कैसे जुड़ता है?","planned","not_researched","not_uploaded"
"2964","Batch_099","PHS","Philosophy, values, meaning, and spiritual perspectives","L09","Cross-cultural perspective","Q24","कब सहायता लेना ठीक है?","planned","not_researched","not_uploaded"
"2965","Batch_099","PHS","Philosophy, values, meaning, and spiritual perspectives","L09","Cross-cultural perspective","Q25","इस परंपरा का दृष्टिकोण क्या है?","planned","not_researched","not_uploaded"
"2966","Batch_099","PHS","Philosophy, values, meaning, and spiritual perspectives","L09","Cross-cultural perspective","Q26","विज्ञान इससे क्या अलग कहता है?","planned","not_researched","not_uploaded"
"2967","Batch_099","PHS","Philosophy, values, meaning, and spiritual perspectives","L09","Cross-cultural perspective","Q27","क्या छोटा परिवर्तन व्यवहार्य है?","planned","not_researched","not_uploaded"
"2968","Batch_099","PHS","Philosophy, values, meaning, and spiritual perspectives","L09","Cross-cultural perspective","Q28","कौन-सा डेटा अभी गायब है?","planned","not_researched","not_uploaded"
"2969","Batch_099","PHS","Philosophy, values, meaning, and spiritual perspectives","L09","Cross-cultural perspective","Q29","इससे जिज्ञासा कैसे बढ़ती है?","planned","not_researched","not_uploaded"
"2970","Batch_099","PHS","Philosophy, values, meaning, and spiritual perspectives","L09","Cross-cultural perspective","Q30","मुख्य सीख क्या है?","planned","not_researched","not_uploaded"
"2971","Batch_100","PHS","Philosophy, values, meaning, and spiritual perspectives","L10","Ethical implication","Q01","यह वास्तव में क्या है?","planned","not_researched","not_uploaded"
"2972","Batch_100","PHS","Philosophy, values, meaning, and spiritual perspectives","L10","Ethical implication","Q02","इसका सबसे आम भ्रम क्या है?","planned","not_researched","not_uploaded"
"2973","Batch_100","PHS","Philosophy, values, meaning, and spiritual perspectives","L10","Ethical implication","Q03","हम इसे रोज़मर्रा में कैसे पहचानते हैं?","planned","not_researched","not_uploaded"
"2974","Batch_100","PHS","Philosophy, values, meaning, and spiritual perspectives","L10","Ethical implication","Q04","इसके पीछे प्रस्तावित तंत्र क्या है?","planned","not_researched","not_uploaded"
"2975","Batch_100","PHS","Philosophy, values, meaning, and spiritual perspectives","L10","Ethical implication","Q05","कौन-सा प्रमाण सबसे मजबूत है?","planned","not_researched","not_uploaded"
"2976","Batch_100","PHS","Philosophy, values, meaning, and spiritual perspectives","L10","Ethical implication","Q06","किस बात पर शोध सहमत नहीं है?","planned","not_researched","not_uploaded"
"2977","Batch_100","PHS","Philosophy, values, meaning, and spiritual perspectives","L10","Ethical implication","Q07","कौन-सा छोटा, सुरक्षित अवलोकन किया जा सकता है?","planned","not_researched","not_uploaded"
"2978","Batch_100","PHS","Philosophy, values, meaning, and spiritual perspectives","L10","Ethical implication","Q08","यह आदत क्यों कठिन लगती है?","planned","not_researched","not_uploaded"
"2979","Batch_100","PHS","Philosophy, values, meaning, and spiritual perspectives","L10","Ethical implication","Q09","संदर्भ इसे कैसे बदलता है?","planned","not_researched","not_uploaded"
"2980","Batch_100","PHS","Philosophy, values, meaning, and spiritual perspectives","L10","Ethical implication","Q10","क्या यह कारण है या केवल संबंध?","planned","not_researched","not_uploaded"
"2981","Batch_100","PHS","Philosophy, values, meaning, and spiritual perspectives","L10","Ethical implication","Q11","भाषा इसे कैसे प्रभावित करती है?","planned","not_researched","not_uploaded"
"2982","Batch_100","PHS","Philosophy, values, meaning, and spiritual perspectives","L10","Ethical implication","Q12","समय के साथ यह कैसे बदलता है?","planned","not_researched","not_uploaded"
"2983","Batch_100","PHS","Philosophy, values, meaning, and spiritual perspectives","L10","Ethical implication","Q13","किस समूह पर निष्कर्ष लागू हुआ?","planned","not_researched","not_uploaded"
"2984","Batch_100","PHS","Philosophy, values, meaning, and spiritual perspectives","L10","Ethical implication","Q14","नापने में कठिनाई क्या है?","planned","not_researched","not_uploaded"
"2985","Batch_100","PHS","Philosophy, values, meaning, and spiritual perspectives","L10","Ethical implication","Q15","कौन-सी वैकल्पिक व्याख्या संभव है?","planned","not_researched","not_uploaded"
"2986","Batch_100","PHS","Philosophy, values, meaning, and spiritual perspectives","L10","Ethical implication","Q16","छोटी सफलता क्यों मायने रखती है?","planned","not_researched","not_uploaded"
"2987","Batch_100","PHS","Philosophy, values, meaning, and spiritual perspectives","L10","Ethical implication","Q17","कौन-सी सीमा उपयोगी है?","planned","not_researched","not_uploaded"
"2988","Batch_100","PHS","Philosophy, values, meaning, and spiritual perspectives","L10","Ethical implication","Q18","क्या विशेषज्ञों में मतभेद है?","planned","not_researched","not_uploaded"
"2989","Batch_100","PHS","Philosophy, values, meaning, and spiritual perspectives","L10","Ethical implication","Q19","प्रौद्योगिकी इसे कैसे बदलती है?","planned","not_researched","not_uploaded"
"2990","Batch_100","PHS","Philosophy, values, meaning, and spiritual perspectives","L10","Ethical implication","Q20","नींद, तनाव, या पर्यावरण की भूमिका क्या है?","planned","not_researched","not_uploaded"
"2991","Batch_100","PHS","Philosophy, values, meaning, and spiritual perspectives","L10","Ethical implication","Q21","हम अपने अनुमान कैसे जाँच सकते हैं?","planned","not_researched","not_uploaded"
"2992","Batch_100","PHS","Philosophy, values, meaning, and spiritual perspectives","L10","Ethical implication","Q22","इसे नैतिक रूप से कैसे समझें?","planned","not_researched","not_uploaded"
"2993","Batch_100","PHS","Philosophy, values, meaning, and spiritual perspectives","L10","Ethical implication","Q23","यह पहचान और भूमिका से कैसे जुड़ता है?","planned","not_researched","not_uploaded"
"2994","Batch_100","PHS","Philosophy, values, meaning, and spiritual perspectives","L10","Ethical implication","Q24","कब सहायता लेना ठीक है?","planned","not_researched","not_uploaded"
"2995","Batch_100","PHS","Philosophy, values, meaning, and spiritual perspectives","L10","Ethical implication","Q25","इस परंपरा का दृष्टिकोण क्या है?","planned","not_researched","not_uploaded"
"2996","Batch_100","PHS","Philosophy, values, meaning, and spiritual perspectives","L10","Ethical implication","Q26","विज्ञान इससे क्या अलग कहता है?","planned","not_researched","not_uploaded"
"2997","Batch_100","PHS","Philosophy, values, meaning, and spiritual perspectives","L10","Ethical implication","Q27","क्या छोटा परिवर्तन व्यवहार्य है?","planned","not_researched","not_uploaded"
"2998","Batch_100","PHS","Philosophy, values, meaning, and spiritual perspectives","L10","Ethical implication","Q28","कौन-सा डेटा अभी गायब है?","planned","not_researched","not_uploaded"
"2999","Batch_100","PHS","Philosophy, values, meaning, and spiritual perspectives","L10","Ethical implication","Q29","इससे जिज्ञासा कैसे बढ़ती है?","planned","not_researched","not_uploaded"
"3000","Batch_100","PHS","Philosophy, values, meaning, and spiritual perspectives","L10","Ethical implication","Q30","मुख्य सीख क्या है?","planned","not_researched","not_uploaded"
